2026-08-05 20:07:06,788 | INFO | Iniciando proceso ETL...
2026-08-05 20:07:06,789 | INFO | Paso 1/4: extrayendo datos del origen...
2026-08-05 20:07:10,961 | ERROR | Proceso ETL fallido: (mysql.connector.errors.DatabaseError) 2003 (HY000): Can't connect to MySQL server on 'localhost:3306' (10061)
(Background on this error at: https://sqlalche.me/e/20/4xp6)
2026-08-05 20:07:31,668 | INFO | Iniciando proceso ETL...
2026-08-05 20:07:31,668 | INFO | Paso 1/4: extrayendo datos del origen...
2026-08-05 20:07:31,818 | INFO | Paso 2/4: transformando datos...
2026-08-05 20:07:31,835 | INFO | Paso 3/4: cargando datos en la base de destino...
2026-08-05 20:07:31,922 | INFO | Nuevas transacciones cargadas : 0
2026-08-05 20:07:31,922 | INFO | Paso 4/4: generando reporte del proceso...
2026-08-05 20:07:31,922 | INFO | ----- REPORTE DE CARGA -----
2026-08-05 20:07:31,922 | INFO | Fondos cargados: 5
2026-08-05 20:07:31,922 | INFO | Inversores cargados correctamente: 87
2026-08-05 20:07:31,922 | INFO | Transacciones cargadas correctamente: 6956
2026-08-05 20:07:31,922 | WARNING | Inversores descartados: 13
2026-08-05 20:07:31,923 | WARNING |  Inversion id 106: Email vacío o nulo
2026-08-05 20:07:31,924 | WARNING |  Inversion id 107: Email vacío o nulo
2026-08-05 20:07:31,924 | WARNING |  Inversion id 112: Email vacío o nulo
2026-08-05 20:07:31,924 | WARNING |  Inversion id 118: Email vacío o nulo
2026-08-05 20:07:31,924 | WARNING |  Inversion id 129: Email vacío o nulo
2026-08-05 20:07:31,924 | WARNING |  Inversion id 134: Email vacío o nulo
2026-08-05 20:07:31,924 | WARNING |  Inversion id 135: Email vacío o nulo
2026-08-05 20:07:31,924 | WARNING |  Inversion id 145: Email vacío o nulo
2026-08-05 20:07:31,925 | WARNING |  Inversion id 149: Email vacío o nulo
2026-08-05 20:07:31,925 | WARNING |  Inversion id 171: Email vacío o nulo
2026-08-05 20:07:31,925 | WARNING |  Inversion id 183: Email vacío o nulo
2026-08-05 20:07:31,925 | WARNING |  Inversion id 187: Email vacío o nulo
2026-08-05 20:07:31,925 | WARNING |  Inversion id 198: Email vacío o nulo
2026-08-05 20:07:31,925 | WARNING | Transacciones descartadas: 3094
2026-08-05 20:07:31,925 | WARNING |  Transacción id 4: Monto <= 0
2026-08-05 20:07:31,926 | WARNING |  Transacción id 6: Monto <= 0
2026-08-05 20:07:31,926 | WARNING |  Transacción id 7: Monto <= 0
2026-08-05 20:07:31,926 | WARNING |  Transacción id 9: Inversor inválido
2026-08-05 20:07:31,926 | WARNING |  Transacción id 11: Monto <= 0
2026-08-05 20:07:31,926 | WARNING |  Transacción id 12: Inversor inválido
2026-08-05 20:07:31,926 | WARNING |  Transacción id 15: Inversor inválido
2026-08-05 20:07:31,926 | WARNING |  Transacción id 16: Monto <= 0
2026-08-05 20:07:31,926 | WARNING |  Transacción id 20: Monto <= 0
2026-08-05 20:07:31,926 | WARNING |  Transacción id 26: Monto <= 0
2026-08-05 20:07:31,926 | WARNING |  Transacción id 29: Monto <= 0
2026-08-05 20:07:31,927 | WARNING |  Transacción id 30: Monto <= 0
2026-08-05 20:07:31,927 | WARNING |  Transacción id 32: Monto <= 0
2026-08-05 20:07:31,927 | WARNING |  Transacción id 34: Monto <= 0
2026-08-05 20:07:31,927 | WARNING |  Transacción id 39: Monto <= 0
2026-08-05 20:07:31,927 | WARNING |  Transacción id 42: Inversor inválido
2026-08-05 20:07:31,927 | WARNING |  Transacción id 43: Monto <= 0
2026-08-05 20:07:31,927 | WARNING |  Transacción id 44: Inversor inválido
2026-08-05 20:07:31,927 | WARNING |  Transacción id 49: Monto <= 0
2026-08-05 20:07:31,928 | WARNING |  Transacción id 50: Monto <= 0
2026-08-05 20:07:31,928 | WARNING |  Transacción id 51: Monto <= 0
2026-08-05 20:07:31,928 | WARNING |  Transacción id 56: Monto <= 0
2026-08-05 20:07:31,928 | WARNING |  Transacción id 60: Inversor inválido
2026-08-05 20:07:31,928 | WARNING |  Transacción id 64: Monto <= 0
2026-08-05 20:07:31,928 | WARNING |  Transacción id 65: Inversor inválido
2026-08-05 20:07:31,928 | WARNING |  Transacción id 66: Monto <= 0
2026-08-05 20:07:31,928 | WARNING |  Transacción id 67: Monto <= 0
2026-08-05 20:07:31,928 | WARNING |  Transacción id 68: Monto <= 0
2026-08-05 20:07:31,929 | WARNING |  Transacción id 77: Monto <= 0
2026-08-05 20:07:31,929 | WARNING |  Transacción id 79: Monto <= 0
2026-08-05 20:07:31,929 | WARNING |  Transacción id 81: Inversor inválido
2026-08-05 20:07:31,929 | WARNING |  Transacción id 82: Monto <= 0
2026-08-05 20:07:31,929 | WARNING |  Transacción id 84: Monto <= 0
2026-08-05 20:07:31,929 | WARNING |  Transacción id 85: Inversor inválido
2026-08-05 20:07:31,929 | WARNING |  Transacción id 87: Monto <= 0
2026-08-05 20:07:31,929 | WARNING |  Transacción id 89: Monto <= 0
2026-08-05 20:07:31,929 | WARNING |  Transacción id 95: Monto <= 0
2026-08-05 20:07:31,929 | WARNING |  Transacción id 103: Inversor inválido
2026-08-05 20:07:31,930 | WARNING |  Transacción id 106: Monto <= 0
2026-08-05 20:07:31,930 | WARNING |  Transacción id 107: Inversor inválido
2026-08-05 20:07:31,930 | WARNING |  Transacción id 109: Monto <= 0
2026-08-05 20:07:31,930 | WARNING |  Transacción id 113: Monto <= 0
2026-08-05 20:07:31,930 | WARNING |  Transacción id 116: Monto <= 0
2026-08-05 20:07:31,930 | WARNING |  Transacción id 121: Monto <= 0
2026-08-05 20:07:31,930 | WARNING |  Transacción id 122: Inversor inválido
2026-08-05 20:07:31,930 | WARNING |  Transacción id 123: Monto <= 0
2026-08-05 20:07:31,931 | WARNING |  Transacción id 131: Monto <= 0
2026-08-05 20:07:31,931 | WARNING |  Transacción id 134: Monto <= 0
2026-08-05 20:07:31,931 | WARNING |  Transacción id 137: Monto <= 0
2026-08-05 20:07:31,931 | WARNING |  Transacción id 139: Monto <= 0
2026-08-05 20:07:31,931 | WARNING |  Transacción id 142: Monto <= 0
2026-08-05 20:07:31,931 | WARNING |  Transacción id 143: Monto <= 0
2026-08-05 20:07:31,931 | WARNING |  Transacción id 144: Monto <= 0
2026-08-05 20:07:31,931 | WARNING |  Transacción id 153: Inversor inválido
2026-08-05 20:07:31,932 | WARNING |  Transacción id 159: Monto <= 0
2026-08-05 20:07:31,932 | WARNING |  Transacción id 164: Monto <= 0
2026-08-05 20:07:31,932 | WARNING |  Transacción id 166: Inversor inválido
2026-08-05 20:07:31,932 | WARNING |  Transacción id 170: Monto <= 0
2026-08-05 20:07:31,932 | WARNING |  Transacción id 175: Inversor inválido
2026-08-05 20:07:31,932 | WARNING |  Transacción id 177: Monto <= 0
2026-08-05 20:07:31,932 | WARNING |  Transacción id 185: Monto <= 0
2026-08-05 20:07:31,932 | WARNING |  Transacción id 186: Monto <= 0
2026-08-05 20:07:31,932 | WARNING |  Transacción id 190: Inversor inválido
2026-08-05 20:07:31,933 | WARNING |  Transacción id 194: Monto <= 0
2026-08-05 20:07:31,933 | WARNING |  Transacción id 199: Inversor inválido
2026-08-05 20:07:31,933 | WARNING |  Transacción id 200: Inversor inválido
2026-08-05 20:07:31,933 | WARNING |  Transacción id 201: Monto <= 0
2026-08-05 20:07:31,933 | WARNING |  Transacción id 203: Inversor inválido
2026-08-05 20:07:31,933 | WARNING |  Transacción id 211: Monto <= 0
2026-08-05 20:07:31,933 | WARNING |  Transacción id 215: Monto <= 0
2026-08-05 20:07:31,933 | WARNING |  Transacción id 216: Monto <= 0
2026-08-05 20:07:31,934 | WARNING |  Transacción id 217: Monto <= 0
2026-08-05 20:07:31,934 | WARNING |  Transacción id 218: Monto <= 0
2026-08-05 20:07:31,934 | WARNING |  Transacción id 222: Monto <= 0
2026-08-05 20:07:31,934 | WARNING |  Transacción id 226: Inversor inválido
2026-08-05 20:07:31,934 | WARNING |  Transacción id 228: Inversor inválido
2026-08-05 20:07:31,934 | WARNING |  Transacción id 233: Monto <= 0
2026-08-05 20:07:31,934 | WARNING |  Transacción id 235: Monto <= 0
2026-08-05 20:07:31,934 | WARNING |  Transacción id 237: Monto <= 0
2026-08-05 20:07:31,934 | WARNING |  Transacción id 238: Monto <= 0
2026-08-05 20:07:31,935 | WARNING |  Transacción id 239: Inversor inválido
2026-08-05 20:07:31,935 | WARNING |  Transacción id 240: Monto <= 0
2026-08-05 20:07:31,935 | WARNING |  Transacción id 243: Monto <= 0
2026-08-05 20:07:31,935 | WARNING |  Transacción id 244: Monto <= 0
2026-08-05 20:07:31,935 | WARNING |  Transacción id 248: Monto <= 0
2026-08-05 20:07:31,935 | WARNING |  Transacción id 257: Monto <= 0
2026-08-05 20:07:31,935 | WARNING |  Transacción id 258: Monto <= 0
2026-08-05 20:07:31,935 | WARNING |  Transacción id 259: Monto <= 0
2026-08-05 20:07:31,935 | WARNING |  Transacción id 263: Inversor inválido
2026-08-05 20:07:31,935 | WARNING |  Transacción id 266: Monto <= 0
2026-08-05 20:07:31,936 | WARNING |  Transacción id 267: Monto <= 0
2026-08-05 20:07:31,936 | WARNING |  Transacción id 271: Monto <= 0
2026-08-05 20:07:31,936 | WARNING |  Transacción id 277: Monto <= 0
2026-08-05 20:07:31,936 | WARNING |  Transacción id 281: Monto <= 0
2026-08-05 20:07:31,936 | WARNING |  Transacción id 283: Monto <= 0
2026-08-05 20:07:31,936 | WARNING |  Transacción id 285: Inversor inválido
2026-08-05 20:07:31,936 | WARNING |  Transacción id 294: Monto <= 0
2026-08-05 20:07:31,936 | WARNING |  Transacción id 295: Monto <= 0
2026-08-05 20:07:31,936 | WARNING |  Transacción id 298: Monto <= 0
2026-08-05 20:07:31,937 | WARNING |  Transacción id 304: Monto <= 0
2026-08-05 20:07:31,937 | WARNING |  Transacción id 305: Inversor inválido
2026-08-05 20:07:31,937 | WARNING |  Transacción id 306: Monto <= 0
2026-08-05 20:07:31,937 | WARNING |  Transacción id 308: Monto <= 0
2026-08-05 20:07:31,937 | WARNING |  Transacción id 310: Inversor inválido
2026-08-05 20:07:31,937 | WARNING |  Transacción id 314: Monto <= 0
2026-08-05 20:07:31,937 | WARNING |  Transacción id 317: Inversor inválido
2026-08-05 20:07:31,937 | WARNING |  Transacción id 318: Inversor inválido
2026-08-05 20:07:31,937 | WARNING |  Transacción id 319: Monto <= 0
2026-08-05 20:07:31,938 | WARNING |  Transacción id 324: Monto <= 0
2026-08-05 20:07:31,938 | WARNING |  Transacción id 325: Monto <= 0
2026-08-05 20:07:31,938 | WARNING |  Transacción id 326: Monto <= 0
2026-08-05 20:07:31,938 | WARNING |  Transacción id 327: Monto <= 0
2026-08-05 20:07:31,938 | WARNING |  Transacción id 328: Monto <= 0
2026-08-05 20:07:31,938 | WARNING |  Transacción id 331: Inversor inválido
2026-08-05 20:07:31,938 | WARNING |  Transacción id 339: Monto <= 0
2026-08-05 20:07:31,938 | WARNING |  Transacción id 341: Monto <= 0
2026-08-05 20:07:31,939 | WARNING |  Transacción id 342: Monto <= 0
2026-08-05 20:07:31,939 | WARNING |  Transacción id 345: Monto <= 0
2026-08-05 20:07:31,939 | WARNING |  Transacción id 351: Monto <= 0
2026-08-05 20:07:31,939 | WARNING |  Transacción id 355: Inversor inválido
2026-08-05 20:07:31,939 | WARNING |  Transacción id 356: Monto <= 0
2026-08-05 20:07:31,939 | WARNING |  Transacción id 362: Inversor inválido
2026-08-05 20:07:31,939 | WARNING |  Transacción id 365: Monto <= 0
2026-08-05 20:07:31,939 | WARNING |  Transacción id 376: Monto <= 0
2026-08-05 20:07:31,939 | WARNING |  Transacción id 379: Monto <= 0
2026-08-05 20:07:31,939 | WARNING |  Transacción id 380: Monto <= 0
2026-08-05 20:07:31,940 | WARNING |  Transacción id 381: Inversor inválido
2026-08-05 20:07:31,940 | WARNING |  Transacción id 384: Inversor inválido
2026-08-05 20:07:31,940 | WARNING |  Transacción id 388: Inversor inválido
2026-08-05 20:07:31,940 | WARNING |  Transacción id 392: Monto <= 0
2026-08-05 20:07:31,940 | WARNING |  Transacción id 398: Inversor inválido
2026-08-05 20:07:31,940 | WARNING |  Transacción id 403: Inversor inválido
2026-08-05 20:07:31,940 | WARNING |  Transacción id 407: Inversor inválido
2026-08-05 20:07:31,940 | WARNING |  Transacción id 409: Inversor inválido
2026-08-05 20:07:31,940 | WARNING |  Transacción id 411: Inversor inválido
2026-08-05 20:07:31,941 | WARNING |  Transacción id 412: Monto <= 0
2026-08-05 20:07:31,941 | WARNING |  Transacción id 415: Monto <= 0
2026-08-05 20:07:31,941 | WARNING |  Transacción id 424: Monto <= 0
2026-08-05 20:07:31,941 | WARNING |  Transacción id 425: Monto <= 0
2026-08-05 20:07:31,941 | WARNING |  Transacción id 429: Monto <= 0
2026-08-05 20:07:31,941 | WARNING |  Transacción id 432: Monto <= 0
2026-08-05 20:07:31,941 | WARNING |  Transacción id 437: Monto <= 0
2026-08-05 20:07:31,941 | WARNING |  Transacción id 448: Monto <= 0
2026-08-05 20:07:31,941 | WARNING |  Transacción id 450: Monto <= 0
2026-08-05 20:07:31,942 | WARNING |  Transacción id 452: Monto <= 0
2026-08-05 20:07:31,942 | WARNING |  Transacción id 453: Inversor inválido
2026-08-05 20:07:31,942 | WARNING |  Transacción id 454: Inversor inválido
2026-08-05 20:07:31,942 | WARNING |  Transacción id 455: Monto <= 0
2026-08-05 20:07:31,942 | WARNING |  Transacción id 457: Monto <= 0
2026-08-05 20:07:31,942 | WARNING |  Transacción id 459: Monto <= 0
2026-08-05 20:07:31,942 | WARNING |  Transacción id 471: Monto <= 0
2026-08-05 20:07:31,942 | WARNING |  Transacción id 477: Monto <= 0
2026-08-05 20:07:31,942 | WARNING |  Transacción id 483: Monto <= 0
2026-08-05 20:07:31,943 | WARNING |  Transacción id 484: Inversor inválido
2026-08-05 20:07:31,943 | WARNING |  Transacción id 490: Monto <= 0
2026-08-05 20:07:31,943 | WARNING |  Transacción id 505: Monto <= 0
2026-08-05 20:07:31,943 | WARNING |  Transacción id 506: Monto <= 0
2026-08-05 20:07:31,943 | WARNING |  Transacción id 508: Monto <= 0
2026-08-05 20:07:31,943 | WARNING |  Transacción id 509: Inversor inválido
2026-08-05 20:07:31,943 | WARNING |  Transacción id 511: Monto <= 0
2026-08-05 20:07:31,943 | WARNING |  Transacción id 514: Inversor inválido
2026-08-05 20:07:31,943 | WARNING |  Transacción id 515: Monto <= 0
2026-08-05 20:07:31,943 | WARNING |  Transacción id 518: Monto <= 0
2026-08-05 20:07:31,943 | WARNING |  Transacción id 520: Inversor inválido
2026-08-05 20:07:31,944 | WARNING |  Transacción id 525: Monto <= 0
2026-08-05 20:07:31,944 | WARNING |  Transacción id 532: Inversor inválido
2026-08-05 20:07:31,944 | WARNING |  Transacción id 533: Monto <= 0
2026-08-05 20:07:31,944 | WARNING |  Transacción id 536: Monto <= 0
2026-08-05 20:07:31,944 | WARNING |  Transacción id 540: Inversor inválido
2026-08-05 20:07:31,944 | WARNING |  Transacción id 543: Inversor inválido
2026-08-05 20:07:31,944 | WARNING |  Transacción id 544: Inversor inválido
2026-08-05 20:07:31,944 | WARNING |  Transacción id 545: Monto <= 0
2026-08-05 20:07:31,944 | WARNING |  Transacción id 547: Monto <= 0
2026-08-05 20:07:31,945 | WARNING |  Transacción id 552: Monto <= 0
2026-08-05 20:07:31,945 | WARNING |  Transacción id 554: Monto <= 0
2026-08-05 20:07:31,945 | WARNING |  Transacción id 555: Monto <= 0
2026-08-05 20:07:31,945 | WARNING |  Transacción id 557: Monto <= 0
2026-08-05 20:07:31,945 | WARNING |  Transacción id 558: Monto <= 0
2026-08-05 20:07:31,945 | WARNING |  Transacción id 566: Inversor inválido
2026-08-05 20:07:31,945 | WARNING |  Transacción id 574: Monto <= 0
2026-08-05 20:07:31,945 | WARNING |  Transacción id 575: Inversor inválido
2026-08-05 20:07:31,945 | WARNING |  Transacción id 576: Monto <= 0
2026-08-05 20:07:31,946 | WARNING |  Transacción id 578: Monto <= 0
2026-08-05 20:07:31,946 | WARNING |  Transacción id 581: Monto <= 0
2026-08-05 20:07:31,946 | WARNING |  Transacción id 583: Inversor inválido
2026-08-05 20:07:31,946 | WARNING |  Transacción id 584: Inversor inválido
2026-08-05 20:07:31,946 | WARNING |  Transacción id 587: Inversor inválido
2026-08-05 20:07:31,946 | WARNING |  Transacción id 588: Inversor inválido
2026-08-05 20:07:31,946 | WARNING |  Transacción id 591: Inversor inválido
2026-08-05 20:07:31,946 | WARNING |  Transacción id 596: Monto <= 0
2026-08-05 20:07:31,947 | WARNING |  Transacción id 603: Monto <= 0
2026-08-05 20:07:31,947 | WARNING |  Transacción id 605: Inversor inválido
2026-08-05 20:07:31,947 | WARNING |  Transacción id 606: Inversor inválido
2026-08-05 20:07:31,947 | WARNING |  Transacción id 610: Monto <= 0
2026-08-05 20:07:31,947 | WARNING |  Transacción id 611: Monto <= 0
2026-08-05 20:07:31,947 | WARNING |  Transacción id 612: Inversor inválido
2026-08-05 20:07:31,947 | WARNING |  Transacción id 613: Monto <= 0
2026-08-05 20:07:31,947 | WARNING |  Transacción id 614: Monto <= 0
2026-08-05 20:07:31,947 | WARNING |  Transacción id 615: Monto <= 0
2026-08-05 20:07:31,948 | WARNING |  Transacción id 616: Monto <= 0
2026-08-05 20:07:31,948 | WARNING |  Transacción id 621: Inversor inválido
2026-08-05 20:07:31,948 | WARNING |  Transacción id 623: Monto <= 0
2026-08-05 20:07:31,948 | WARNING |  Transacción id 626: Monto <= 0
2026-08-05 20:07:31,948 | WARNING |  Transacción id 634: Monto <= 0
2026-08-05 20:07:31,948 | WARNING |  Transacción id 635: Inversor inválido
2026-08-05 20:07:31,948 | WARNING |  Transacción id 636: Inversor inválido
2026-08-05 20:07:31,948 | WARNING |  Transacción id 640: Monto <= 0
2026-08-05 20:07:31,948 | WARNING |  Transacción id 642: Monto <= 0
2026-08-05 20:07:31,948 | WARNING |  Transacción id 644: Inversor inválido
2026-08-05 20:07:31,949 | WARNING |  Transacción id 646: Monto <= 0
2026-08-05 20:07:31,949 | WARNING |  Transacción id 650: Monto <= 0
2026-08-05 20:07:31,949 | WARNING |  Transacción id 652: Inversor inválido
2026-08-05 20:07:31,949 | WARNING |  Transacción id 655: Monto <= 0
2026-08-05 20:07:31,949 | WARNING |  Transacción id 664: Monto <= 0
2026-08-05 20:07:31,949 | WARNING |  Transacción id 668: Inversor inválido
2026-08-05 20:07:31,949 | WARNING |  Transacción id 669: Monto <= 0
2026-08-05 20:07:31,949 | WARNING |  Transacción id 673: Inversor inválido
2026-08-05 20:07:31,949 | WARNING |  Transacción id 681: Monto <= 0
2026-08-05 20:07:31,949 | WARNING |  Transacción id 682: Monto <= 0
2026-08-05 20:07:31,950 | WARNING |  Transacción id 689: Monto <= 0
2026-08-05 20:07:31,950 | WARNING |  Transacción id 690: Monto <= 0
2026-08-05 20:07:31,950 | WARNING |  Transacción id 692: Inversor inválido
2026-08-05 20:07:31,950 | WARNING |  Transacción id 693: Monto <= 0
2026-08-05 20:07:31,950 | WARNING |  Transacción id 694: Inversor inválido
2026-08-05 20:07:31,950 | WARNING |  Transacción id 701: Monto <= 0
2026-08-05 20:07:31,950 | WARNING |  Transacción id 708: Monto <= 0
2026-08-05 20:07:31,950 | WARNING |  Transacción id 710: Monto <= 0
2026-08-05 20:07:31,950 | WARNING |  Transacción id 711: Monto <= 0
2026-08-05 20:07:31,951 | WARNING |  Transacción id 712: Monto <= 0
2026-08-05 20:07:31,951 | WARNING |  Transacción id 713: Inversor inválido
2026-08-05 20:07:31,951 | WARNING |  Transacción id 722: Monto <= 0
2026-08-05 20:07:31,951 | WARNING |  Transacción id 729: Inversor inválido
2026-08-05 20:07:31,951 | WARNING |  Transacción id 731: Monto <= 0
2026-08-05 20:07:31,951 | WARNING |  Transacción id 732: Monto <= 0
2026-08-05 20:07:31,951 | WARNING |  Transacción id 736: Inversor inválido
2026-08-05 20:07:31,951 | WARNING |  Transacción id 737: Monto <= 0
2026-08-05 20:07:31,951 | WARNING |  Transacción id 740: Inversor inválido
2026-08-05 20:07:31,952 | WARNING |  Transacción id 742: Inversor inválido
2026-08-05 20:07:31,952 | WARNING |  Transacción id 743: Monto <= 0
2026-08-05 20:07:31,952 | WARNING |  Transacción id 746: Monto <= 0
2026-08-05 20:07:31,952 | WARNING |  Transacción id 749: Inversor inválido
2026-08-05 20:07:31,952 | WARNING |  Transacción id 750: Inversor inválido
2026-08-05 20:07:31,952 | WARNING |  Transacción id 751: Monto <= 0
2026-08-05 20:07:31,952 | WARNING |  Transacción id 759: Monto <= 0
2026-08-05 20:07:31,952 | WARNING |  Transacción id 760: Inversor inválido
2026-08-05 20:07:31,953 | WARNING |  Transacción id 766: Monto <= 0
2026-08-05 20:07:31,953 | WARNING |  Transacción id 772: Monto <= 0
2026-08-05 20:07:31,953 | WARNING |  Transacción id 774: Inversor inválido
2026-08-05 20:07:31,953 | WARNING |  Transacción id 779: Inversor inválido
2026-08-05 20:07:31,953 | WARNING |  Transacción id 791: Monto <= 0
2026-08-05 20:07:31,953 | WARNING |  Transacción id 792: Inversor inválido
2026-08-05 20:07:31,953 | WARNING |  Transacción id 793: Inversor inválido
2026-08-05 20:07:31,954 | WARNING |  Transacción id 801: Inversor inválido
2026-08-05 20:07:31,954 | WARNING |  Transacción id 804: Inversor inválido
2026-08-05 20:07:31,954 | WARNING |  Transacción id 805: Monto <= 0
2026-08-05 20:07:31,954 | WARNING |  Transacción id 807: Monto <= 0
2026-08-05 20:07:31,954 | WARNING |  Transacción id 817: Monto <= 0
2026-08-05 20:07:31,954 | WARNING |  Transacción id 818: Inversor inválido
2026-08-05 20:07:31,954 | WARNING |  Transacción id 820: Monto <= 0
2026-08-05 20:07:31,954 | WARNING |  Transacción id 821: Monto <= 0
2026-08-05 20:07:31,955 | WARNING |  Transacción id 822: Monto <= 0
2026-08-05 20:07:31,955 | WARNING |  Transacción id 825: Monto <= 0
2026-08-05 20:07:31,955 | WARNING |  Transacción id 828: Monto <= 0
2026-08-05 20:07:31,955 | WARNING |  Transacción id 838: Monto <= 0
2026-08-05 20:07:31,955 | WARNING |  Transacción id 847: Monto <= 0
2026-08-05 20:07:31,955 | WARNING |  Transacción id 851: Monto <= 0
2026-08-05 20:07:31,955 | WARNING |  Transacción id 853: Monto <= 0
2026-08-05 20:07:31,955 | WARNING |  Transacción id 857: Inversor inválido
2026-08-05 20:07:31,955 | WARNING |  Transacción id 858: Inversor inválido
2026-08-05 20:07:31,956 | WARNING |  Transacción id 861: Monto <= 0
2026-08-05 20:07:31,956 | WARNING |  Transacción id 864: Monto <= 0
2026-08-05 20:07:31,956 | WARNING |  Transacción id 866: Monto <= 0
2026-08-05 20:07:31,956 | WARNING |  Transacción id 867: Inversor inválido
2026-08-05 20:07:31,956 | WARNING |  Transacción id 875: Monto <= 0
2026-08-05 20:07:31,956 | WARNING |  Transacción id 877: Inversor inválido
2026-08-05 20:07:31,956 | WARNING |  Transacción id 881: Monto <= 0
2026-08-05 20:07:31,956 | WARNING |  Transacción id 883: Monto <= 0
2026-08-05 20:07:31,956 | WARNING |  Transacción id 885: Inversor inválido
2026-08-05 20:07:31,957 | WARNING |  Transacción id 888: Monto <= 0
2026-08-05 20:07:31,957 | WARNING |  Transacción id 893: Monto <= 0
2026-08-05 20:07:31,957 | WARNING |  Transacción id 894: Monto <= 0
2026-08-05 20:07:31,957 | WARNING |  Transacción id 895: Monto <= 0
2026-08-05 20:07:31,957 | WARNING |  Transacción id 897: Monto <= 0
2026-08-05 20:07:31,957 | WARNING |  Transacción id 898: Inversor inválido
2026-08-05 20:07:31,957 | WARNING |  Transacción id 899: Inversor inválido
2026-08-05 20:07:31,957 | WARNING |  Transacción id 901: Monto <= 0
2026-08-05 20:07:31,957 | WARNING |  Transacción id 902: Monto <= 0
2026-08-05 20:07:31,957 | WARNING |  Transacción id 903: Monto <= 0
2026-08-05 20:07:31,958 | WARNING |  Transacción id 909: Monto <= 0
2026-08-05 20:07:31,958 | WARNING |  Transacción id 910: Inversor inválido
2026-08-05 20:07:31,958 | WARNING |  Transacción id 911: Monto <= 0
2026-08-05 20:07:31,958 | WARNING |  Transacción id 912: Monto <= 0
2026-08-05 20:07:31,958 | WARNING |  Transacción id 916: Monto <= 0
2026-08-05 20:07:31,958 | WARNING |  Transacción id 920: Monto <= 0
2026-08-05 20:07:31,958 | WARNING |  Transacción id 924: Monto <= 0
2026-08-05 20:07:31,958 | WARNING |  Transacción id 925: Inversor inválido
2026-08-05 20:07:31,958 | WARNING |  Transacción id 930: Monto <= 0
2026-08-05 20:07:31,959 | WARNING |  Transacción id 935: Inversor inválido
2026-08-05 20:07:31,959 | WARNING |  Transacción id 941: Monto <= 0
2026-08-05 20:07:31,959 | WARNING |  Transacción id 944: Inversor inválido
2026-08-05 20:07:31,959 | WARNING |  Transacción id 949: Monto <= 0
2026-08-05 20:07:31,959 | WARNING |  Transacción id 957: Monto <= 0
2026-08-05 20:07:31,959 | WARNING |  Transacción id 959: Inversor inválido
2026-08-05 20:07:31,959 | WARNING |  Transacción id 960: Monto <= 0
2026-08-05 20:07:31,959 | WARNING |  Transacción id 961: Monto <= 0
2026-08-05 20:07:31,959 | WARNING |  Transacción id 962: Monto <= 0
2026-08-05 20:07:31,959 | WARNING |  Transacción id 970: Monto <= 0
2026-08-05 20:07:31,959 | WARNING |  Transacción id 973: Inversor inválido
2026-08-05 20:07:31,960 | WARNING |  Transacción id 977: Monto <= 0
2026-08-05 20:07:31,960 | WARNING |  Transacción id 980: Monto <= 0
2026-08-05 20:07:31,960 | WARNING |  Transacción id 984: Monto <= 0
2026-08-05 20:07:31,960 | WARNING |  Transacción id 989: Monto <= 0
2026-08-05 20:07:31,960 | WARNING |  Transacción id 993: Inversor inválido
2026-08-05 20:07:31,960 | WARNING |  Transacción id 996: Inversor inválido
2026-08-05 20:07:31,960 | WARNING |  Transacción id 999: Inversor inválido
2026-08-05 20:07:31,960 | WARNING |  Transacción id 1003: Monto <= 0
2026-08-05 20:07:31,961 | WARNING |  Transacción id 1004: Monto <= 0
2026-08-05 20:07:31,961 | WARNING |  Transacción id 1005: Monto <= 0
2026-08-05 20:07:31,961 | WARNING |  Transacción id 1012: Monto <= 0
2026-08-05 20:07:31,961 | WARNING |  Transacción id 1016: Monto <= 0
2026-08-05 20:07:31,961 | WARNING |  Transacción id 1017: Inversor inválido
2026-08-05 20:07:31,961 | WARNING |  Transacción id 1018: Monto <= 0
2026-08-05 20:07:31,961 | WARNING |  Transacción id 1019: Monto <= 0
2026-08-05 20:07:31,961 | WARNING |  Transacción id 1022: Inversor inválido
2026-08-05 20:07:31,961 | WARNING |  Transacción id 1027: Inversor inválido
2026-08-05 20:07:31,961 | WARNING |  Transacción id 1029: Monto <= 0
2026-08-05 20:07:31,962 | WARNING |  Transacción id 1033: Monto <= 0
2026-08-05 20:07:31,962 | WARNING |  Transacción id 1034: Monto <= 0
2026-08-05 20:07:31,962 | WARNING |  Transacción id 1036: Monto <= 0
2026-08-05 20:07:31,962 | WARNING |  Transacción id 1037: Inversor inválido
2026-08-05 20:07:31,962 | WARNING |  Transacción id 1044: Monto <= 0
2026-08-05 20:07:31,962 | WARNING |  Transacción id 1049: Monto <= 0
2026-08-05 20:07:31,962 | WARNING |  Transacción id 1053: Monto <= 0
2026-08-05 20:07:31,962 | WARNING |  Transacción id 1057: Inversor inválido
2026-08-05 20:07:31,962 | WARNING |  Transacción id 1062: Monto <= 0
2026-08-05 20:07:31,963 | WARNING |  Transacción id 1064: Inversor inválido
2026-08-05 20:07:31,963 | WARNING |  Transacción id 1067: Monto <= 0
2026-08-05 20:07:31,963 | WARNING |  Transacción id 1068: Monto <= 0
2026-08-05 20:07:31,963 | WARNING |  Transacción id 1070: Monto <= 0
2026-08-05 20:07:31,963 | WARNING |  Transacción id 1073: Inversor inválido
2026-08-05 20:07:31,963 | WARNING |  Transacción id 1076: Monto <= 0
2026-08-05 20:07:31,963 | WARNING |  Transacción id 1079: Monto <= 0
2026-08-05 20:07:31,963 | WARNING |  Transacción id 1080: Inversor inválido
2026-08-05 20:07:31,963 | WARNING |  Transacción id 1081: Inversor inválido
2026-08-05 20:07:31,963 | WARNING |  Transacción id 1084: Monto <= 0
2026-08-05 20:07:31,964 | WARNING |  Transacción id 1086: Monto <= 0
2026-08-05 20:07:31,964 | WARNING |  Transacción id 1089: Inversor inválido
2026-08-05 20:07:31,964 | WARNING |  Transacción id 1091: Inversor inválido
2026-08-05 20:07:31,964 | WARNING |  Transacción id 1100: Inversor inválido
2026-08-05 20:07:31,964 | WARNING |  Transacción id 1104: Monto <= 0
2026-08-05 20:07:31,964 | WARNING |  Transacción id 1110: Inversor inválido
2026-08-05 20:07:31,964 | WARNING |  Transacción id 1111: Monto <= 0
2026-08-05 20:07:31,964 | WARNING |  Transacción id 1112: Inversor inválido
2026-08-05 20:07:31,964 | WARNING |  Transacción id 1113: Inversor inválido
2026-08-05 20:07:31,964 | WARNING |  Transacción id 1114: Monto <= 0
2026-08-05 20:07:31,965 | WARNING |  Transacción id 1115: Monto <= 0
2026-08-05 20:07:31,965 | WARNING |  Transacción id 1118: Monto <= 0
2026-08-05 20:07:31,965 | WARNING |  Transacción id 1120: Monto <= 0
2026-08-05 20:07:31,965 | WARNING |  Transacción id 1121: Monto <= 0
2026-08-05 20:07:31,965 | WARNING |  Transacción id 1123: Monto <= 0
2026-08-05 20:07:31,965 | WARNING |  Transacción id 1125: Monto <= 0
2026-08-05 20:07:31,965 | WARNING |  Transacción id 1126: Monto <= 0
2026-08-05 20:07:31,965 | WARNING |  Transacción id 1132: Monto <= 0
2026-08-05 20:07:31,965 | WARNING |  Transacción id 1133: Inversor inválido
2026-08-05 20:07:31,965 | WARNING |  Transacción id 1141: Monto <= 0
2026-08-05 20:07:31,966 | WARNING |  Transacción id 1145: Inversor inválido
2026-08-05 20:07:31,966 | WARNING |  Transacción id 1146: Inversor inválido
2026-08-05 20:07:31,966 | WARNING |  Transacción id 1147: Monto <= 0
2026-08-05 20:07:31,966 | WARNING |  Transacción id 1148: Monto <= 0
2026-08-05 20:07:31,966 | WARNING |  Transacción id 1151: Monto <= 0
2026-08-05 20:07:31,966 | WARNING |  Transacción id 1158: Monto <= 0
2026-08-05 20:07:31,966 | WARNING |  Transacción id 1159: Inversor inválido
2026-08-05 20:07:31,966 | WARNING |  Transacción id 1163: Monto <= 0
2026-08-05 20:07:31,966 | WARNING |  Transacción id 1168: Monto <= 0
2026-08-05 20:07:31,967 | WARNING |  Transacción id 1169: Inversor inválido
2026-08-05 20:07:31,967 | WARNING |  Transacción id 1175: Monto <= 0
2026-08-05 20:07:31,967 | WARNING |  Transacción id 1177: Monto <= 0
2026-08-05 20:07:31,967 | WARNING |  Transacción id 1181: Monto <= 0
2026-08-05 20:07:31,967 | WARNING |  Transacción id 1186: Inversor inválido
2026-08-05 20:07:31,967 | WARNING |  Transacción id 1190: Monto <= 0
2026-08-05 20:07:31,967 | WARNING |  Transacción id 1192: Inversor inválido
2026-08-05 20:07:31,967 | WARNING |  Transacción id 1196: Inversor inválido
2026-08-05 20:07:31,967 | WARNING |  Transacción id 1202: Monto <= 0
2026-08-05 20:07:31,968 | WARNING |  Transacción id 1203: Monto <= 0
2026-08-05 20:07:31,968 | WARNING |  Transacción id 1216: Inversor inválido
2026-08-05 20:07:31,968 | WARNING |  Transacción id 1222: Inversor inválido
2026-08-05 20:07:31,968 | WARNING |  Transacción id 1228: Monto <= 0
2026-08-05 20:07:31,968 | WARNING |  Transacción id 1231: Monto <= 0
2026-08-05 20:07:31,968 | WARNING |  Transacción id 1234: Monto <= 0
2026-08-05 20:07:31,968 | WARNING |  Transacción id 1238: Monto <= 0
2026-08-05 20:07:31,968 | WARNING |  Transacción id 1244: Inversor inválido
2026-08-05 20:07:31,968 | WARNING |  Transacción id 1245: Monto <= 0
2026-08-05 20:07:31,968 | WARNING |  Transacción id 1246: Inversor inválido
2026-08-05 20:07:31,969 | WARNING |  Transacción id 1252: Monto <= 0
2026-08-05 20:07:31,969 | WARNING |  Transacción id 1254: Inversor inválido
2026-08-05 20:07:31,969 | WARNING |  Transacción id 1258: Inversor inválido
2026-08-05 20:07:31,969 | WARNING |  Transacción id 1260: Inversor inválido
2026-08-05 20:07:31,969 | WARNING |  Transacción id 1262: Inversor inválido
2026-08-05 20:07:31,969 | WARNING |  Transacción id 1265: Monto <= 0
2026-08-05 20:07:31,969 | WARNING |  Transacción id 1266: Inversor inválido
2026-08-05 20:07:31,969 | WARNING |  Transacción id 1269: Monto <= 0
2026-08-05 20:07:31,969 | WARNING |  Transacción id 1272: Inversor inválido
2026-08-05 20:07:31,969 | WARNING |  Transacción id 1274: Monto <= 0
2026-08-05 20:07:31,970 | WARNING |  Transacción id 1276: Monto <= 0
2026-08-05 20:07:31,970 | WARNING |  Transacción id 1278: Monto <= 0
2026-08-05 20:07:31,970 | WARNING |  Transacción id 1280: Inversor inválido
2026-08-05 20:07:31,970 | WARNING |  Transacción id 1282: Monto <= 0
2026-08-05 20:07:31,970 | WARNING |  Transacción id 1287: Monto <= 0
2026-08-05 20:07:31,970 | WARNING |  Transacción id 1289: Monto <= 0
2026-08-05 20:07:31,970 | WARNING |  Transacción id 1293: Monto <= 0
2026-08-05 20:07:31,970 | WARNING |  Transacción id 1294: Monto <= 0
2026-08-05 20:07:31,970 | WARNING |  Transacción id 1296: Inversor inválido
2026-08-05 20:07:31,971 | WARNING |  Transacción id 1297: Monto <= 0
2026-08-05 20:07:31,971 | WARNING |  Transacción id 1299: Monto <= 0
2026-08-05 20:07:31,971 | WARNING |  Transacción id 1302: Inversor inválido
2026-08-05 20:07:31,971 | WARNING |  Transacción id 1305: Monto <= 0
2026-08-05 20:07:31,971 | WARNING |  Transacción id 1308: Monto <= 0
2026-08-05 20:07:31,971 | WARNING |  Transacción id 1311: Inversor inválido
2026-08-05 20:07:31,971 | WARNING |  Transacción id 1312: Inversor inválido
2026-08-05 20:07:31,971 | WARNING |  Transacción id 1313: Monto <= 0
2026-08-05 20:07:31,971 | WARNING |  Transacción id 1314: Monto <= 0
2026-08-05 20:07:31,972 | WARNING |  Transacción id 1316: Monto <= 0
2026-08-05 20:07:31,972 | WARNING |  Transacción id 1320: Monto <= 0
2026-08-05 20:07:31,972 | WARNING |  Transacción id 1325: Monto <= 0
2026-08-05 20:07:31,972 | WARNING |  Transacción id 1330: Monto <= 0
2026-08-05 20:07:31,972 | WARNING |  Transacción id 1331: Monto <= 0
2026-08-05 20:07:31,972 | WARNING |  Transacción id 1332: Monto <= 0
2026-08-05 20:07:31,972 | WARNING |  Transacción id 1334: Monto <= 0
2026-08-05 20:07:31,972 | WARNING |  Transacción id 1336: Monto <= 0
2026-08-05 20:07:31,972 | WARNING |  Transacción id 1337: Inversor inválido
2026-08-05 20:07:31,973 | WARNING |  Transacción id 1350: Monto <= 0
2026-08-05 20:07:31,973 | WARNING |  Transacción id 1351: Monto <= 0
2026-08-05 20:07:31,973 | WARNING |  Transacción id 1352: Monto <= 0
2026-08-05 20:07:31,973 | WARNING |  Transacción id 1354: Monto <= 0
2026-08-05 20:07:31,973 | WARNING |  Transacción id 1364: Monto <= 0
2026-08-05 20:07:31,973 | WARNING |  Transacción id 1367: Inversor inválido
2026-08-05 20:07:31,973 | WARNING |  Transacción id 1369: Inversor inválido
2026-08-05 20:07:31,973 | WARNING |  Transacción id 1372: Inversor inválido
2026-08-05 20:07:31,973 | WARNING |  Transacción id 1373: Monto <= 0
2026-08-05 20:07:31,973 | WARNING |  Transacción id 1375: Inversor inválido
2026-08-05 20:07:31,974 | WARNING |  Transacción id 1400: Monto <= 0
2026-08-05 20:07:31,974 | WARNING |  Transacción id 1404: Monto <= 0
2026-08-05 20:07:31,974 | WARNING |  Transacción id 1405: Monto <= 0
2026-08-05 20:07:31,974 | WARNING |  Transacción id 1406: Monto <= 0
2026-08-05 20:07:31,974 | WARNING |  Transacción id 1408: Monto <= 0
2026-08-05 20:07:31,974 | WARNING |  Transacción id 1411: Monto <= 0
2026-08-05 20:07:31,974 | WARNING |  Transacción id 1413: Monto <= 0
2026-08-05 20:07:31,974 | WARNING |  Transacción id 1416: Monto <= 0
2026-08-05 20:07:31,974 | WARNING |  Transacción id 1417: Monto <= 0
2026-08-05 20:07:31,974 | WARNING |  Transacción id 1426: Monto <= 0
2026-08-05 20:07:31,975 | WARNING |  Transacción id 1427: Monto <= 0
2026-08-05 20:07:31,975 | WARNING |  Transacción id 1428: Inversor inválido
2026-08-05 20:07:31,975 | WARNING |  Transacción id 1429: Inversor inválido
2026-08-05 20:07:31,975 | WARNING |  Transacción id 1430: Monto <= 0
2026-08-05 20:07:31,975 | WARNING |  Transacción id 1435: Monto <= 0
2026-08-05 20:07:31,975 | WARNING |  Transacción id 1436: Inversor inválido
2026-08-05 20:07:31,975 | WARNING |  Transacción id 1440: Monto <= 0
2026-08-05 20:07:31,975 | WARNING |  Transacción id 1444: Monto <= 0
2026-08-05 20:07:31,975 | WARNING |  Transacción id 1449: Monto <= 0
2026-08-05 20:07:31,975 | WARNING |  Transacción id 1464: Inversor inválido
2026-08-05 20:07:31,976 | WARNING |  Transacción id 1472: Inversor inválido
2026-08-05 20:07:31,976 | WARNING |  Transacción id 1476: Monto <= 0
2026-08-05 20:07:31,976 | WARNING |  Transacción id 1480: Inversor inválido
2026-08-05 20:07:31,976 | WARNING |  Transacción id 1484: Inversor inválido
2026-08-05 20:07:31,976 | WARNING |  Transacción id 1485: Inversor inválido
2026-08-05 20:07:31,976 | WARNING |  Transacción id 1486: Monto <= 0
2026-08-05 20:07:31,976 | WARNING |  Transacción id 1488: Monto <= 0
2026-08-05 20:07:31,976 | WARNING |  Transacción id 1494: Monto <= 0
2026-08-05 20:07:31,976 | WARNING |  Transacción id 1498: Monto <= 0
2026-08-05 20:07:31,977 | WARNING |  Transacción id 1499: Monto <= 0
2026-08-05 20:07:31,977 | WARNING |  Transacción id 1502: Monto <= 0
2026-08-05 20:07:31,977 | WARNING |  Transacción id 1503: Monto <= 0
2026-08-05 20:07:31,977 | WARNING |  Transacción id 1504: Inversor inválido
2026-08-05 20:07:31,977 | WARNING |  Transacción id 1505: Inversor inválido
2026-08-05 20:07:31,977 | WARNING |  Transacción id 1509: Inversor inválido
2026-08-05 20:07:31,977 | WARNING |  Transacción id 1515: Monto <= 0
2026-08-05 20:07:31,977 | WARNING |  Transacción id 1519: Monto <= 0
2026-08-05 20:07:31,977 | WARNING |  Transacción id 1520: Inversor inválido
2026-08-05 20:07:31,978 | WARNING |  Transacción id 1526: Monto <= 0
2026-08-05 20:07:31,978 | WARNING |  Transacción id 1528: Monto <= 0
2026-08-05 20:07:31,978 | WARNING |  Transacción id 1531: Monto <= 0
2026-08-05 20:07:31,978 | WARNING |  Transacción id 1532: Monto <= 0
2026-08-05 20:07:31,978 | WARNING |  Transacción id 1534: Monto <= 0
2026-08-05 20:07:31,978 | WARNING |  Transacción id 1535: Monto <= 0
2026-08-05 20:07:31,978 | WARNING |  Transacción id 1536: Monto <= 0
2026-08-05 20:07:31,978 | WARNING |  Transacción id 1540: Monto <= 0
2026-08-05 20:07:31,978 | WARNING |  Transacción id 1545: Inversor inválido
2026-08-05 20:07:31,979 | WARNING |  Transacción id 1548: Monto <= 0
2026-08-05 20:07:31,979 | WARNING |  Transacción id 1550: Monto <= 0
2026-08-05 20:07:31,979 | WARNING |  Transacción id 1551: Monto <= 0
2026-08-05 20:07:31,979 | WARNING |  Transacción id 1556: Monto <= 0
2026-08-05 20:07:31,979 | WARNING |  Transacción id 1558: Monto <= 0
2026-08-05 20:07:31,979 | WARNING |  Transacción id 1561: Inversor inválido
2026-08-05 20:07:31,979 | WARNING |  Transacción id 1562: Monto <= 0
2026-08-05 20:07:31,979 | WARNING |  Transacción id 1563: Inversor inválido
2026-08-05 20:07:31,979 | WARNING |  Transacción id 1564: Inversor inválido
2026-08-05 20:07:31,979 | WARNING |  Transacción id 1565: Monto <= 0
2026-08-05 20:07:31,979 | WARNING |  Transacción id 1567: Monto <= 0
2026-08-05 20:07:31,980 | WARNING |  Transacción id 1569: Inversor inválido
2026-08-05 20:07:31,980 | WARNING |  Transacción id 1570: Monto <= 0
2026-08-05 20:07:31,980 | WARNING |  Transacción id 1573: Inversor inválido
2026-08-05 20:07:31,980 | WARNING |  Transacción id 1578: Monto <= 0
2026-08-05 20:07:31,980 | WARNING |  Transacción id 1584: Monto <= 0
2026-08-05 20:07:31,980 | WARNING |  Transacción id 1589: Inversor inválido
2026-08-05 20:07:31,980 | WARNING |  Transacción id 1597: Monto <= 0
2026-08-05 20:07:31,980 | WARNING |  Transacción id 1599: Monto <= 0
2026-08-05 20:07:31,980 | WARNING |  Transacción id 1619: Monto <= 0
2026-08-05 20:07:31,981 | WARNING |  Transacción id 1623: Monto <= 0
2026-08-05 20:07:31,981 | WARNING |  Transacción id 1626: Monto <= 0
2026-08-05 20:07:31,981 | WARNING |  Transacción id 1628: Inversor inválido
2026-08-05 20:07:31,981 | WARNING |  Transacción id 1633: Monto <= 0
2026-08-05 20:07:31,981 | WARNING |  Transacción id 1637: Inversor inválido
2026-08-05 20:07:31,981 | WARNING |  Transacción id 1640: Monto <= 0
2026-08-05 20:07:31,981 | WARNING |  Transacción id 1643: Monto <= 0
2026-08-05 20:07:31,981 | WARNING |  Transacción id 1657: Monto <= 0
2026-08-05 20:07:31,981 | WARNING |  Transacción id 1664: Inversor inválido
2026-08-05 20:07:31,981 | WARNING |  Transacción id 1665: Inversor inválido
2026-08-05 20:07:31,982 | WARNING |  Transacción id 1668: Inversor inválido
2026-08-05 20:07:31,982 | WARNING |  Transacción id 1672: Monto <= 0
2026-08-05 20:07:31,982 | WARNING |  Transacción id 1678: Inversor inválido
2026-08-05 20:07:31,982 | WARNING |  Transacción id 1681: Monto <= 0
2026-08-05 20:07:31,982 | WARNING |  Transacción id 1683: Monto <= 0
2026-08-05 20:07:31,982 | WARNING |  Transacción id 1686: Monto <= 0
2026-08-05 20:07:31,982 | WARNING |  Transacción id 1687: Monto <= 0
2026-08-05 20:07:31,982 | WARNING |  Transacción id 1688: Monto <= 0
2026-08-05 20:07:31,982 | WARNING |  Transacción id 1693: Inversor inválido
2026-08-05 20:07:31,983 | WARNING |  Transacción id 1694: Monto <= 0
2026-08-05 20:07:31,983 | WARNING |  Transacción id 1695: Monto <= 0
2026-08-05 20:07:31,983 | WARNING |  Transacción id 1703: Monto <= 0
2026-08-05 20:07:31,983 | WARNING |  Transacción id 1704: Monto <= 0
2026-08-05 20:07:31,983 | WARNING |  Transacción id 1707: Inversor inválido
2026-08-05 20:07:31,983 | WARNING |  Transacción id 1711: Inversor inválido
2026-08-05 20:07:31,983 | WARNING |  Transacción id 1712: Monto <= 0
2026-08-05 20:07:31,983 | WARNING |  Transacción id 1714: Monto <= 0
2026-08-05 20:07:31,983 | WARNING |  Transacción id 1716: Monto <= 0
2026-08-05 20:07:31,983 | WARNING |  Transacción id 1717: Monto <= 0
2026-08-05 20:07:31,984 | WARNING |  Transacción id 1729: Inversor inválido
2026-08-05 20:07:31,984 | WARNING |  Transacción id 1730: Inversor inválido
2026-08-05 20:07:31,984 | WARNING |  Transacción id 1731: Monto <= 0
2026-08-05 20:07:31,984 | WARNING |  Transacción id 1733: Inversor inválido
2026-08-05 20:07:31,984 | WARNING |  Transacción id 1736: Monto <= 0
2026-08-05 20:07:31,984 | WARNING |  Transacción id 1739: Monto <= 0
2026-08-05 20:07:31,984 | WARNING |  Transacción id 1740: Monto <= 0
2026-08-05 20:07:31,984 | WARNING |  Transacción id 1741: Monto <= 0
2026-08-05 20:07:31,985 | WARNING |  Transacción id 1745: Monto <= 0
2026-08-05 20:07:31,985 | WARNING |  Transacción id 1750: Monto <= 0
2026-08-05 20:07:31,985 | WARNING |  Transacción id 1751: Inversor inválido
2026-08-05 20:07:31,985 | WARNING |  Transacción id 1754: Monto <= 0
2026-08-05 20:07:31,985 | WARNING |  Transacción id 1755: Monto <= 0
2026-08-05 20:07:31,985 | WARNING |  Transacción id 1759: Monto <= 0
2026-08-05 20:07:31,985 | WARNING |  Transacción id 1760: Inversor inválido
2026-08-05 20:07:31,985 | WARNING |  Transacción id 1764: Inversor inválido
2026-08-05 20:07:31,986 | WARNING |  Transacción id 1768: Monto <= 0
2026-08-05 20:07:31,986 | WARNING |  Transacción id 1770: Monto <= 0
2026-08-05 20:07:31,986 | WARNING |  Transacción id 1774: Monto <= 0
2026-08-05 20:07:31,986 | WARNING |  Transacción id 1775: Inversor inválido
2026-08-05 20:07:31,986 | WARNING |  Transacción id 1777: Monto <= 0
2026-08-05 20:07:31,986 | WARNING |  Transacción id 1778: Monto <= 0
2026-08-05 20:07:31,986 | WARNING |  Transacción id 1779: Monto <= 0
2026-08-05 20:07:31,986 | WARNING |  Transacción id 1784: Inversor inválido
2026-08-05 20:07:31,986 | WARNING |  Transacción id 1787: Monto <= 0
2026-08-05 20:07:31,987 | WARNING |  Transacción id 1789: Monto <= 0
2026-08-05 20:07:31,987 | WARNING |  Transacción id 1796: Monto <= 0
2026-08-05 20:07:31,987 | WARNING |  Transacción id 1799: Monto <= 0
2026-08-05 20:07:31,987 | WARNING |  Transacción id 1801: Monto <= 0
2026-08-05 20:07:31,987 | WARNING |  Transacción id 1804: Inversor inválido
2026-08-05 20:07:31,987 | WARNING |  Transacción id 1805: Monto <= 0
2026-08-05 20:07:31,987 | WARNING |  Transacción id 1807: Monto <= 0
2026-08-05 20:07:31,987 | WARNING |  Transacción id 1810: Monto <= 0
2026-08-05 20:07:31,988 | WARNING |  Transacción id 1811: Monto <= 0
2026-08-05 20:07:31,988 | WARNING |  Transacción id 1812: Monto <= 0
2026-08-05 20:07:31,988 | WARNING |  Transacción id 1818: Inversor inválido
2026-08-05 20:07:31,988 | WARNING |  Transacción id 1821: Monto <= 0
2026-08-05 20:07:31,988 | WARNING |  Transacción id 1822: Monto <= 0
2026-08-05 20:07:31,988 | WARNING |  Transacción id 1823: Monto <= 0
2026-08-05 20:07:31,988 | WARNING |  Transacción id 1824: Monto <= 0
2026-08-05 20:07:31,988 | WARNING |  Transacción id 1832: Monto <= 0
2026-08-05 20:07:31,988 | WARNING |  Transacción id 1835: Monto <= 0
2026-08-05 20:07:31,988 | WARNING |  Transacción id 1836: Monto <= 0
2026-08-05 20:07:31,989 | WARNING |  Transacción id 1839: Inversor inválido
2026-08-05 20:07:31,989 | WARNING |  Transacción id 1841: Monto <= 0
2026-08-05 20:07:31,989 | WARNING |  Transacción id 1842: Inversor inválido
2026-08-05 20:07:31,989 | WARNING |  Transacción id 1843: Monto <= 0
2026-08-05 20:07:31,989 | WARNING |  Transacción id 1844: Monto <= 0
2026-08-05 20:07:31,989 | WARNING |  Transacción id 1848: Inversor inválido
2026-08-05 20:07:31,989 | WARNING |  Transacción id 1849: Monto <= 0
2026-08-05 20:07:31,989 | WARNING |  Transacción id 1850: Inversor inválido
2026-08-05 20:07:31,989 | WARNING |  Transacción id 1854: Monto <= 0
2026-08-05 20:07:31,989 | WARNING |  Transacción id 1859: Monto <= 0
2026-08-05 20:07:31,989 | WARNING |  Transacción id 1862: Monto <= 0
2026-08-05 20:07:31,990 | WARNING |  Transacción id 1863: Monto <= 0
2026-08-05 20:07:31,990 | WARNING |  Transacción id 1867: Inversor inválido
2026-08-05 20:07:31,990 | WARNING |  Transacción id 1871: Monto <= 0
2026-08-05 20:07:31,990 | WARNING |  Transacción id 1872: Monto <= 0
2026-08-05 20:07:31,990 | WARNING |  Transacción id 1876: Monto <= 0
2026-08-05 20:07:31,990 | WARNING |  Transacción id 1877: Inversor inválido
2026-08-05 20:07:31,990 | WARNING |  Transacción id 1882: Monto <= 0
2026-08-05 20:07:31,990 | WARNING |  Transacción id 1885: Monto <= 0
2026-08-05 20:07:31,990 | WARNING |  Transacción id 1887: Inversor inválido
2026-08-05 20:07:31,991 | WARNING |  Transacción id 1889: Monto <= 0
2026-08-05 20:07:31,991 | WARNING |  Transacción id 1899: Monto <= 0
2026-08-05 20:07:31,991 | WARNING |  Transacción id 1904: Inversor inválido
2026-08-05 20:07:31,991 | WARNING |  Transacción id 1905: Monto <= 0
2026-08-05 20:07:31,991 | WARNING |  Transacción id 1906: Monto <= 0
2026-08-05 20:07:31,991 | WARNING |  Transacción id 1907: Inversor inválido
2026-08-05 20:07:31,991 | WARNING |  Transacción id 1909: Monto <= 0
2026-08-05 20:07:31,991 | WARNING |  Transacción id 1910: Inversor inválido
2026-08-05 20:07:31,991 | WARNING |  Transacción id 1913: Monto <= 0
2026-08-05 20:07:31,992 | WARNING |  Transacción id 1918: Monto <= 0
2026-08-05 20:07:31,992 | WARNING |  Transacción id 1919: Inversor inválido
2026-08-05 20:07:31,992 | WARNING |  Transacción id 1922: Inversor inválido
2026-08-05 20:07:31,992 | WARNING |  Transacción id 1923: Inversor inválido
2026-08-05 20:07:31,992 | WARNING |  Transacción id 1934: Monto <= 0
2026-08-05 20:07:31,992 | WARNING |  Transacción id 1935: Monto <= 0
2026-08-05 20:07:31,992 | WARNING |  Transacción id 1936: Inversor inválido
2026-08-05 20:07:31,992 | WARNING |  Transacción id 1937: Monto <= 0
2026-08-05 20:07:31,992 | WARNING |  Transacción id 1938: Monto <= 0
2026-08-05 20:07:31,993 | WARNING |  Transacción id 1939: Monto <= 0
2026-08-05 20:07:31,993 | WARNING |  Transacción id 1940: Monto <= 0
2026-08-05 20:07:31,993 | WARNING |  Transacción id 1941: Monto <= 0
2026-08-05 20:07:31,993 | WARNING |  Transacción id 1945: Monto <= 0
2026-08-05 20:07:31,993 | WARNING |  Transacción id 1946: Monto <= 0
2026-08-05 20:07:31,993 | WARNING |  Transacción id 1947: Monto <= 0
2026-08-05 20:07:31,993 | WARNING |  Transacción id 1951: Monto <= 0
2026-08-05 20:07:31,993 | WARNING |  Transacción id 1953: Monto <= 0
2026-08-05 20:07:31,993 | WARNING |  Transacción id 1954: Monto <= 0
2026-08-05 20:07:31,993 | WARNING |  Transacción id 1958: Inversor inválido
2026-08-05 20:07:31,994 | WARNING |  Transacción id 1962: Monto <= 0
2026-08-05 20:07:31,994 | WARNING |  Transacción id 1966: Inversor inválido
2026-08-05 20:07:31,994 | WARNING |  Transacción id 1970: Monto <= 0
2026-08-05 20:07:31,994 | WARNING |  Transacción id 1971: Monto <= 0
2026-08-05 20:07:31,994 | WARNING |  Transacción id 1972: Monto <= 0
2026-08-05 20:07:31,994 | WARNING |  Transacción id 1977: Monto <= 0
2026-08-05 20:07:31,994 | WARNING |  Transacción id 1981: Monto <= 0
2026-08-05 20:07:31,994 | WARNING |  Transacción id 1982: Monto <= 0
2026-08-05 20:07:31,994 | WARNING |  Transacción id 1984: Inversor inválido
2026-08-05 20:07:31,994 | WARNING |  Transacción id 1987: Inversor inválido
2026-08-05 20:07:31,995 | WARNING |  Transacción id 1989: Inversor inválido
2026-08-05 20:07:31,995 | WARNING |  Transacción id 1991: Inversor inválido
2026-08-05 20:07:31,995 | WARNING |  Transacción id 1992: Monto <= 0
2026-08-05 20:07:31,995 | WARNING |  Transacción id 1993: Inversor inválido
2026-08-05 20:07:31,995 | WARNING |  Transacción id 2000: Monto <= 0
2026-08-05 20:07:31,995 | WARNING |  Transacción id 2001: Monto <= 0
2026-08-05 20:07:31,995 | WARNING |  Transacción id 2002: Monto <= 0
2026-08-05 20:07:31,995 | WARNING |  Transacción id 2005: Monto <= 0
2026-08-05 20:07:31,995 | WARNING |  Transacción id 2010: Monto <= 0
2026-08-05 20:07:31,995 | WARNING |  Transacción id 2011: Inversor inválido
2026-08-05 20:07:31,995 | WARNING |  Transacción id 2012: Monto <= 0
2026-08-05 20:07:31,996 | WARNING |  Transacción id 2017: Inversor inválido
2026-08-05 20:07:31,996 | WARNING |  Transacción id 2020: Monto <= 0
2026-08-05 20:07:31,996 | WARNING |  Transacción id 2021: Monto <= 0
2026-08-05 20:07:31,996 | WARNING |  Transacción id 2024: Inversor inválido
2026-08-05 20:07:31,996 | WARNING |  Transacción id 2025: Monto <= 0
2026-08-05 20:07:31,996 | WARNING |  Transacción id 2027: Monto <= 0
2026-08-05 20:07:31,996 | WARNING |  Transacción id 2030: Inversor inválido
2026-08-05 20:07:31,996 | WARNING |  Transacción id 2031: Monto <= 0
2026-08-05 20:07:31,996 | WARNING |  Transacción id 2034: Inversor inválido
2026-08-05 20:07:31,997 | WARNING |  Transacción id 2035: Inversor inválido
2026-08-05 20:07:31,997 | WARNING |  Transacción id 2044: Monto <= 0
2026-08-05 20:07:31,997 | WARNING |  Transacción id 2047: Inversor inválido
2026-08-05 20:07:31,997 | WARNING |  Transacción id 2051: Inversor inválido
2026-08-05 20:07:31,997 | WARNING |  Transacción id 2056: Inversor inválido
2026-08-05 20:07:31,997 | WARNING |  Transacción id 2060: Monto <= 0
2026-08-05 20:07:31,997 | WARNING |  Transacción id 2062: Inversor inválido
2026-08-05 20:07:31,997 | WARNING |  Transacción id 2066: Monto <= 0
2026-08-05 20:07:31,997 | WARNING |  Transacción id 2069: Monto <= 0
2026-08-05 20:07:31,998 | WARNING |  Transacción id 2071: Inversor inválido
2026-08-05 20:07:31,998 | WARNING |  Transacción id 2075: Monto <= 0
2026-08-05 20:07:31,998 | WARNING |  Transacción id 2077: Monto <= 0
2026-08-05 20:07:31,998 | WARNING |  Transacción id 2079: Monto <= 0
2026-08-05 20:07:31,998 | WARNING |  Transacción id 2083: Monto <= 0
2026-08-05 20:07:31,998 | WARNING |  Transacción id 2093: Monto <= 0
2026-08-05 20:07:31,998 | WARNING |  Transacción id 2097: Inversor inválido
2026-08-05 20:07:31,998 | WARNING |  Transacción id 2099: Monto <= 0
2026-08-05 20:07:31,998 | WARNING |  Transacción id 2100: Inversor inválido
2026-08-05 20:07:31,999 | WARNING |  Transacción id 2111: Inversor inválido
2026-08-05 20:07:31,999 | WARNING |  Transacción id 2113: Inversor inválido
2026-08-05 20:07:31,999 | WARNING |  Transacción id 2120: Monto <= 0
2026-08-05 20:07:31,999 | WARNING |  Transacción id 2121: Inversor inválido
2026-08-05 20:07:31,999 | WARNING |  Transacción id 2124: Monto <= 0
2026-08-05 20:07:31,999 | WARNING |  Transacción id 2125: Inversor inválido
2026-08-05 20:07:31,999 | WARNING |  Transacción id 2132: Monto <= 0
2026-08-05 20:07:31,999 | WARNING |  Transacción id 2136: Inversor inválido
2026-08-05 20:07:31,999 | WARNING |  Transacción id 2144: Monto <= 0
2026-08-05 20:07:31,999 | WARNING |  Transacción id 2147: Monto <= 0
2026-08-05 20:07:32,000 | WARNING |  Transacción id 2153: Monto <= 0
2026-08-05 20:07:32,000 | WARNING |  Transacción id 2156: Inversor inválido
2026-08-05 20:07:32,000 | WARNING |  Transacción id 2158: Monto <= 0
2026-08-05 20:07:32,000 | WARNING |  Transacción id 2164: Inversor inválido
2026-08-05 20:07:32,000 | WARNING |  Transacción id 2170: Monto <= 0
2026-08-05 20:07:32,000 | WARNING |  Transacción id 2173: Inversor inválido
2026-08-05 20:07:32,000 | WARNING |  Transacción id 2174: Monto <= 0
2026-08-05 20:07:32,000 | WARNING |  Transacción id 2175: Monto <= 0
2026-08-05 20:07:32,000 | WARNING |  Transacción id 2177: Monto <= 0
2026-08-05 20:07:32,001 | WARNING |  Transacción id 2178: Inversor inválido
2026-08-05 20:07:32,001 | WARNING |  Transacción id 2179: Inversor inválido
2026-08-05 20:07:32,001 | WARNING |  Transacción id 2186: Monto <= 0
2026-08-05 20:07:32,001 | WARNING |  Transacción id 2188: Inversor inválido
2026-08-05 20:07:32,001 | WARNING |  Transacción id 2190: Monto <= 0
2026-08-05 20:07:32,001 | WARNING |  Transacción id 2193: Monto <= 0
2026-08-05 20:07:32,001 | WARNING |  Transacción id 2199: Inversor inválido
2026-08-05 20:07:32,001 | WARNING |  Transacción id 2203: Monto <= 0
2026-08-05 20:07:32,002 | WARNING |  Transacción id 2207: Monto <= 0
2026-08-05 20:07:32,002 | WARNING |  Transacción id 2216: Inversor inválido
2026-08-05 20:07:32,002 | WARNING |  Transacción id 2217: Inversor inválido
2026-08-05 20:07:32,002 | WARNING |  Transacción id 2218: Inversor inválido
2026-08-05 20:07:32,002 | WARNING |  Transacción id 2221: Inversor inválido
2026-08-05 20:07:32,002 | WARNING |  Transacción id 2225: Monto <= 0
2026-08-05 20:07:32,002 | WARNING |  Transacción id 2229: Monto <= 0
2026-08-05 20:07:32,003 | WARNING |  Transacción id 2231: Inversor inválido
2026-08-05 20:07:32,003 | WARNING |  Transacción id 2232: Monto <= 0
2026-08-05 20:07:32,004 | WARNING |  Transacción id 2237: Monto <= 0
2026-08-05 20:07:32,004 | WARNING |  Transacción id 2240: Monto <= 0
2026-08-05 20:07:32,004 | WARNING |  Transacción id 2253: Monto <= 0
2026-08-05 20:07:32,004 | WARNING |  Transacción id 2255: Inversor inválido
2026-08-05 20:07:32,004 | WARNING |  Transacción id 2261: Monto <= 0
2026-08-05 20:07:32,004 | WARNING |  Transacción id 2264: Monto <= 0
2026-08-05 20:07:32,004 | WARNING |  Transacción id 2266: Monto <= 0
2026-08-05 20:07:32,004 | WARNING |  Transacción id 2275: Monto <= 0
2026-08-05 20:07:32,005 | WARNING |  Transacción id 2276: Inversor inválido
2026-08-05 20:07:32,005 | WARNING |  Transacción id 2281: Monto <= 0
2026-08-05 20:07:32,005 | WARNING |  Transacción id 2289: Monto <= 0
2026-08-05 20:07:32,005 | WARNING |  Transacción id 2294: Monto <= 0
2026-08-05 20:07:32,005 | WARNING |  Transacción id 2299: Monto <= 0
2026-08-05 20:07:32,005 | WARNING |  Transacción id 2300: Inversor inválido
2026-08-05 20:07:32,005 | WARNING |  Transacción id 2305: Monto <= 0
2026-08-05 20:07:32,005 | WARNING |  Transacción id 2308: Inversor inválido
2026-08-05 20:07:32,006 | WARNING |  Transacción id 2309: Inversor inválido
2026-08-05 20:07:32,006 | WARNING |  Transacción id 2327: Inversor inválido
2026-08-05 20:07:32,006 | WARNING |  Transacción id 2329: Monto <= 0
2026-08-05 20:07:32,006 | WARNING |  Transacción id 2331: Monto <= 0
2026-08-05 20:07:32,006 | WARNING |  Transacción id 2335: Monto <= 0
2026-08-05 20:07:32,006 | WARNING |  Transacción id 2342: Monto <= 0
2026-08-05 20:07:32,006 | WARNING |  Transacción id 2344: Monto <= 0
2026-08-05 20:07:32,006 | WARNING |  Transacción id 2348: Monto <= 0
2026-08-05 20:07:32,007 | WARNING |  Transacción id 2354: Inversor inválido
2026-08-05 20:07:32,007 | WARNING |  Transacción id 2355: Monto <= 0
2026-08-05 20:07:32,007 | WARNING |  Transacción id 2363: Monto <= 0
2026-08-05 20:07:32,007 | WARNING |  Transacción id 2364: Monto <= 0
2026-08-05 20:07:32,007 | WARNING |  Transacción id 2365: Monto <= 0
2026-08-05 20:07:32,007 | WARNING |  Transacción id 2366: Monto <= 0
2026-08-05 20:07:32,008 | WARNING |  Transacción id 2370: Monto <= 0
2026-08-05 20:07:32,008 | WARNING |  Transacción id 2371: Monto <= 0
2026-08-05 20:07:32,008 | WARNING |  Transacción id 2374: Monto <= 0
2026-08-05 20:07:32,008 | WARNING |  Transacción id 2380: Monto <= 0
2026-08-05 20:07:32,008 | WARNING |  Transacción id 2381: Monto <= 0
2026-08-05 20:07:32,008 | WARNING |  Transacción id 2384: Monto <= 0
2026-08-05 20:07:32,008 | WARNING |  Transacción id 2386: Inversor inválido
2026-08-05 20:07:32,009 | WARNING |  Transacción id 2390: Monto <= 0
2026-08-05 20:07:32,009 | WARNING |  Transacción id 2391: Monto <= 0
2026-08-05 20:07:32,009 | WARNING |  Transacción id 2392: Monto <= 0
2026-08-05 20:07:32,009 | WARNING |  Transacción id 2393: Monto <= 0
2026-08-05 20:07:32,009 | WARNING |  Transacción id 2396: Inversor inválido
2026-08-05 20:07:32,009 | WARNING |  Transacción id 2397: Monto <= 0
2026-08-05 20:07:32,009 | WARNING |  Transacción id 2399: Monto <= 0
2026-08-05 20:07:32,010 | WARNING |  Transacción id 2402: Inversor inválido
2026-08-05 20:07:32,010 | WARNING |  Transacción id 2403: Inversor inválido
2026-08-05 20:07:32,010 | WARNING |  Transacción id 2407: Inversor inválido
2026-08-05 20:07:32,010 | WARNING |  Transacción id 2408: Monto <= 0
2026-08-05 20:07:32,010 | WARNING |  Transacción id 2409: Inversor inválido
2026-08-05 20:07:32,010 | WARNING |  Transacción id 2410: Inversor inválido
2026-08-05 20:07:32,010 | WARNING |  Transacción id 2411: Monto <= 0
2026-08-05 20:07:32,011 | WARNING |  Transacción id 2413: Monto <= 0
2026-08-05 20:07:32,011 | WARNING |  Transacción id 2418: Monto <= 0
2026-08-05 20:07:32,011 | WARNING |  Transacción id 2421: Inversor inválido
2026-08-05 20:07:32,011 | WARNING |  Transacción id 2424: Monto <= 0
2026-08-05 20:07:32,011 | WARNING |  Transacción id 2428: Monto <= 0
2026-08-05 20:07:32,011 | WARNING |  Transacción id 2430: Monto <= 0
2026-08-05 20:07:32,011 | WARNING |  Transacción id 2433: Monto <= 0
2026-08-05 20:07:32,012 | WARNING |  Transacción id 2435: Inversor inválido
2026-08-05 20:07:32,012 | WARNING |  Transacción id 2438: Inversor inválido
2026-08-05 20:07:32,012 | WARNING |  Transacción id 2443: Monto <= 0
2026-08-05 20:07:32,012 | WARNING |  Transacción id 2446: Monto <= 0
2026-08-05 20:07:32,012 | WARNING |  Transacción id 2450: Monto <= 0
2026-08-05 20:07:32,012 | WARNING |  Transacción id 2452: Inversor inválido
2026-08-05 20:07:32,012 | WARNING |  Transacción id 2456: Monto <= 0
2026-08-05 20:07:32,013 | WARNING |  Transacción id 2457: Inversor inválido
2026-08-05 20:07:32,013 | WARNING |  Transacción id 2459: Monto <= 0
2026-08-05 20:07:32,013 | WARNING |  Transacción id 2461: Inversor inválido
2026-08-05 20:07:32,013 | WARNING |  Transacción id 2465: Monto <= 0
2026-08-05 20:07:32,013 | WARNING |  Transacción id 2468: Monto <= 0
2026-08-05 20:07:32,013 | WARNING |  Transacción id 2469: Inversor inválido
2026-08-05 20:07:32,013 | WARNING |  Transacción id 2473: Monto <= 0
2026-08-05 20:07:32,014 | WARNING |  Transacción id 2475: Inversor inválido
2026-08-05 20:07:32,014 | WARNING |  Transacción id 2480: Inversor inválido
2026-08-05 20:07:32,014 | WARNING |  Transacción id 2485: Monto <= 0
2026-08-05 20:07:32,014 | WARNING |  Transacción id 2487: Inversor inválido
2026-08-05 20:07:32,014 | WARNING |  Transacción id 2490: Monto <= 0
2026-08-05 20:07:32,014 | WARNING |  Transacción id 2493: Monto <= 0
2026-08-05 20:07:32,014 | WARNING |  Transacción id 2495: Monto <= 0
2026-08-05 20:07:32,015 | WARNING |  Transacción id 2504: Inversor inválido
2026-08-05 20:07:32,015 | WARNING |  Transacción id 2506: Inversor inválido
2026-08-05 20:07:32,015 | WARNING |  Transacción id 2510: Monto <= 0
2026-08-05 20:07:32,015 | WARNING |  Transacción id 2512: Monto <= 0
2026-08-05 20:07:32,015 | WARNING |  Transacción id 2515: Inversor inválido
2026-08-05 20:07:32,015 | WARNING |  Transacción id 2516: Inversor inválido
2026-08-05 20:07:32,015 | WARNING |  Transacción id 2520: Monto <= 0
2026-08-05 20:07:32,016 | WARNING |  Transacción id 2528: Monto <= 0
2026-08-05 20:07:32,016 | WARNING |  Transacción id 2533: Monto <= 0
2026-08-05 20:07:32,016 | WARNING |  Transacción id 2534: Inversor inválido
2026-08-05 20:07:32,016 | WARNING |  Transacción id 2535: Monto <= 0
2026-08-05 20:07:32,016 | WARNING |  Transacción id 2536: Inversor inválido
2026-08-05 20:07:32,016 | WARNING |  Transacción id 2539: Monto <= 0
2026-08-05 20:07:32,016 | WARNING |  Transacción id 2540: Monto <= 0
2026-08-05 20:07:32,017 | WARNING |  Transacción id 2548: Monto <= 0
2026-08-05 20:07:32,017 | WARNING |  Transacción id 2549: Monto <= 0
2026-08-05 20:07:32,017 | WARNING |  Transacción id 2552: Monto <= 0
2026-08-05 20:07:32,017 | WARNING |  Transacción id 2556: Inversor inválido
2026-08-05 20:07:32,017 | WARNING |  Transacción id 2557: Inversor inválido
2026-08-05 20:07:32,017 | WARNING |  Transacción id 2561: Inversor inválido
2026-08-05 20:07:32,018 | WARNING |  Transacción id 2563: Monto <= 0
2026-08-05 20:07:32,018 | WARNING |  Transacción id 2564: Monto <= 0
2026-08-05 20:07:32,018 | WARNING |  Transacción id 2566: Inversor inválido
2026-08-05 20:07:32,018 | WARNING |  Transacción id 2567: Monto <= 0
2026-08-05 20:07:32,018 | WARNING |  Transacción id 2575: Monto <= 0
2026-08-05 20:07:32,018 | WARNING |  Transacción id 2580: Inversor inválido
2026-08-05 20:07:32,018 | WARNING |  Transacción id 2582: Inversor inválido
2026-08-05 20:07:32,018 | WARNING |  Transacción id 2583: Monto <= 0
2026-08-05 20:07:32,019 | WARNING |  Transacción id 2585: Monto <= 0
2026-08-05 20:07:32,019 | WARNING |  Transacción id 2591: Monto <= 0
2026-08-05 20:07:32,019 | WARNING |  Transacción id 2593: Monto <= 0
2026-08-05 20:07:32,019 | WARNING |  Transacción id 2594: Inversor inválido
2026-08-05 20:07:32,019 | WARNING |  Transacción id 2601: Monto <= 0
2026-08-05 20:07:32,019 | WARNING |  Transacción id 2604: Monto <= 0
2026-08-05 20:07:32,020 | WARNING |  Transacción id 2605: Monto <= 0
2026-08-05 20:07:32,020 | WARNING |  Transacción id 2608: Monto <= 0
2026-08-05 20:07:32,020 | WARNING |  Transacción id 2611: Monto <= 0
2026-08-05 20:07:32,020 | WARNING |  Transacción id 2614: Monto <= 0
2026-08-05 20:07:32,020 | WARNING |  Transacción id 2615: Monto <= 0
2026-08-05 20:07:32,020 | WARNING |  Transacción id 2625: Monto <= 0
2026-08-05 20:07:32,020 | WARNING |  Transacción id 2628: Inversor inválido
2026-08-05 20:07:32,020 | WARNING |  Transacción id 2633: Monto <= 0
2026-08-05 20:07:32,020 | WARNING |  Transacción id 2634: Monto <= 0
2026-08-05 20:07:32,021 | WARNING |  Transacción id 2640: Monto <= 0
2026-08-05 20:07:32,021 | WARNING |  Transacción id 2642: Monto <= 0
2026-08-05 20:07:32,021 | WARNING |  Transacción id 2644: Monto <= 0
2026-08-05 20:07:32,021 | WARNING |  Transacción id 2650: Monto <= 0
2026-08-05 20:07:32,021 | WARNING |  Transacción id 2651: Monto <= 0
2026-08-05 20:07:32,021 | WARNING |  Transacción id 2656: Inversor inválido
2026-08-05 20:07:32,021 | WARNING |  Transacción id 2660: Monto <= 0
2026-08-05 20:07:32,021 | WARNING |  Transacción id 2662: Monto <= 0
2026-08-05 20:07:32,021 | WARNING |  Transacción id 2670: Inversor inválido
2026-08-05 20:07:32,022 | WARNING |  Transacción id 2673: Inversor inválido
2026-08-05 20:07:32,022 | WARNING |  Transacción id 2676: Inversor inválido
2026-08-05 20:07:32,022 | WARNING |  Transacción id 2687: Monto <= 0
2026-08-05 20:07:32,022 | WARNING |  Transacción id 2689: Inversor inválido
2026-08-05 20:07:32,022 | WARNING |  Transacción id 2694: Monto <= 0
2026-08-05 20:07:32,022 | WARNING |  Transacción id 2698: Monto <= 0
2026-08-05 20:07:32,022 | WARNING |  Transacción id 2699: Monto <= 0
2026-08-05 20:07:32,022 | WARNING |  Transacción id 2701: Monto <= 0
2026-08-05 20:07:32,022 | WARNING |  Transacción id 2703: Monto <= 0
2026-08-05 20:07:32,022 | WARNING |  Transacción id 2708: Inversor inválido
2026-08-05 20:07:32,023 | WARNING |  Transacción id 2712: Inversor inválido
2026-08-05 20:07:32,023 | WARNING |  Transacción id 2714: Monto <= 0
2026-08-05 20:07:32,023 | WARNING |  Transacción id 2717: Monto <= 0
2026-08-05 20:07:32,023 | WARNING |  Transacción id 2722: Monto <= 0
2026-08-05 20:07:32,023 | WARNING |  Transacción id 2725: Monto <= 0
2026-08-05 20:07:32,023 | WARNING |  Transacción id 2727: Inversor inválido
2026-08-05 20:07:32,023 | WARNING |  Transacción id 2728: Monto <= 0
2026-08-05 20:07:32,023 | WARNING |  Transacción id 2730: Inversor inválido
2026-08-05 20:07:32,023 | WARNING |  Transacción id 2737: Inversor inválido
2026-08-05 20:07:32,024 | WARNING |  Transacción id 2741: Inversor inválido
2026-08-05 20:07:32,024 | WARNING |  Transacción id 2743: Monto <= 0
2026-08-05 20:07:32,024 | WARNING |  Transacción id 2750: Inversor inválido
2026-08-05 20:07:32,024 | WARNING |  Transacción id 2753: Monto <= 0
2026-08-05 20:07:32,024 | WARNING |  Transacción id 2754: Monto <= 0
2026-08-05 20:07:32,024 | WARNING |  Transacción id 2755: Monto <= 0
2026-08-05 20:07:32,025 | WARNING |  Transacción id 2756: Monto <= 0
2026-08-05 20:07:32,025 | WARNING |  Transacción id 2759: Inversor inválido
2026-08-05 20:07:32,025 | WARNING |  Transacción id 2765: Inversor inválido
2026-08-05 20:07:32,025 | WARNING |  Transacción id 2766: Monto <= 0
2026-08-05 20:07:32,025 | WARNING |  Transacción id 2770: Monto <= 0
2026-08-05 20:07:32,025 | WARNING |  Transacción id 2772: Monto <= 0
2026-08-05 20:07:32,025 | WARNING |  Transacción id 2773: Inversor inválido
2026-08-05 20:07:32,026 | WARNING |  Transacción id 2781: Inversor inválido
2026-08-05 20:07:32,026 | WARNING |  Transacción id 2782: Monto <= 0
2026-08-05 20:07:32,026 | WARNING |  Transacción id 2791: Monto <= 0
2026-08-05 20:07:32,026 | WARNING |  Transacción id 2794: Inversor inválido
2026-08-05 20:07:32,026 | WARNING |  Transacción id 2795: Monto <= 0
2026-08-05 20:07:32,026 | WARNING |  Transacción id 2799: Inversor inválido
2026-08-05 20:07:32,026 | WARNING |  Transacción id 2800: Monto <= 0
2026-08-05 20:07:32,026 | WARNING |  Transacción id 2803: Monto <= 0
2026-08-05 20:07:32,027 | WARNING |  Transacción id 2804: Monto <= 0
2026-08-05 20:07:32,027 | WARNING |  Transacción id 2806: Inversor inválido
2026-08-05 20:07:32,027 | WARNING |  Transacción id 2822: Inversor inválido
2026-08-05 20:07:32,027 | WARNING |  Transacción id 2836: Monto <= 0
2026-08-05 20:07:32,027 | WARNING |  Transacción id 2837: Inversor inválido
2026-08-05 20:07:32,027 | WARNING |  Transacción id 2838: Inversor inválido
2026-08-05 20:07:32,027 | WARNING |  Transacción id 2842: Monto <= 0
2026-08-05 20:07:32,027 | WARNING |  Transacción id 2847: Monto <= 0
2026-08-05 20:07:32,027 | WARNING |  Transacción id 2852: Monto <= 0
2026-08-05 20:07:32,028 | WARNING |  Transacción id 2855: Inversor inválido
2026-08-05 20:07:32,028 | WARNING |  Transacción id 2856: Inversor inválido
2026-08-05 20:07:32,028 | WARNING |  Transacción id 2859: Inversor inválido
2026-08-05 20:07:32,028 | WARNING |  Transacción id 2862: Monto <= 0
2026-08-05 20:07:32,028 | WARNING |  Transacción id 2864: Monto <= 0
2026-08-05 20:07:32,028 | WARNING |  Transacción id 2867: Monto <= 0
2026-08-05 20:07:32,028 | WARNING |  Transacción id 2869: Inversor inválido
2026-08-05 20:07:32,028 | WARNING |  Transacción id 2872: Inversor inválido
2026-08-05 20:07:32,028 | WARNING |  Transacción id 2874: Monto <= 0
2026-08-05 20:07:32,029 | WARNING |  Transacción id 2878: Monto <= 0
2026-08-05 20:07:32,029 | WARNING |  Transacción id 2880: Inversor inválido
2026-08-05 20:07:32,029 | WARNING |  Transacción id 2882: Monto <= 0
2026-08-05 20:07:32,029 | WARNING |  Transacción id 2883: Monto <= 0
2026-08-05 20:07:32,029 | WARNING |  Transacción id 2900: Monto <= 0
2026-08-05 20:07:32,029 | WARNING |  Transacción id 2901: Monto <= 0
2026-08-05 20:07:32,029 | WARNING |  Transacción id 2913: Monto <= 0
2026-08-05 20:07:32,029 | WARNING |  Transacción id 2914: Inversor inválido
2026-08-05 20:07:32,029 | WARNING |  Transacción id 2915: Inversor inválido
2026-08-05 20:07:32,030 | WARNING |  Transacción id 2919: Monto <= 0
2026-08-05 20:07:32,030 | WARNING |  Transacción id 2921: Inversor inválido
2026-08-05 20:07:32,030 | WARNING |  Transacción id 2926: Monto <= 0
2026-08-05 20:07:32,030 | WARNING |  Transacción id 2927: Monto <= 0
2026-08-05 20:07:32,030 | WARNING |  Transacción id 2928: Inversor inválido
2026-08-05 20:07:32,030 | WARNING |  Transacción id 2930: Monto <= 0
2026-08-05 20:07:32,030 | WARNING |  Transacción id 2931: Monto <= 0
2026-08-05 20:07:32,030 | WARNING |  Transacción id 2932: Monto <= 0
2026-08-05 20:07:32,030 | WARNING |  Transacción id 2934: Inversor inválido
2026-08-05 20:07:32,030 | WARNING |  Transacción id 2935: Inversor inválido
2026-08-05 20:07:32,031 | WARNING |  Transacción id 2936: Monto <= 0
2026-08-05 20:07:32,031 | WARNING |  Transacción id 2941: Inversor inválido
2026-08-05 20:07:32,031 | WARNING |  Transacción id 2944: Inversor inválido
2026-08-05 20:07:32,031 | WARNING |  Transacción id 2945: Monto <= 0
2026-08-05 20:07:32,031 | WARNING |  Transacción id 2949: Monto <= 0
2026-08-05 20:07:32,031 | WARNING |  Transacción id 2950: Monto <= 0
2026-08-05 20:07:32,031 | WARNING |  Transacción id 2951: Monto <= 0
2026-08-05 20:07:32,031 | WARNING |  Transacción id 2953: Monto <= 0
2026-08-05 20:07:32,031 | WARNING |  Transacción id 2954: Monto <= 0
2026-08-05 20:07:32,032 | WARNING |  Transacción id 2956: Monto <= 0
2026-08-05 20:07:32,032 | WARNING |  Transacción id 2958: Monto <= 0
2026-08-05 20:07:32,032 | WARNING |  Transacción id 2962: Inversor inválido
2026-08-05 20:07:32,032 | WARNING |  Transacción id 2963: Monto <= 0
2026-08-05 20:07:32,032 | WARNING |  Transacción id 2965: Inversor inválido
2026-08-05 20:07:32,032 | WARNING |  Transacción id 2970: Monto <= 0
2026-08-05 20:07:32,032 | WARNING |  Transacción id 2971: Inversor inválido
2026-08-05 20:07:32,032 | WARNING |  Transacción id 2977: Monto <= 0
2026-08-05 20:07:32,033 | WARNING |  Transacción id 2979: Inversor inválido
2026-08-05 20:07:32,033 | WARNING |  Transacción id 2980: Monto <= 0
2026-08-05 20:07:32,033 | WARNING |  Transacción id 2986: Inversor inválido
2026-08-05 20:07:32,033 | WARNING |  Transacción id 2989: Monto <= 0
2026-08-05 20:07:32,033 | WARNING |  Transacción id 2990: Monto <= 0
2026-08-05 20:07:32,033 | WARNING |  Transacción id 2991: Monto <= 0
2026-08-05 20:07:32,033 | WARNING |  Transacción id 2994: Inversor inválido
2026-08-05 20:07:32,033 | WARNING |  Transacción id 2995: Monto <= 0
2026-08-05 20:07:32,034 | WARNING |  Transacción id 2996: Monto <= 0
2026-08-05 20:07:32,034 | WARNING |  Transacción id 2997: Inversor inválido
2026-08-05 20:07:32,034 | WARNING |  Transacción id 2998: Inversor inválido
2026-08-05 20:07:32,034 | WARNING |  Transacción id 3000: Inversor inválido
2026-08-05 20:07:32,034 | WARNING |  Transacción id 3003: Inversor inválido
2026-08-05 20:07:32,034 | WARNING |  Transacción id 3004: Inversor inválido
2026-08-05 20:07:32,034 | WARNING |  Transacción id 3007: Monto <= 0
2026-08-05 20:07:32,034 | WARNING |  Transacción id 3011: Monto <= 0
2026-08-05 20:07:32,035 | WARNING |  Transacción id 3015: Monto <= 0
2026-08-05 20:07:32,035 | WARNING |  Transacción id 3016: Monto <= 0
2026-08-05 20:07:32,035 | WARNING |  Transacción id 3020: Monto <= 0
2026-08-05 20:07:32,035 | WARNING |  Transacción id 3021: Inversor inválido
2026-08-05 20:07:32,035 | WARNING |  Transacción id 3022: Monto <= 0
2026-08-05 20:07:32,035 | WARNING |  Transacción id 3026: Monto <= 0
2026-08-05 20:07:32,035 | WARNING |  Transacción id 3028: Monto <= 0
2026-08-05 20:07:32,035 | WARNING |  Transacción id 3038: Monto <= 0
2026-08-05 20:07:32,036 | WARNING |  Transacción id 3041: Monto <= 0
2026-08-05 20:07:32,036 | WARNING |  Transacción id 3042: Monto <= 0
2026-08-05 20:07:32,036 | WARNING |  Transacción id 3046: Inversor inválido
2026-08-05 20:07:32,036 | WARNING |  Transacción id 3048: Monto <= 0
2026-08-05 20:07:32,036 | WARNING |  Transacción id 3052: Inversor inválido
2026-08-05 20:07:32,036 | WARNING |  Transacción id 3059: Inversor inválido
2026-08-05 20:07:32,036 | WARNING |  Transacción id 3062: Inversor inválido
2026-08-05 20:07:32,036 | WARNING |  Transacción id 3065: Monto <= 0
2026-08-05 20:07:32,036 | WARNING |  Transacción id 3072: Inversor inválido
2026-08-05 20:07:32,037 | WARNING |  Transacción id 3074: Inversor inválido
2026-08-05 20:07:32,037 | WARNING |  Transacción id 3075: Monto <= 0
2026-08-05 20:07:32,037 | WARNING |  Transacción id 3077: Monto <= 0
2026-08-05 20:07:32,037 | WARNING |  Transacción id 3079: Monto <= 0
2026-08-05 20:07:32,037 | WARNING |  Transacción id 3080: Monto <= 0
2026-08-05 20:07:32,037 | WARNING |  Transacción id 3081: Inversor inválido
2026-08-05 20:07:32,037 | WARNING |  Transacción id 3084: Monto <= 0
2026-08-05 20:07:32,037 | WARNING |  Transacción id 3085: Inversor inválido
2026-08-05 20:07:32,037 | WARNING |  Transacción id 3088: Inversor inválido
2026-08-05 20:07:32,038 | WARNING |  Transacción id 3094: Monto <= 0
2026-08-05 20:07:32,038 | WARNING |  Transacción id 3095: Inversor inválido
2026-08-05 20:07:32,038 | WARNING |  Transacción id 3097: Inversor inválido
2026-08-05 20:07:32,038 | WARNING |  Transacción id 3099: Inversor inválido
2026-08-05 20:07:32,038 | WARNING |  Transacción id 3102: Monto <= 0
2026-08-05 20:07:32,038 | WARNING |  Transacción id 3103: Monto <= 0
2026-08-05 20:07:32,038 | WARNING |  Transacción id 3107: Monto <= 0
2026-08-05 20:07:32,038 | WARNING |  Transacción id 3109: Inversor inválido
2026-08-05 20:07:32,038 | WARNING |  Transacción id 3112: Monto <= 0
2026-08-05 20:07:32,039 | WARNING |  Transacción id 3118: Monto <= 0
2026-08-05 20:07:32,039 | WARNING |  Transacción id 3123: Monto <= 0
2026-08-05 20:07:32,039 | WARNING |  Transacción id 3127: Monto <= 0
2026-08-05 20:07:32,039 | WARNING |  Transacción id 3128: Inversor inválido
2026-08-05 20:07:32,039 | WARNING |  Transacción id 3132: Monto <= 0
2026-08-05 20:07:32,039 | WARNING |  Transacción id 3133: Inversor inválido
2026-08-05 20:07:32,039 | WARNING |  Transacción id 3135: Monto <= 0
2026-08-05 20:07:32,039 | WARNING |  Transacción id 3137: Inversor inválido
2026-08-05 20:07:32,039 | WARNING |  Transacción id 3138: Monto <= 0
2026-08-05 20:07:32,039 | WARNING |  Transacción id 3140: Monto <= 0
2026-08-05 20:07:32,040 | WARNING |  Transacción id 3146: Monto <= 0
2026-08-05 20:07:32,040 | WARNING |  Transacción id 3148: Inversor inválido
2026-08-05 20:07:32,040 | WARNING |  Transacción id 3152: Monto <= 0
2026-08-05 20:07:32,040 | WARNING |  Transacción id 3154: Monto <= 0
2026-08-05 20:07:32,040 | WARNING |  Transacción id 3160: Monto <= 0
2026-08-05 20:07:32,040 | WARNING |  Transacción id 3172: Monto <= 0
2026-08-05 20:07:32,040 | WARNING |  Transacción id 3174: Monto <= 0
2026-08-05 20:07:32,040 | WARNING |  Transacción id 3185: Monto <= 0
2026-08-05 20:07:32,040 | WARNING |  Transacción id 3187: Monto <= 0
2026-08-05 20:07:32,041 | WARNING |  Transacción id 3188: Inversor inválido
2026-08-05 20:07:32,041 | WARNING |  Transacción id 3189: Inversor inválido
2026-08-05 20:07:32,041 | WARNING |  Transacción id 3195: Inversor inválido
2026-08-05 20:07:32,041 | WARNING |  Transacción id 3197: Inversor inválido
2026-08-05 20:07:32,041 | WARNING |  Transacción id 3200: Inversor inválido
2026-08-05 20:07:32,041 | WARNING |  Transacción id 3201: Inversor inválido
2026-08-05 20:07:32,041 | WARNING |  Transacción id 3207: Inversor inválido
2026-08-05 20:07:32,041 | WARNING |  Transacción id 3208: Monto <= 0
2026-08-05 20:07:32,041 | WARNING |  Transacción id 3213: Inversor inválido
2026-08-05 20:07:32,042 | WARNING |  Transacción id 3218: Monto <= 0
2026-08-05 20:07:32,042 | WARNING |  Transacción id 3219: Monto <= 0
2026-08-05 20:07:32,042 | WARNING |  Transacción id 3221: Inversor inválido
2026-08-05 20:07:32,042 | WARNING |  Transacción id 3222: Inversor inválido
2026-08-05 20:07:32,042 | WARNING |  Transacción id 3223: Monto <= 0
2026-08-05 20:07:32,042 | WARNING |  Transacción id 3226: Monto <= 0
2026-08-05 20:07:32,042 | WARNING |  Transacción id 3229: Inversor inválido
2026-08-05 20:07:32,042 | WARNING |  Transacción id 3231: Monto <= 0
2026-08-05 20:07:32,042 | WARNING |  Transacción id 3232: Monto <= 0
2026-08-05 20:07:32,043 | WARNING |  Transacción id 3233: Monto <= 0
2026-08-05 20:07:32,043 | WARNING |  Transacción id 3234: Inversor inválido
2026-08-05 20:07:32,043 | WARNING |  Transacción id 3235: Monto <= 0
2026-08-05 20:07:32,043 | WARNING |  Transacción id 3239: Monto <= 0
2026-08-05 20:07:32,043 | WARNING |  Transacción id 3240: Monto <= 0
2026-08-05 20:07:32,043 | WARNING |  Transacción id 3242: Inversor inválido
2026-08-05 20:07:32,043 | WARNING |  Transacción id 3244: Inversor inválido
2026-08-05 20:07:32,043 | WARNING |  Transacción id 3245: Monto <= 0
2026-08-05 20:07:32,043 | WARNING |  Transacción id 3249: Monto <= 0
2026-08-05 20:07:32,043 | WARNING |  Transacción id 3252: Monto <= 0
2026-08-05 20:07:32,043 | WARNING |  Transacción id 3254: Inversor inválido
2026-08-05 20:07:32,044 | WARNING |  Transacción id 3256: Monto <= 0
2026-08-05 20:07:32,044 | WARNING |  Transacción id 3261: Monto <= 0
2026-08-05 20:07:32,044 | WARNING |  Transacción id 3271: Monto <= 0
2026-08-05 20:07:32,044 | WARNING |  Transacción id 3274: Inversor inválido
2026-08-05 20:07:32,044 | WARNING |  Transacción id 3278: Monto <= 0
2026-08-05 20:07:32,044 | WARNING |  Transacción id 3279: Monto <= 0
2026-08-05 20:07:32,044 | WARNING |  Transacción id 3285: Inversor inválido
2026-08-05 20:07:32,044 | WARNING |  Transacción id 3290: Monto <= 0
2026-08-05 20:07:32,044 | WARNING |  Transacción id 3296: Inversor inválido
2026-08-05 20:07:32,045 | WARNING |  Transacción id 3297: Monto <= 0
2026-08-05 20:07:32,045 | WARNING |  Transacción id 3304: Inversor inválido
2026-08-05 20:07:32,045 | WARNING |  Transacción id 3307: Inversor inválido
2026-08-05 20:07:32,045 | WARNING |  Transacción id 3311: Monto <= 0
2026-08-05 20:07:32,045 | WARNING |  Transacción id 3314: Inversor inválido
2026-08-05 20:07:32,045 | WARNING |  Transacción id 3318: Inversor inválido
2026-08-05 20:07:32,045 | WARNING |  Transacción id 3323: Inversor inválido
2026-08-05 20:07:32,045 | WARNING |  Transacción id 3326: Monto <= 0
2026-08-05 20:07:32,045 | WARNING |  Transacción id 3332: Inversor inválido
2026-08-05 20:07:32,046 | WARNING |  Transacción id 3338: Monto <= 0
2026-08-05 20:07:32,046 | WARNING |  Transacción id 3340: Monto <= 0
2026-08-05 20:07:32,046 | WARNING |  Transacción id 3344: Monto <= 0
2026-08-05 20:07:32,046 | WARNING |  Transacción id 3347: Inversor inválido
2026-08-05 20:07:32,046 | WARNING |  Transacción id 3351: Monto <= 0
2026-08-05 20:07:32,046 | WARNING |  Transacción id 3356: Inversor inválido
2026-08-05 20:07:32,046 | WARNING |  Transacción id 3357: Monto <= 0
2026-08-05 20:07:32,046 | WARNING |  Transacción id 3359: Inversor inválido
2026-08-05 20:07:32,047 | WARNING |  Transacción id 3361: Monto <= 0
2026-08-05 20:07:32,047 | WARNING |  Transacción id 3363: Monto <= 0
2026-08-05 20:07:32,047 | WARNING |  Transacción id 3365: Monto <= 0
2026-08-05 20:07:32,047 | WARNING |  Transacción id 3366: Inversor inválido
2026-08-05 20:07:32,047 | WARNING |  Transacción id 3370: Monto <= 0
2026-08-05 20:07:32,047 | WARNING |  Transacción id 3371: Monto <= 0
2026-08-05 20:07:32,047 | WARNING |  Transacción id 3372: Monto <= 0
2026-08-05 20:07:32,047 | WARNING |  Transacción id 3373: Inversor inválido
2026-08-05 20:07:32,047 | WARNING |  Transacción id 3375: Inversor inválido
2026-08-05 20:07:32,048 | WARNING |  Transacción id 3378: Monto <= 0
2026-08-05 20:07:32,048 | WARNING |  Transacción id 3380: Inversor inválido
2026-08-05 20:07:32,048 | WARNING |  Transacción id 3387: Monto <= 0
2026-08-05 20:07:32,048 | WARNING |  Transacción id 3388: Monto <= 0
2026-08-05 20:07:32,048 | WARNING |  Transacción id 3391: Inversor inválido
2026-08-05 20:07:32,048 | WARNING |  Transacción id 3392: Monto <= 0
2026-08-05 20:07:32,048 | WARNING |  Transacción id 3395: Monto <= 0
2026-08-05 20:07:32,048 | WARNING |  Transacción id 3397: Monto <= 0
2026-08-05 20:07:32,048 | WARNING |  Transacción id 3398: Monto <= 0
2026-08-05 20:07:32,049 | WARNING |  Transacción id 3408: Monto <= 0
2026-08-05 20:07:32,049 | WARNING |  Transacción id 3410: Inversor inválido
2026-08-05 20:07:32,049 | WARNING |  Transacción id 3414: Monto <= 0
2026-08-05 20:07:32,049 | WARNING |  Transacción id 3415: Monto <= 0
2026-08-05 20:07:32,049 | WARNING |  Transacción id 3416: Monto <= 0
2026-08-05 20:07:32,049 | WARNING |  Transacción id 3422: Inversor inválido
2026-08-05 20:07:32,049 | WARNING |  Transacción id 3425: Monto <= 0
2026-08-05 20:07:32,049 | WARNING |  Transacción id 3427: Monto <= 0
2026-08-05 20:07:32,049 | WARNING |  Transacción id 3429: Inversor inválido
2026-08-05 20:07:32,049 | WARNING |  Transacción id 3433: Monto <= 0
2026-08-05 20:07:32,049 | WARNING |  Transacción id 3438: Monto <= 0
2026-08-05 20:07:32,050 | WARNING |  Transacción id 3439: Inversor inválido
2026-08-05 20:07:32,050 | WARNING |  Transacción id 3448: Monto <= 0
2026-08-05 20:07:32,050 | WARNING |  Transacción id 3450: Inversor inválido
2026-08-05 20:07:32,050 | WARNING |  Transacción id 3451: Inversor inválido
2026-08-05 20:07:32,050 | WARNING |  Transacción id 3453: Monto <= 0
2026-08-05 20:07:32,050 | WARNING |  Transacción id 3454: Inversor inválido
2026-08-05 20:07:32,050 | WARNING |  Transacción id 3456: Inversor inválido
2026-08-05 20:07:32,050 | WARNING |  Transacción id 3457: Inversor inválido
2026-08-05 20:07:32,051 | WARNING |  Transacción id 3459: Monto <= 0
2026-08-05 20:07:32,051 | WARNING |  Transacción id 3462: Inversor inválido
2026-08-05 20:07:32,051 | WARNING |  Transacción id 3465: Monto <= 0
2026-08-05 20:07:32,051 | WARNING |  Transacción id 3467: Monto <= 0
2026-08-05 20:07:32,051 | WARNING |  Transacción id 3471: Inversor inválido
2026-08-05 20:07:32,051 | WARNING |  Transacción id 3472: Monto <= 0
2026-08-05 20:07:32,051 | WARNING |  Transacción id 3474: Monto <= 0
2026-08-05 20:07:32,052 | WARNING |  Transacción id 3475: Monto <= 0
2026-08-05 20:07:32,052 | WARNING |  Transacción id 3477: Inversor inválido
2026-08-05 20:07:32,052 | WARNING |  Transacción id 3479: Monto <= 0
2026-08-05 20:07:32,052 | WARNING |  Transacción id 3480: Monto <= 0
2026-08-05 20:07:32,052 | WARNING |  Transacción id 3482: Monto <= 0
2026-08-05 20:07:32,052 | WARNING |  Transacción id 3483: Monto <= 0
2026-08-05 20:07:32,052 | WARNING |  Transacción id 3486: Monto <= 0
2026-08-05 20:07:32,052 | WARNING |  Transacción id 3491: Inversor inválido
2026-08-05 20:07:32,052 | WARNING |  Transacción id 3494: Inversor inválido
2026-08-05 20:07:32,053 | WARNING |  Transacción id 3500: Monto <= 0
2026-08-05 20:07:32,053 | WARNING |  Transacción id 3502: Monto <= 0
2026-08-05 20:07:32,053 | WARNING |  Transacción id 3503: Monto <= 0
2026-08-05 20:07:32,053 | WARNING |  Transacción id 3505: Inversor inválido
2026-08-05 20:07:32,053 | WARNING |  Transacción id 3509: Inversor inválido
2026-08-05 20:07:32,053 | WARNING |  Transacción id 3511: Monto <= 0
2026-08-05 20:07:32,053 | WARNING |  Transacción id 3516: Monto <= 0
2026-08-05 20:07:32,053 | WARNING |  Transacción id 3517: Inversor inválido
2026-08-05 20:07:32,053 | WARNING |  Transacción id 3518: Inversor inválido
2026-08-05 20:07:32,054 | WARNING |  Transacción id 3522: Inversor inválido
2026-08-05 20:07:32,054 | WARNING |  Transacción id 3529: Inversor inválido
2026-08-05 20:07:32,054 | WARNING |  Transacción id 3531: Monto <= 0
2026-08-05 20:07:32,054 | WARNING |  Transacción id 3540: Monto <= 0
2026-08-05 20:07:32,054 | WARNING |  Transacción id 3541: Monto <= 0
2026-08-05 20:07:32,054 | WARNING |  Transacción id 3547: Monto <= 0
2026-08-05 20:07:32,054 | WARNING |  Transacción id 3556: Monto <= 0
2026-08-05 20:07:32,054 | WARNING |  Transacción id 3557: Inversor inválido
2026-08-05 20:07:32,054 | WARNING |  Transacción id 3559: Inversor inválido
2026-08-05 20:07:32,055 | WARNING |  Transacción id 3560: Inversor inválido
2026-08-05 20:07:32,055 | WARNING |  Transacción id 3564: Inversor inválido
2026-08-05 20:07:32,055 | WARNING |  Transacción id 3574: Monto <= 0
2026-08-05 20:07:32,055 | WARNING |  Transacción id 3577: Monto <= 0
2026-08-05 20:07:32,055 | WARNING |  Transacción id 3579: Monto <= 0
2026-08-05 20:07:32,055 | WARNING |  Transacción id 3584: Monto <= 0
2026-08-05 20:07:32,055 | WARNING |  Transacción id 3589: Monto <= 0
2026-08-05 20:07:32,055 | WARNING |  Transacción id 3593: Inversor inválido
2026-08-05 20:07:32,055 | WARNING |  Transacción id 3594: Inversor inválido
2026-08-05 20:07:32,055 | WARNING |  Transacción id 3599: Monto <= 0
2026-08-05 20:07:32,055 | WARNING |  Transacción id 3601: Monto <= 0
2026-08-05 20:07:32,056 | WARNING |  Transacción id 3606: Monto <= 0
2026-08-05 20:07:32,056 | WARNING |  Transacción id 3607: Inversor inválido
2026-08-05 20:07:32,056 | WARNING |  Transacción id 3609: Monto <= 0
2026-08-05 20:07:32,056 | WARNING |  Transacción id 3612: Monto <= 0
2026-08-05 20:07:32,056 | WARNING |  Transacción id 3613: Monto <= 0
2026-08-05 20:07:32,056 | WARNING |  Transacción id 3619: Inversor inválido
2026-08-05 20:07:32,056 | WARNING |  Transacción id 3622: Monto <= 0
2026-08-05 20:07:32,056 | WARNING |  Transacción id 3623: Inversor inválido
2026-08-05 20:07:32,056 | WARNING |  Transacción id 3629: Monto <= 0
2026-08-05 20:07:32,057 | WARNING |  Transacción id 3630: Monto <= 0
2026-08-05 20:07:32,057 | WARNING |  Transacción id 3631: Monto <= 0
2026-08-05 20:07:32,057 | WARNING |  Transacción id 3634: Monto <= 0
2026-08-05 20:07:32,057 | WARNING |  Transacción id 3635: Monto <= 0
2026-08-05 20:07:32,057 | WARNING |  Transacción id 3636: Monto <= 0
2026-08-05 20:07:32,057 | WARNING |  Transacción id 3637: Inversor inválido
2026-08-05 20:07:32,057 | WARNING |  Transacción id 3642: Inversor inválido
2026-08-05 20:07:32,057 | WARNING |  Transacción id 3651: Monto <= 0
2026-08-05 20:07:32,057 | WARNING |  Transacción id 3652: Monto <= 0
2026-08-05 20:07:32,058 | WARNING |  Transacción id 3653: Monto <= 0
2026-08-05 20:07:32,058 | WARNING |  Transacción id 3659: Monto <= 0
2026-08-05 20:07:32,058 | WARNING |  Transacción id 3660: Monto <= 0
2026-08-05 20:07:32,058 | WARNING |  Transacción id 3665: Inversor inválido
2026-08-05 20:07:32,058 | WARNING |  Transacción id 3666: Monto <= 0
2026-08-05 20:07:32,058 | WARNING |  Transacción id 3667: Inversor inválido
2026-08-05 20:07:32,058 | WARNING |  Transacción id 3668: Inversor inválido
2026-08-05 20:07:32,058 | WARNING |  Transacción id 3669: Monto <= 0
2026-08-05 20:07:32,058 | WARNING |  Transacción id 3670: Monto <= 0
2026-08-05 20:07:32,058 | WARNING |  Transacción id 3673: Monto <= 0
2026-08-05 20:07:32,059 | WARNING |  Transacción id 3675: Monto <= 0
2026-08-05 20:07:32,059 | WARNING |  Transacción id 3691: Monto <= 0
2026-08-05 20:07:32,059 | WARNING |  Transacción id 3693: Monto <= 0
2026-08-05 20:07:32,059 | WARNING |  Transacción id 3695: Monto <= 0
2026-08-05 20:07:32,059 | WARNING |  Transacción id 3697: Monto <= 0
2026-08-05 20:07:32,059 | WARNING |  Transacción id 3699: Monto <= 0
2026-08-05 20:07:32,059 | WARNING |  Transacción id 3703: Inversor inválido
2026-08-05 20:07:32,059 | WARNING |  Transacción id 3709: Monto <= 0
2026-08-05 20:07:32,059 | WARNING |  Transacción id 3712: Inversor inválido
2026-08-05 20:07:32,059 | WARNING |  Transacción id 3714: Inversor inválido
2026-08-05 20:07:32,059 | WARNING |  Transacción id 3715: Inversor inválido
2026-08-05 20:07:32,060 | WARNING |  Transacción id 3717: Monto <= 0
2026-08-05 20:07:32,060 | WARNING |  Transacción id 3721: Monto <= 0
2026-08-05 20:07:32,060 | WARNING |  Transacción id 3724: Inversor inválido
2026-08-05 20:07:32,060 | WARNING |  Transacción id 3726: Inversor inválido
2026-08-05 20:07:32,060 | WARNING |  Transacción id 3730: Monto <= 0
2026-08-05 20:07:32,060 | WARNING |  Transacción id 3734: Monto <= 0
2026-08-05 20:07:32,060 | WARNING |  Transacción id 3737: Monto <= 0
2026-08-05 20:07:32,060 | WARNING |  Transacción id 3742: Monto <= 0
2026-08-05 20:07:32,060 | WARNING |  Transacción id 3743: Inversor inválido
2026-08-05 20:07:32,061 | WARNING |  Transacción id 3744: Monto <= 0
2026-08-05 20:07:32,061 | WARNING |  Transacción id 3747: Inversor inválido
2026-08-05 20:07:32,061 | WARNING |  Transacción id 3749: Inversor inválido
2026-08-05 20:07:32,061 | WARNING |  Transacción id 3751: Monto <= 0
2026-08-05 20:07:32,061 | WARNING |  Transacción id 3759: Monto <= 0
2026-08-05 20:07:32,061 | WARNING |  Transacción id 3762: Monto <= 0
2026-08-05 20:07:32,061 | WARNING |  Transacción id 3763: Monto <= 0
2026-08-05 20:07:32,061 | WARNING |  Transacción id 3767: Monto <= 0
2026-08-05 20:07:32,061 | WARNING |  Transacción id 3768: Inversor inválido
2026-08-05 20:07:32,062 | WARNING |  Transacción id 3773: Inversor inválido
2026-08-05 20:07:32,062 | WARNING |  Transacción id 3779: Monto <= 0
2026-08-05 20:07:32,062 | WARNING |  Transacción id 3782: Monto <= 0
2026-08-05 20:07:32,062 | WARNING |  Transacción id 3783: Inversor inválido
2026-08-05 20:07:32,062 | WARNING |  Transacción id 3788: Monto <= 0
2026-08-05 20:07:32,062 | WARNING |  Transacción id 3795: Inversor inválido
2026-08-05 20:07:32,062 | WARNING |  Transacción id 3799: Monto <= 0
2026-08-05 20:07:32,062 | WARNING |  Transacción id 3800: Inversor inválido
2026-08-05 20:07:32,063 | WARNING |  Transacción id 3802: Monto <= 0
2026-08-05 20:07:32,063 | WARNING |  Transacción id 3807: Monto <= 0
2026-08-05 20:07:32,063 | WARNING |  Transacción id 3811: Monto <= 0
2026-08-05 20:07:32,063 | WARNING |  Transacción id 3814: Monto <= 0
2026-08-05 20:07:32,063 | WARNING |  Transacción id 3827: Inversor inválido
2026-08-05 20:07:32,063 | WARNING |  Transacción id 3828: Inversor inválido
2026-08-05 20:07:32,063 | WARNING |  Transacción id 3830: Monto <= 0
2026-08-05 20:07:32,063 | WARNING |  Transacción id 3832: Inversor inválido
2026-08-05 20:07:32,063 | WARNING |  Transacción id 3834: Inversor inválido
2026-08-05 20:07:32,063 | WARNING |  Transacción id 3836: Monto <= 0
2026-08-05 20:07:32,063 | WARNING |  Transacción id 3838: Inversor inválido
2026-08-05 20:07:32,064 | WARNING |  Transacción id 3845: Monto <= 0
2026-08-05 20:07:32,064 | WARNING |  Transacción id 3847: Monto <= 0
2026-08-05 20:07:32,064 | WARNING |  Transacción id 3848: Inversor inválido
2026-08-05 20:07:32,064 | WARNING |  Transacción id 3850: Monto <= 0
2026-08-05 20:07:32,064 | WARNING |  Transacción id 3855: Monto <= 0
2026-08-05 20:07:32,064 | WARNING |  Transacción id 3856: Monto <= 0
2026-08-05 20:07:32,064 | WARNING |  Transacción id 3865: Monto <= 0
2026-08-05 20:07:32,064 | WARNING |  Transacción id 3871: Monto <= 0
2026-08-05 20:07:32,064 | WARNING |  Transacción id 3873: Monto <= 0
2026-08-05 20:07:32,065 | WARNING |  Transacción id 3877: Monto <= 0
2026-08-05 20:07:32,065 | WARNING |  Transacción id 3882: Monto <= 0
2026-08-05 20:07:32,065 | WARNING |  Transacción id 3883: Inversor inválido
2026-08-05 20:07:32,065 | WARNING |  Transacción id 3893: Monto <= 0
2026-08-05 20:07:32,065 | WARNING |  Transacción id 3895: Monto <= 0
2026-08-05 20:07:32,065 | WARNING |  Transacción id 3898: Monto <= 0
2026-08-05 20:07:32,065 | WARNING |  Transacción id 3899: Monto <= 0
2026-08-05 20:07:32,065 | WARNING |  Transacción id 3900: Monto <= 0
2026-08-05 20:07:32,065 | WARNING |  Transacción id 3904: Monto <= 0
2026-08-05 20:07:32,066 | WARNING |  Transacción id 3905: Inversor inválido
2026-08-05 20:07:32,066 | WARNING |  Transacción id 3906: Inversor inválido
2026-08-05 20:07:32,066 | WARNING |  Transacción id 3910: Inversor inválido
2026-08-05 20:07:32,066 | WARNING |  Transacción id 3916: Inversor inválido
2026-08-05 20:07:32,066 | WARNING |  Transacción id 3918: Monto <= 0
2026-08-05 20:07:32,066 | WARNING |  Transacción id 3919: Monto <= 0
2026-08-05 20:07:32,066 | WARNING |  Transacción id 3921: Monto <= 0
2026-08-05 20:07:32,066 | WARNING |  Transacción id 3926: Inversor inválido
2026-08-05 20:07:32,066 | WARNING |  Transacción id 3930: Inversor inválido
2026-08-05 20:07:32,066 | WARNING |  Transacción id 3934: Inversor inválido
2026-08-05 20:07:32,067 | WARNING |  Transacción id 3943: Monto <= 0
2026-08-05 20:07:32,067 | WARNING |  Transacción id 3944: Monto <= 0
2026-08-05 20:07:32,067 | WARNING |  Transacción id 3945: Monto <= 0
2026-08-05 20:07:32,067 | WARNING |  Transacción id 3955: Monto <= 0
2026-08-05 20:07:32,067 | WARNING |  Transacción id 3959: Monto <= 0
2026-08-05 20:07:32,067 | WARNING |  Transacción id 3963: Inversor inválido
2026-08-05 20:07:32,067 | WARNING |  Transacción id 3965: Monto <= 0
2026-08-05 20:07:32,068 | WARNING |  Transacción id 3972: Monto <= 0
2026-08-05 20:07:32,068 | WARNING |  Transacción id 3974: Monto <= 0
2026-08-05 20:07:32,068 | WARNING |  Transacción id 3977: Inversor inválido
2026-08-05 20:07:32,068 | WARNING |  Transacción id 3978: Monto <= 0
2026-08-05 20:07:32,068 | WARNING |  Transacción id 3983: Monto <= 0
2026-08-05 20:07:32,068 | WARNING |  Transacción id 3988: Monto <= 0
2026-08-05 20:07:32,068 | WARNING |  Transacción id 3989: Monto <= 0
2026-08-05 20:07:32,068 | WARNING |  Transacción id 3990: Monto <= 0
2026-08-05 20:07:32,069 | WARNING |  Transacción id 3991: Inversor inválido
2026-08-05 20:07:32,069 | WARNING |  Transacción id 3994: Inversor inválido
2026-08-05 20:07:32,069 | WARNING |  Transacción id 4006: Inversor inválido
2026-08-05 20:07:32,069 | WARNING |  Transacción id 4008: Monto <= 0
2026-08-05 20:07:32,069 | WARNING |  Transacción id 4011: Inversor inválido
2026-08-05 20:07:32,069 | WARNING |  Transacción id 4012: Inversor inválido
2026-08-05 20:07:32,069 | WARNING |  Transacción id 4015: Monto <= 0
2026-08-05 20:07:32,069 | WARNING |  Transacción id 4017: Inversor inválido
2026-08-05 20:07:32,069 | WARNING |  Transacción id 4021: Monto <= 0
2026-08-05 20:07:32,069 | WARNING |  Transacción id 4026: Monto <= 0
2026-08-05 20:07:32,070 | WARNING |  Transacción id 4028: Monto <= 0
2026-08-05 20:07:32,070 | WARNING |  Transacción id 4037: Inversor inválido
2026-08-05 20:07:32,070 | WARNING |  Transacción id 4038: Monto <= 0
2026-08-05 20:07:32,070 | WARNING |  Transacción id 4044: Monto <= 0
2026-08-05 20:07:32,070 | WARNING |  Transacción id 4045: Inversor inválido
2026-08-05 20:07:32,070 | WARNING |  Transacción id 4049: Monto <= 0
2026-08-05 20:07:32,070 | WARNING |  Transacción id 4050: Monto <= 0
2026-08-05 20:07:32,070 | WARNING |  Transacción id 4051: Monto <= 0
2026-08-05 20:07:32,070 | WARNING |  Transacción id 4052: Monto <= 0
2026-08-05 20:07:32,070 | WARNING |  Transacción id 4055: Inversor inválido
2026-08-05 20:07:32,071 | WARNING |  Transacción id 4061: Monto <= 0
2026-08-05 20:07:32,071 | WARNING |  Transacción id 4064: Monto <= 0
2026-08-05 20:07:32,071 | WARNING |  Transacción id 4065: Monto <= 0
2026-08-05 20:07:32,071 | WARNING |  Transacción id 4066: Monto <= 0
2026-08-05 20:07:32,071 | WARNING |  Transacción id 4067: Monto <= 0
2026-08-05 20:07:32,071 | WARNING |  Transacción id 4071: Monto <= 0
2026-08-05 20:07:32,071 | WARNING |  Transacción id 4073: Inversor inválido
2026-08-05 20:07:32,071 | WARNING |  Transacción id 4075: Monto <= 0
2026-08-05 20:07:32,071 | WARNING |  Transacción id 4080: Monto <= 0
2026-08-05 20:07:32,072 | WARNING |  Transacción id 4082: Inversor inválido
2026-08-05 20:07:32,072 | WARNING |  Transacción id 4083: Inversor inválido
2026-08-05 20:07:32,072 | WARNING |  Transacción id 4084: Inversor inválido
2026-08-05 20:07:32,072 | WARNING |  Transacción id 4085: Monto <= 0
2026-08-05 20:07:32,072 | WARNING |  Transacción id 4088: Inversor inválido
2026-08-05 20:07:32,072 | WARNING |  Transacción id 4089: Monto <= 0
2026-08-05 20:07:32,072 | WARNING |  Transacción id 4092: Inversor inválido
2026-08-05 20:07:32,072 | WARNING |  Transacción id 4093: Monto <= 0
2026-08-05 20:07:32,072 | WARNING |  Transacción id 4095: Inversor inválido
2026-08-05 20:07:32,072 | WARNING |  Transacción id 4096: Monto <= 0
2026-08-05 20:07:32,073 | WARNING |  Transacción id 4109: Monto <= 0
2026-08-05 20:07:32,073 | WARNING |  Transacción id 4111: Inversor inválido
2026-08-05 20:07:32,073 | WARNING |  Transacción id 4118: Inversor inválido
2026-08-05 20:07:32,073 | WARNING |  Transacción id 4122: Monto <= 0
2026-08-05 20:07:32,073 | WARNING |  Transacción id 4125: Monto <= 0
2026-08-05 20:07:32,073 | WARNING |  Transacción id 4130: Inversor inválido
2026-08-05 20:07:32,073 | WARNING |  Transacción id 4131: Monto <= 0
2026-08-05 20:07:32,073 | WARNING |  Transacción id 4141: Inversor inválido
2026-08-05 20:07:32,073 | WARNING |  Transacción id 4149: Monto <= 0
2026-08-05 20:07:32,073 | WARNING |  Transacción id 4152: Monto <= 0
2026-08-05 20:07:32,073 | WARNING |  Transacción id 4153: Inversor inválido
2026-08-05 20:07:32,074 | WARNING |  Transacción id 4154: Monto <= 0
2026-08-05 20:07:32,074 | WARNING |  Transacción id 4157: Monto <= 0
2026-08-05 20:07:32,074 | WARNING |  Transacción id 4159: Monto <= 0
2026-08-05 20:07:32,074 | WARNING |  Transacción id 4168: Monto <= 0
2026-08-05 20:07:32,074 | WARNING |  Transacción id 4169: Inversor inválido
2026-08-05 20:07:32,074 | WARNING |  Transacción id 4173: Monto <= 0
2026-08-05 20:07:32,074 | WARNING |  Transacción id 4174: Monto <= 0
2026-08-05 20:07:32,074 | WARNING |  Transacción id 4181: Inversor inválido
2026-08-05 20:07:32,074 | WARNING |  Transacción id 4185: Inversor inválido
2026-08-05 20:07:32,074 | WARNING |  Transacción id 4189: Inversor inválido
2026-08-05 20:07:32,074 | WARNING |  Transacción id 4193: Inversor inválido
2026-08-05 20:07:32,075 | WARNING |  Transacción id 4203: Inversor inválido
2026-08-05 20:07:32,075 | WARNING |  Transacción id 4207: Inversor inválido
2026-08-05 20:07:32,075 | WARNING |  Transacción id 4209: Monto <= 0
2026-08-05 20:07:32,075 | WARNING |  Transacción id 4211: Monto <= 0
2026-08-05 20:07:32,075 | WARNING |  Transacción id 4219: Monto <= 0
2026-08-05 20:07:32,075 | WARNING |  Transacción id 4225: Inversor inválido
2026-08-05 20:07:32,075 | WARNING |  Transacción id 4228: Monto <= 0
2026-08-05 20:07:32,075 | WARNING |  Transacción id 4230: Monto <= 0
2026-08-05 20:07:32,075 | WARNING |  Transacción id 4231: Monto <= 0
2026-08-05 20:07:32,075 | WARNING |  Transacción id 4232: Inversor inválido
2026-08-05 20:07:32,076 | WARNING |  Transacción id 4233: Inversor inválido
2026-08-05 20:07:32,076 | WARNING |  Transacción id 4234: Monto <= 0
2026-08-05 20:07:32,076 | WARNING |  Transacción id 4235: Inversor inválido
2026-08-05 20:07:32,076 | WARNING |  Transacción id 4244: Monto <= 0
2026-08-05 20:07:32,076 | WARNING |  Transacción id 4249: Monto <= 0
2026-08-05 20:07:32,076 | WARNING |  Transacción id 4252: Inversor inválido
2026-08-05 20:07:32,076 | WARNING |  Transacción id 4255: Monto <= 0
2026-08-05 20:07:32,076 | WARNING |  Transacción id 4256: Inversor inválido
2026-08-05 20:07:32,076 | WARNING |  Transacción id 4260: Monto <= 0
2026-08-05 20:07:32,077 | WARNING |  Transacción id 4261: Monto <= 0
2026-08-05 20:07:32,077 | WARNING |  Transacción id 4264: Monto <= 0
2026-08-05 20:07:32,077 | WARNING |  Transacción id 4268: Monto <= 0
2026-08-05 20:07:32,077 | WARNING |  Transacción id 4269: Monto <= 0
2026-08-05 20:07:32,077 | WARNING |  Transacción id 4270: Monto <= 0
2026-08-05 20:07:32,077 | WARNING |  Transacción id 4273: Monto <= 0
2026-08-05 20:07:32,077 | WARNING |  Transacción id 4276: Monto <= 0
2026-08-05 20:07:32,077 | WARNING |  Transacción id 4278: Monto <= 0
2026-08-05 20:07:32,077 | WARNING |  Transacción id 4282: Monto <= 0
2026-08-05 20:07:32,078 | WARNING |  Transacción id 4284: Monto <= 0
2026-08-05 20:07:32,078 | WARNING |  Transacción id 4285: Monto <= 0
2026-08-05 20:07:32,078 | WARNING |  Transacción id 4287: Inversor inválido
2026-08-05 20:07:32,078 | WARNING |  Transacción id 4290: Monto <= 0
2026-08-05 20:07:32,078 | WARNING |  Transacción id 4292: Inversor inválido
2026-08-05 20:07:32,078 | WARNING |  Transacción id 4294: Monto <= 0
2026-08-05 20:07:32,078 | WARNING |  Transacción id 4299: Monto <= 0
2026-08-05 20:07:32,078 | WARNING |  Transacción id 4306: Inversor inválido
2026-08-05 20:07:32,078 | WARNING |  Transacción id 4307: Monto <= 0
2026-08-05 20:07:32,078 | WARNING |  Transacción id 4313: Inversor inválido
2026-08-05 20:07:32,078 | WARNING |  Transacción id 4314: Inversor inválido
2026-08-05 20:07:32,079 | WARNING |  Transacción id 4316: Inversor inválido
2026-08-05 20:07:32,079 | WARNING |  Transacción id 4318: Monto <= 0
2026-08-05 20:07:32,079 | WARNING |  Transacción id 4321: Inversor inválido
2026-08-05 20:07:32,079 | WARNING |  Transacción id 4322: Monto <= 0
2026-08-05 20:07:32,079 | WARNING |  Transacción id 4324: Monto <= 0
2026-08-05 20:07:32,079 | WARNING |  Transacción id 4325: Inversor inválido
2026-08-05 20:07:32,079 | WARNING |  Transacción id 4326: Monto <= 0
2026-08-05 20:07:32,079 | WARNING |  Transacción id 4329: Monto <= 0
2026-08-05 20:07:32,079 | WARNING |  Transacción id 4330: Monto <= 0
2026-08-05 20:07:32,079 | WARNING |  Transacción id 4331: Monto <= 0
2026-08-05 20:07:32,080 | WARNING |  Transacción id 4332: Inversor inválido
2026-08-05 20:07:32,080 | WARNING |  Transacción id 4343: Monto <= 0
2026-08-05 20:07:32,080 | WARNING |  Transacción id 4346: Monto <= 0
2026-08-05 20:07:32,080 | WARNING |  Transacción id 4350: Inversor inválido
2026-08-05 20:07:32,080 | WARNING |  Transacción id 4352: Monto <= 0
2026-08-05 20:07:32,080 | WARNING |  Transacción id 4353: Inversor inválido
2026-08-05 20:07:32,080 | WARNING |  Transacción id 4354: Monto <= 0
2026-08-05 20:07:32,080 | WARNING |  Transacción id 4357: Monto <= 0
2026-08-05 20:07:32,080 | WARNING |  Transacción id 4360: Monto <= 0
2026-08-05 20:07:32,080 | WARNING |  Transacción id 4370: Monto <= 0
2026-08-05 20:07:32,081 | WARNING |  Transacción id 4374: Monto <= 0
2026-08-05 20:07:32,081 | WARNING |  Transacción id 4376: Monto <= 0
2026-08-05 20:07:32,081 | WARNING |  Transacción id 4380: Inversor inválido
2026-08-05 20:07:32,081 | WARNING |  Transacción id 4383: Inversor inválido
2026-08-05 20:07:32,081 | WARNING |  Transacción id 4384: Monto <= 0
2026-08-05 20:07:32,081 | WARNING |  Transacción id 4385: Monto <= 0
2026-08-05 20:07:32,081 | WARNING |  Transacción id 4390: Inversor inválido
2026-08-05 20:07:32,081 | WARNING |  Transacción id 4399: Monto <= 0
2026-08-05 20:07:32,081 | WARNING |  Transacción id 4400: Monto <= 0
2026-08-05 20:07:32,082 | WARNING |  Transacción id 4401: Inversor inválido
2026-08-05 20:07:32,082 | WARNING |  Transacción id 4404: Monto <= 0
2026-08-05 20:07:32,082 | WARNING |  Transacción id 4410: Monto <= 0
2026-08-05 20:07:32,082 | WARNING |  Transacción id 4415: Monto <= 0
2026-08-05 20:07:32,082 | WARNING |  Transacción id 4419: Monto <= 0
2026-08-05 20:07:32,082 | WARNING |  Transacción id 4420: Monto <= 0
2026-08-05 20:07:32,082 | WARNING |  Transacción id 4421: Monto <= 0
2026-08-05 20:07:32,082 | WARNING |  Transacción id 4428: Inversor inválido
2026-08-05 20:07:32,082 | WARNING |  Transacción id 4431: Monto <= 0
2026-08-05 20:07:32,082 | WARNING |  Transacción id 4433: Monto <= 0
2026-08-05 20:07:32,083 | WARNING |  Transacción id 4438: Monto <= 0
2026-08-05 20:07:32,083 | WARNING |  Transacción id 4439: Monto <= 0
2026-08-05 20:07:32,083 | WARNING |  Transacción id 4448: Monto <= 0
2026-08-05 20:07:32,083 | WARNING |  Transacción id 4453: Monto <= 0
2026-08-05 20:07:32,083 | WARNING |  Transacción id 4454: Inversor inválido
2026-08-05 20:07:32,083 | WARNING |  Transacción id 4456: Inversor inválido
2026-08-05 20:07:32,083 | WARNING |  Transacción id 4458: Monto <= 0
2026-08-05 20:07:32,083 | WARNING |  Transacción id 4461: Inversor inválido
2026-08-05 20:07:32,083 | WARNING |  Transacción id 4462: Inversor inválido
2026-08-05 20:07:32,084 | WARNING |  Transacción id 4463: Monto <= 0
2026-08-05 20:07:32,084 | WARNING |  Transacción id 4472: Inversor inválido
2026-08-05 20:07:32,084 | WARNING |  Transacción id 4473: Inversor inválido
2026-08-05 20:07:32,084 | WARNING |  Transacción id 4476: Monto <= 0
2026-08-05 20:07:32,084 | WARNING |  Transacción id 4477: Inversor inválido
2026-08-05 20:07:32,084 | WARNING |  Transacción id 4484: Monto <= 0
2026-08-05 20:07:32,084 | WARNING |  Transacción id 4485: Inversor inválido
2026-08-05 20:07:32,084 | WARNING |  Transacción id 4488: Inversor inválido
2026-08-05 20:07:32,084 | WARNING |  Transacción id 4489: Monto <= 0
2026-08-05 20:07:32,085 | WARNING |  Transacción id 4511: Monto <= 0
2026-08-05 20:07:32,085 | WARNING |  Transacción id 4512: Inversor inválido
2026-08-05 20:07:32,085 | WARNING |  Transacción id 4514: Inversor inválido
2026-08-05 20:07:32,085 | WARNING |  Transacción id 4516: Inversor inválido
2026-08-05 20:07:32,085 | WARNING |  Transacción id 4521: Monto <= 0
2026-08-05 20:07:32,085 | WARNING |  Transacción id 4523: Monto <= 0
2026-08-05 20:07:32,086 | WARNING |  Transacción id 4525: Monto <= 0
2026-08-05 20:07:32,086 | WARNING |  Transacción id 4526: Inversor inválido
2026-08-05 20:07:32,086 | WARNING |  Transacción id 4527: Inversor inválido
2026-08-05 20:07:32,086 | WARNING |  Transacción id 4529: Monto <= 0
2026-08-05 20:07:32,086 | WARNING |  Transacción id 4531: Monto <= 0
2026-08-05 20:07:32,086 | WARNING |  Transacción id 4532: Monto <= 0
2026-08-05 20:07:32,086 | WARNING |  Transacción id 4534: Inversor inválido
2026-08-05 20:07:32,086 | WARNING |  Transacción id 4538: Monto <= 0
2026-08-05 20:07:32,087 | WARNING |  Transacción id 4544: Inversor inválido
2026-08-05 20:07:32,087 | WARNING |  Transacción id 4546: Inversor inválido
2026-08-05 20:07:32,087 | WARNING |  Transacción id 4550: Monto <= 0
2026-08-05 20:07:32,087 | WARNING |  Transacción id 4552: Inversor inválido
2026-08-05 20:07:32,087 | WARNING |  Transacción id 4558: Monto <= 0
2026-08-05 20:07:32,087 | WARNING |  Transacción id 4559: Monto <= 0
2026-08-05 20:07:32,087 | WARNING |  Transacción id 4566: Monto <= 0
2026-08-05 20:07:32,087 | WARNING |  Transacción id 4570: Monto <= 0
2026-08-05 20:07:32,087 | WARNING |  Transacción id 4572: Monto <= 0
2026-08-05 20:07:32,087 | WARNING |  Transacción id 4580: Inversor inválido
2026-08-05 20:07:32,088 | WARNING |  Transacción id 4584: Monto <= 0
2026-08-05 20:07:32,088 | WARNING |  Transacción id 4587: Monto <= 0
2026-08-05 20:07:32,088 | WARNING |  Transacción id 4589: Inversor inválido
2026-08-05 20:07:32,088 | WARNING |  Transacción id 4595: Monto <= 0
2026-08-05 20:07:32,088 | WARNING |  Transacción id 4603: Monto <= 0
2026-08-05 20:07:32,088 | WARNING |  Transacción id 4607: Monto <= 0
2026-08-05 20:07:32,088 | WARNING |  Transacción id 4608: Inversor inválido
2026-08-05 20:07:32,088 | WARNING |  Transacción id 4609: Inversor inválido
2026-08-05 20:07:32,088 | WARNING |  Transacción id 4616: Inversor inválido
2026-08-05 20:07:32,088 | WARNING |  Transacción id 4618: Monto <= 0
2026-08-05 20:07:32,089 | WARNING |  Transacción id 4621: Monto <= 0
2026-08-05 20:07:32,089 | WARNING |  Transacción id 4622: Monto <= 0
2026-08-05 20:07:32,089 | WARNING |  Transacción id 4632: Monto <= 0
2026-08-05 20:07:32,089 | WARNING |  Transacción id 4634: Inversor inválido
2026-08-05 20:07:32,089 | WARNING |  Transacción id 4637: Inversor inválido
2026-08-05 20:07:32,089 | WARNING |  Transacción id 4638: Monto <= 0
2026-08-05 20:07:32,089 | WARNING |  Transacción id 4639: Inversor inválido
2026-08-05 20:07:32,089 | WARNING |  Transacción id 4640: Monto <= 0
2026-08-05 20:07:32,089 | WARNING |  Transacción id 4641: Inversor inválido
2026-08-05 20:07:32,089 | WARNING |  Transacción id 4643: Monto <= 0
2026-08-05 20:07:32,089 | WARNING |  Transacción id 4645: Monto <= 0
2026-08-05 20:07:32,090 | WARNING |  Transacción id 4648: Monto <= 0
2026-08-05 20:07:32,090 | WARNING |  Transacción id 4650: Inversor inválido
2026-08-05 20:07:32,090 | WARNING |  Transacción id 4651: Inversor inválido
2026-08-05 20:07:32,090 | WARNING |  Transacción id 4653: Inversor inválido
2026-08-05 20:07:32,090 | WARNING |  Transacción id 4655: Inversor inválido
2026-08-05 20:07:32,090 | WARNING |  Transacción id 4660: Monto <= 0
2026-08-05 20:07:32,090 | WARNING |  Transacción id 4664: Inversor inválido
2026-08-05 20:07:32,090 | WARNING |  Transacción id 4665: Monto <= 0
2026-08-05 20:07:32,090 | WARNING |  Transacción id 4670: Inversor inválido
2026-08-05 20:07:32,090 | WARNING |  Transacción id 4672: Monto <= 0
2026-08-05 20:07:32,091 | WARNING |  Transacción id 4683: Monto <= 0
2026-08-05 20:07:32,091 | WARNING |  Transacción id 4684: Inversor inválido
2026-08-05 20:07:32,091 | WARNING |  Transacción id 4688: Monto <= 0
2026-08-05 20:07:32,091 | WARNING |  Transacción id 4694: Monto <= 0
2026-08-05 20:07:32,091 | WARNING |  Transacción id 4698: Inversor inválido
2026-08-05 20:07:32,091 | WARNING |  Transacción id 4699: Inversor inválido
2026-08-05 20:07:32,091 | WARNING |  Transacción id 4701: Monto <= 0
2026-08-05 20:07:32,091 | WARNING |  Transacción id 4702: Monto <= 0
2026-08-05 20:07:32,091 | WARNING |  Transacción id 4705: Inversor inválido
2026-08-05 20:07:32,092 | WARNING |  Transacción id 4712: Monto <= 0
2026-08-05 20:07:32,092 | WARNING |  Transacción id 4714: Monto <= 0
2026-08-05 20:07:32,092 | WARNING |  Transacción id 4716: Inversor inválido
2026-08-05 20:07:32,092 | WARNING |  Transacción id 4718: Monto <= 0
2026-08-05 20:07:32,092 | WARNING |  Transacción id 4721: Monto <= 0
2026-08-05 20:07:32,092 | WARNING |  Transacción id 4724: Inversor inválido
2026-08-05 20:07:32,092 | WARNING |  Transacción id 4728: Monto <= 0
2026-08-05 20:07:32,092 | WARNING |  Transacción id 4731: Monto <= 0
2026-08-05 20:07:32,092 | WARNING |  Transacción id 4732: Monto <= 0
2026-08-05 20:07:32,092 | WARNING |  Transacción id 4734: Monto <= 0
2026-08-05 20:07:32,093 | WARNING |  Transacción id 4741: Monto <= 0
2026-08-05 20:07:32,093 | WARNING |  Transacción id 4750: Monto <= 0
2026-08-05 20:07:32,093 | WARNING |  Transacción id 4756: Inversor inválido
2026-08-05 20:07:32,093 | WARNING |  Transacción id 4757: Monto <= 0
2026-08-05 20:07:32,093 | WARNING |  Transacción id 4758: Inversor inválido
2026-08-05 20:07:32,093 | WARNING |  Transacción id 4760: Monto <= 0
2026-08-05 20:07:32,093 | WARNING |  Transacción id 4762: Monto <= 0
2026-08-05 20:07:32,093 | WARNING |  Transacción id 4765: Monto <= 0
2026-08-05 20:07:32,093 | WARNING |  Transacción id 4766: Monto <= 0
2026-08-05 20:07:32,093 | WARNING |  Transacción id 4767: Monto <= 0
2026-08-05 20:07:32,094 | WARNING |  Transacción id 4768: Monto <= 0
2026-08-05 20:07:32,094 | WARNING |  Transacción id 4770: Inversor inválido
2026-08-05 20:07:32,094 | WARNING |  Transacción id 4771: Monto <= 0
2026-08-05 20:07:32,094 | WARNING |  Transacción id 4773: Inversor inválido
2026-08-05 20:07:32,094 | WARNING |  Transacción id 4782: Monto <= 0
2026-08-05 20:07:32,094 | WARNING |  Transacción id 4784: Inversor inválido
2026-08-05 20:07:32,094 | WARNING |  Transacción id 4787: Monto <= 0
2026-08-05 20:07:32,094 | WARNING |  Transacción id 4789: Monto <= 0
2026-08-05 20:07:32,094 | WARNING |  Transacción id 4791: Monto <= 0
2026-08-05 20:07:32,094 | WARNING |  Transacción id 4794: Monto <= 0
2026-08-05 20:07:32,095 | WARNING |  Transacción id 4796: Monto <= 0
2026-08-05 20:07:32,095 | WARNING |  Transacción id 4799: Monto <= 0
2026-08-05 20:07:32,095 | WARNING |  Transacción id 4800: Monto <= 0
2026-08-05 20:07:32,095 | WARNING |  Transacción id 4801: Inversor inválido
2026-08-05 20:07:32,095 | WARNING |  Transacción id 4804: Inversor inválido
2026-08-05 20:07:32,095 | WARNING |  Transacción id 4806: Monto <= 0
2026-08-05 20:07:32,095 | WARNING |  Transacción id 4810: Monto <= 0
2026-08-05 20:07:32,095 | WARNING |  Transacción id 4812: Inversor inválido
2026-08-05 20:07:32,095 | WARNING |  Transacción id 4813: Inversor inválido
2026-08-05 20:07:32,095 | WARNING |  Transacción id 4816: Inversor inválido
2026-08-05 20:07:32,095 | WARNING |  Transacción id 4819: Monto <= 0
2026-08-05 20:07:32,096 | WARNING |  Transacción id 4822: Inversor inválido
2026-08-05 20:07:32,096 | WARNING |  Transacción id 4823: Monto <= 0
2026-08-05 20:07:32,096 | WARNING |  Transacción id 4827: Inversor inválido
2026-08-05 20:07:32,096 | WARNING |  Transacción id 4828: Monto <= 0
2026-08-05 20:07:32,096 | WARNING |  Transacción id 4834: Inversor inválido
2026-08-05 20:07:32,096 | WARNING |  Transacción id 4839: Monto <= 0
2026-08-05 20:07:32,096 | WARNING |  Transacción id 4841: Monto <= 0
2026-08-05 20:07:32,096 | WARNING |  Transacción id 4853: Monto <= 0
2026-08-05 20:07:32,097 | WARNING |  Transacción id 4854: Monto <= 0
2026-08-05 20:07:32,097 | WARNING |  Transacción id 4855: Inversor inválido
2026-08-05 20:07:32,097 | WARNING |  Transacción id 4859: Monto <= 0
2026-08-05 20:07:32,097 | WARNING |  Transacción id 4863: Monto <= 0
2026-08-05 20:07:32,097 | WARNING |  Transacción id 4865: Monto <= 0
2026-08-05 20:07:32,097 | WARNING |  Transacción id 4871: Monto <= 0
2026-08-05 20:07:32,097 | WARNING |  Transacción id 4872: Monto <= 0
2026-08-05 20:07:32,097 | WARNING |  Transacción id 4887: Monto <= 0
2026-08-05 20:07:32,097 | WARNING |  Transacción id 4891: Monto <= 0
2026-08-05 20:07:32,097 | WARNING |  Transacción id 4899: Monto <= 0
2026-08-05 20:07:32,098 | WARNING |  Transacción id 4900: Monto <= 0
2026-08-05 20:07:32,098 | WARNING |  Transacción id 4901: Monto <= 0
2026-08-05 20:07:32,098 | WARNING |  Transacción id 4903: Inversor inválido
2026-08-05 20:07:32,098 | WARNING |  Transacción id 4905: Monto <= 0
2026-08-05 20:07:32,098 | WARNING |  Transacción id 4907: Monto <= 0
2026-08-05 20:07:32,098 | WARNING |  Transacción id 4908: Monto <= 0
2026-08-05 20:07:32,098 | WARNING |  Transacción id 4909: Inversor inválido
2026-08-05 20:07:32,098 | WARNING |  Transacción id 4918: Monto <= 0
2026-08-05 20:07:32,098 | WARNING |  Transacción id 4919: Monto <= 0
2026-08-05 20:07:32,098 | WARNING |  Transacción id 4926: Monto <= 0
2026-08-05 20:07:32,099 | WARNING |  Transacción id 4934: Monto <= 0
2026-08-05 20:07:32,099 | WARNING |  Transacción id 4937: Inversor inválido
2026-08-05 20:07:32,099 | WARNING |  Transacción id 4943: Monto <= 0
2026-08-05 20:07:32,099 | WARNING |  Transacción id 4944: Inversor inválido
2026-08-05 20:07:32,099 | WARNING |  Transacción id 4945: Monto <= 0
2026-08-05 20:07:32,099 | WARNING |  Transacción id 4948: Monto <= 0
2026-08-05 20:07:32,099 | WARNING |  Transacción id 4951: Inversor inválido
2026-08-05 20:07:32,099 | WARNING |  Transacción id 4952: Monto <= 0
2026-08-05 20:07:32,099 | WARNING |  Transacción id 4953: Monto <= 0
2026-08-05 20:07:32,099 | WARNING |  Transacción id 4954: Monto <= 0
2026-08-05 20:07:32,099 | WARNING |  Transacción id 4957: Inversor inválido
2026-08-05 20:07:32,100 | WARNING |  Transacción id 4959: Monto <= 0
2026-08-05 20:07:32,100 | WARNING |  Transacción id 4960: Monto <= 0
2026-08-05 20:07:32,100 | WARNING |  Transacción id 4964: Inversor inválido
2026-08-05 20:07:32,100 | WARNING |  Transacción id 4965: Monto <= 0
2026-08-05 20:07:32,100 | WARNING |  Transacción id 4966: Monto <= 0
2026-08-05 20:07:32,100 | WARNING |  Transacción id 4973: Inversor inválido
2026-08-05 20:07:32,100 | WARNING |  Transacción id 4975: Inversor inválido
2026-08-05 20:07:32,101 | WARNING |  Transacción id 4977: Monto <= 0
2026-08-05 20:07:32,101 | WARNING |  Transacción id 4978: Monto <= 0
2026-08-05 20:07:32,101 | WARNING |  Transacción id 4983: Inversor inválido
2026-08-05 20:07:32,101 | WARNING |  Transacción id 4986: Monto <= 0
2026-08-05 20:07:32,101 | WARNING |  Transacción id 4991: Monto <= 0
2026-08-05 20:07:32,101 | WARNING |  Transacción id 4994: Monto <= 0
2026-08-05 20:07:32,101 | WARNING |  Transacción id 4997: Inversor inválido
2026-08-05 20:07:32,101 | WARNING |  Transacción id 5000: Monto <= 0
2026-08-05 20:07:32,102 | WARNING |  Transacción id 5002: Monto <= 0
2026-08-05 20:07:32,102 | WARNING |  Transacción id 5010: Inversor inválido
2026-08-05 20:07:32,102 | WARNING |  Transacción id 5011: Inversor inválido
2026-08-05 20:07:32,102 | WARNING |  Transacción id 5012: Monto <= 0
2026-08-05 20:07:32,102 | WARNING |  Transacción id 5014: Monto <= 0
2026-08-05 20:07:32,102 | WARNING |  Transacción id 5018: Monto <= 0
2026-08-05 20:07:32,102 | WARNING |  Transacción id 5023: Inversor inválido
2026-08-05 20:07:32,102 | WARNING |  Transacción id 5025: Monto <= 0
2026-08-05 20:07:32,103 | WARNING |  Transacción id 5031: Inversor inválido
2026-08-05 20:07:32,103 | WARNING |  Transacción id 5032: Monto <= 0
2026-08-05 20:07:32,103 | WARNING |  Transacción id 5043: Inversor inválido
2026-08-05 20:07:32,103 | WARNING |  Transacción id 5053: Inversor inválido
2026-08-05 20:07:32,103 | WARNING |  Transacción id 5062: Monto <= 0
2026-08-05 20:07:32,103 | WARNING |  Transacción id 5064: Inversor inválido
2026-08-05 20:07:32,103 | WARNING |  Transacción id 5067: Monto <= 0
2026-08-05 20:07:32,103 | WARNING |  Transacción id 5069: Monto <= 0
2026-08-05 20:07:32,103 | WARNING |  Transacción id 5070: Inversor inválido
2026-08-05 20:07:32,103 | WARNING |  Transacción id 5072: Monto <= 0
2026-08-05 20:07:32,104 | WARNING |  Transacción id 5079: Monto <= 0
2026-08-05 20:07:32,104 | WARNING |  Transacción id 5083: Inversor inválido
2026-08-05 20:07:32,104 | WARNING |  Transacción id 5086: Inversor inválido
2026-08-05 20:07:32,104 | WARNING |  Transacción id 5089: Inversor inválido
2026-08-05 20:07:32,104 | WARNING |  Transacción id 5090: Monto <= 0
2026-08-05 20:07:32,104 | WARNING |  Transacción id 5091: Monto <= 0
2026-08-05 20:07:32,104 | WARNING |  Transacción id 5093: Inversor inválido
2026-08-05 20:07:32,104 | WARNING |  Transacción id 5096: Inversor inválido
2026-08-05 20:07:32,104 | WARNING |  Transacción id 5099: Monto <= 0
2026-08-05 20:07:32,105 | WARNING |  Transacción id 5101: Inversor inválido
2026-08-05 20:07:32,105 | WARNING |  Transacción id 5106: Monto <= 0
2026-08-05 20:07:32,105 | WARNING |  Transacción id 5107: Monto <= 0
2026-08-05 20:07:32,105 | WARNING |  Transacción id 5110: Inversor inválido
2026-08-05 20:07:32,105 | WARNING |  Transacción id 5111: Inversor inválido
2026-08-05 20:07:32,105 | WARNING |  Transacción id 5112: Inversor inválido
2026-08-05 20:07:32,105 | WARNING |  Transacción id 5116: Inversor inválido
2026-08-05 20:07:32,105 | WARNING |  Transacción id 5117: Monto <= 0
2026-08-05 20:07:32,105 | WARNING |  Transacción id 5118: Inversor inválido
2026-08-05 20:07:32,105 | WARNING |  Transacción id 5122: Monto <= 0
2026-08-05 20:07:32,106 | WARNING |  Transacción id 5127: Inversor inválido
2026-08-05 20:07:32,106 | WARNING |  Transacción id 5130: Inversor inválido
2026-08-05 20:07:32,106 | WARNING |  Transacción id 5131: Monto <= 0
2026-08-05 20:07:32,106 | WARNING |  Transacción id 5132: Inversor inválido
2026-08-05 20:07:32,106 | WARNING |  Transacción id 5136: Inversor inválido
2026-08-05 20:07:32,106 | WARNING |  Transacción id 5137: Monto <= 0
2026-08-05 20:07:32,107 | WARNING |  Transacción id 5138: Monto <= 0
2026-08-05 20:07:32,107 | WARNING |  Transacción id 5142: Monto <= 0
2026-08-05 20:07:32,107 | WARNING |  Transacción id 5151: Monto <= 0
2026-08-05 20:07:32,107 | WARNING |  Transacción id 5155: Monto <= 0
2026-08-05 20:07:32,107 | WARNING |  Transacción id 5156: Monto <= 0
2026-08-05 20:07:32,107 | WARNING |  Transacción id 5159: Inversor inválido
2026-08-05 20:07:32,107 | WARNING |  Transacción id 5160: Inversor inválido
2026-08-05 20:07:32,107 | WARNING |  Transacción id 5169: Monto <= 0
2026-08-05 20:07:32,107 | WARNING |  Transacción id 5173: Monto <= 0
2026-08-05 20:07:32,108 | WARNING |  Transacción id 5175: Monto <= 0
2026-08-05 20:07:32,108 | WARNING |  Transacción id 5176: Inversor inválido
2026-08-05 20:07:32,108 | WARNING |  Transacción id 5180: Inversor inválido
2026-08-05 20:07:32,108 | WARNING |  Transacción id 5181: Monto <= 0
2026-08-05 20:07:32,108 | WARNING |  Transacción id 5190: Monto <= 0
2026-08-05 20:07:32,108 | WARNING |  Transacción id 5191: Monto <= 0
2026-08-05 20:07:32,108 | WARNING |  Transacción id 5201: Monto <= 0
2026-08-05 20:07:32,108 | WARNING |  Transacción id 5203: Monto <= 0
2026-08-05 20:07:32,108 | WARNING |  Transacción id 5205: Monto <= 0
2026-08-05 20:07:32,108 | WARNING |  Transacción id 5209: Monto <= 0
2026-08-05 20:07:32,109 | WARNING |  Transacción id 5211: Monto <= 0
2026-08-05 20:07:32,109 | WARNING |  Transacción id 5213: Monto <= 0
2026-08-05 20:07:32,109 | WARNING |  Transacción id 5214: Monto <= 0
2026-08-05 20:07:32,109 | WARNING |  Transacción id 5216: Monto <= 0
2026-08-05 20:07:32,109 | WARNING |  Transacción id 5217: Monto <= 0
2026-08-05 20:07:32,109 | WARNING |  Transacción id 5219: Inversor inválido
2026-08-05 20:07:32,109 | WARNING |  Transacción id 5226: Monto <= 0
2026-08-05 20:07:32,109 | WARNING |  Transacción id 5230: Monto <= 0
2026-08-05 20:07:32,109 | WARNING |  Transacción id 5243: Inversor inválido
2026-08-05 20:07:32,109 | WARNING |  Transacción id 5249: Monto <= 0
2026-08-05 20:07:32,110 | WARNING |  Transacción id 5251: Monto <= 0
2026-08-05 20:07:32,110 | WARNING |  Transacción id 5255: Monto <= 0
2026-08-05 20:07:32,110 | WARNING |  Transacción id 5257: Inversor inválido
2026-08-05 20:07:32,110 | WARNING |  Transacción id 5258: Monto <= 0
2026-08-05 20:07:32,110 | WARNING |  Transacción id 5261: Monto <= 0
2026-08-05 20:07:32,110 | WARNING |  Transacción id 5265: Monto <= 0
2026-08-05 20:07:32,110 | WARNING |  Transacción id 5267: Monto <= 0
2026-08-05 20:07:32,110 | WARNING |  Transacción id 5271: Inversor inválido
2026-08-05 20:07:32,110 | WARNING |  Transacción id 5277: Inversor inválido
2026-08-05 20:07:32,110 | WARNING |  Transacción id 5290: Inversor inválido
2026-08-05 20:07:32,111 | WARNING |  Transacción id 5298: Monto <= 0
2026-08-05 20:07:32,111 | WARNING |  Transacción id 5299: Monto <= 0
2026-08-05 20:07:32,111 | WARNING |  Transacción id 5300: Monto <= 0
2026-08-05 20:07:32,111 | WARNING |  Transacción id 5303: Inversor inválido
2026-08-05 20:07:32,111 | WARNING |  Transacción id 5307: Monto <= 0
2026-08-05 20:07:32,111 | WARNING |  Transacción id 5309: Monto <= 0
2026-08-05 20:07:32,111 | WARNING |  Transacción id 5310: Monto <= 0
2026-08-05 20:07:32,111 | WARNING |  Transacción id 5312: Monto <= 0
2026-08-05 20:07:32,111 | WARNING |  Transacción id 5316: Inversor inválido
2026-08-05 20:07:32,112 | WARNING |  Transacción id 5318: Inversor inválido
2026-08-05 20:07:32,112 | WARNING |  Transacción id 5321: Monto <= 0
2026-08-05 20:07:32,112 | WARNING |  Transacción id 5322: Monto <= 0
2026-08-05 20:07:32,112 | WARNING |  Transacción id 5325: Inversor inválido
2026-08-05 20:07:32,112 | WARNING |  Transacción id 5334: Monto <= 0
2026-08-05 20:07:32,112 | WARNING |  Transacción id 5340: Monto <= 0
2026-08-05 20:07:32,112 | WARNING |  Transacción id 5346: Monto <= 0
2026-08-05 20:07:32,112 | WARNING |  Transacción id 5347: Inversor inválido
2026-08-05 20:07:32,112 | WARNING |  Transacción id 5348: Monto <= 0
2026-08-05 20:07:32,113 | WARNING |  Transacción id 5349: Inversor inválido
2026-08-05 20:07:32,113 | WARNING |  Transacción id 5350: Inversor inválido
2026-08-05 20:07:32,113 | WARNING |  Transacción id 5356: Inversor inválido
2026-08-05 20:07:32,113 | WARNING |  Transacción id 5363: Monto <= 0
2026-08-05 20:07:32,113 | WARNING |  Transacción id 5364: Monto <= 0
2026-08-05 20:07:32,113 | WARNING |  Transacción id 5366: Inversor inválido
2026-08-05 20:07:32,113 | WARNING |  Transacción id 5368: Inversor inválido
2026-08-05 20:07:32,113 | WARNING |  Transacción id 5369: Monto <= 0
2026-08-05 20:07:32,113 | WARNING |  Transacción id 5381: Monto <= 0
2026-08-05 20:07:32,113 | WARNING |  Transacción id 5383: Monto <= 0
2026-08-05 20:07:32,114 | WARNING |  Transacción id 5384: Inversor inválido
2026-08-05 20:07:32,114 | WARNING |  Transacción id 5385: Inversor inválido
2026-08-05 20:07:32,114 | WARNING |  Transacción id 5387: Monto <= 0
2026-08-05 20:07:32,114 | WARNING |  Transacción id 5388: Monto <= 0
2026-08-05 20:07:32,114 | WARNING |  Transacción id 5391: Monto <= 0
2026-08-05 20:07:32,114 | WARNING |  Transacción id 5392: Monto <= 0
2026-08-05 20:07:32,114 | WARNING |  Transacción id 5397: Monto <= 0
2026-08-05 20:07:32,114 | WARNING |  Transacción id 5399: Monto <= 0
2026-08-05 20:07:32,114 | WARNING |  Transacción id 5403: Monto <= 0
2026-08-05 20:07:32,114 | WARNING |  Transacción id 5404: Monto <= 0
2026-08-05 20:07:32,115 | WARNING |  Transacción id 5405: Monto <= 0
2026-08-05 20:07:32,115 | WARNING |  Transacción id 5409: Monto <= 0
2026-08-05 20:07:32,115 | WARNING |  Transacción id 5410: Monto <= 0
2026-08-05 20:07:32,115 | WARNING |  Transacción id 5411: Inversor inválido
2026-08-05 20:07:32,115 | WARNING |  Transacción id 5418: Monto <= 0
2026-08-05 20:07:32,115 | WARNING |  Transacción id 5420: Inversor inválido
2026-08-05 20:07:32,115 | WARNING |  Transacción id 5421: Monto <= 0
2026-08-05 20:07:32,115 | WARNING |  Transacción id 5422: Inversor inválido
2026-08-05 20:07:32,115 | WARNING |  Transacción id 5424: Monto <= 0
2026-08-05 20:07:32,115 | WARNING |  Transacción id 5425: Monto <= 0
2026-08-05 20:07:32,116 | WARNING |  Transacción id 5432: Monto <= 0
2026-08-05 20:07:32,116 | WARNING |  Transacción id 5436: Inversor inválido
2026-08-05 20:07:32,116 | WARNING |  Transacción id 5437: Monto <= 0
2026-08-05 20:07:32,116 | WARNING |  Transacción id 5439: Monto <= 0
2026-08-05 20:07:32,116 | WARNING |  Transacción id 5440: Monto <= 0
2026-08-05 20:07:32,116 | WARNING |  Transacción id 5443: Monto <= 0
2026-08-05 20:07:32,116 | WARNING |  Transacción id 5448: Inversor inválido
2026-08-05 20:07:32,116 | WARNING |  Transacción id 5450: Monto <= 0
2026-08-05 20:07:32,116 | WARNING |  Transacción id 5453: Monto <= 0
2026-08-05 20:07:32,117 | WARNING |  Transacción id 5458: Monto <= 0
2026-08-05 20:07:32,117 | WARNING |  Transacción id 5459: Monto <= 0
2026-08-05 20:07:32,117 | WARNING |  Transacción id 5463: Monto <= 0
2026-08-05 20:07:32,117 | WARNING |  Transacción id 5468: Inversor inválido
2026-08-05 20:07:32,117 | WARNING |  Transacción id 5469: Inversor inválido
2026-08-05 20:07:32,117 | WARNING |  Transacción id 5470: Monto <= 0
2026-08-05 20:07:32,117 | WARNING |  Transacción id 5476: Monto <= 0
2026-08-05 20:07:32,117 | WARNING |  Transacción id 5477: Monto <= 0
2026-08-05 20:07:32,118 | WARNING |  Transacción id 5483: Monto <= 0
2026-08-05 20:07:32,118 | WARNING |  Transacción id 5487: Inversor inválido
2026-08-05 20:07:32,118 | WARNING |  Transacción id 5489: Monto <= 0
2026-08-05 20:07:32,118 | WARNING |  Transacción id 5491: Monto <= 0
2026-08-05 20:07:32,118 | WARNING |  Transacción id 5493: Inversor inválido
2026-08-05 20:07:32,118 | WARNING |  Transacción id 5498: Monto <= 0
2026-08-05 20:07:32,118 | WARNING |  Transacción id 5505: Monto <= 0
2026-08-05 20:07:32,118 | WARNING |  Transacción id 5509: Inversor inválido
2026-08-05 20:07:32,119 | WARNING |  Transacción id 5511: Monto <= 0
2026-08-05 20:07:32,119 | WARNING |  Transacción id 5514: Monto <= 0
2026-08-05 20:07:32,119 | WARNING |  Transacción id 5522: Monto <= 0
2026-08-05 20:07:32,119 | WARNING |  Transacción id 5524: Monto <= 0
2026-08-05 20:07:32,119 | WARNING |  Transacción id 5529: Monto <= 0
2026-08-05 20:07:32,119 | WARNING |  Transacción id 5531: Inversor inválido
2026-08-05 20:07:32,119 | WARNING |  Transacción id 5534: Monto <= 0
2026-08-05 20:07:32,119 | WARNING |  Transacción id 5539: Monto <= 0
2026-08-05 20:07:32,119 | WARNING |  Transacción id 5545: Inversor inválido
2026-08-05 20:07:32,119 | WARNING |  Transacción id 5546: Inversor inválido
2026-08-05 20:07:32,120 | WARNING |  Transacción id 5548: Monto <= 0
2026-08-05 20:07:32,120 | WARNING |  Transacción id 5551: Inversor inválido
2026-08-05 20:07:32,120 | WARNING |  Transacción id 5552: Monto <= 0
2026-08-05 20:07:32,120 | WARNING |  Transacción id 5558: Monto <= 0
2026-08-05 20:07:32,120 | WARNING |  Transacción id 5563: Inversor inválido
2026-08-05 20:07:32,120 | WARNING |  Transacción id 5564: Inversor inválido
2026-08-05 20:07:32,120 | WARNING |  Transacción id 5567: Inversor inválido
2026-08-05 20:07:32,120 | WARNING |  Transacción id 5569: Monto <= 0
2026-08-05 20:07:32,120 | WARNING |  Transacción id 5577: Monto <= 0
2026-08-05 20:07:32,120 | WARNING |  Transacción id 5578: Inversor inválido
2026-08-05 20:07:32,120 | WARNING |  Transacción id 5581: Monto <= 0
2026-08-05 20:07:32,121 | WARNING |  Transacción id 5586: Monto <= 0
2026-08-05 20:07:32,121 | WARNING |  Transacción id 5588: Monto <= 0
2026-08-05 20:07:32,121 | WARNING |  Transacción id 5590: Monto <= 0
2026-08-05 20:07:32,121 | WARNING |  Transacción id 5591: Monto <= 0
2026-08-05 20:07:32,121 | WARNING |  Transacción id 5592: Inversor inválido
2026-08-05 20:07:32,121 | WARNING |  Transacción id 5600: Monto <= 0
2026-08-05 20:07:32,121 | WARNING |  Transacción id 5603: Inversor inválido
2026-08-05 20:07:32,121 | WARNING |  Transacción id 5606: Monto <= 0
2026-08-05 20:07:32,121 | WARNING |  Transacción id 5610: Monto <= 0
2026-08-05 20:07:32,122 | WARNING |  Transacción id 5612: Inversor inválido
2026-08-05 20:07:32,122 | WARNING |  Transacción id 5625: Monto <= 0
2026-08-05 20:07:32,122 | WARNING |  Transacción id 5630: Monto <= 0
2026-08-05 20:07:32,122 | WARNING |  Transacción id 5633: Monto <= 0
2026-08-05 20:07:32,122 | WARNING |  Transacción id 5636: Monto <= 0
2026-08-05 20:07:32,122 | WARNING |  Transacción id 5637: Monto <= 0
2026-08-05 20:07:32,122 | WARNING |  Transacción id 5644: Inversor inválido
2026-08-05 20:07:32,122 | WARNING |  Transacción id 5646: Monto <= 0
2026-08-05 20:07:32,122 | WARNING |  Transacción id 5647: Monto <= 0
2026-08-05 20:07:32,122 | WARNING |  Transacción id 5648: Monto <= 0
2026-08-05 20:07:32,123 | WARNING |  Transacción id 5649: Inversor inválido
2026-08-05 20:07:32,123 | WARNING |  Transacción id 5652: Monto <= 0
2026-08-05 20:07:32,123 | WARNING |  Transacción id 5659: Monto <= 0
2026-08-05 20:07:32,123 | WARNING |  Transacción id 5662: Inversor inválido
2026-08-05 20:07:32,123 | WARNING |  Transacción id 5671: Monto <= 0
2026-08-05 20:07:32,123 | WARNING |  Transacción id 5672: Monto <= 0
2026-08-05 20:07:32,123 | WARNING |  Transacción id 5676: Monto <= 0
2026-08-05 20:07:32,123 | WARNING |  Transacción id 5680: Inversor inválido
2026-08-05 20:07:32,123 | WARNING |  Transacción id 5684: Inversor inválido
2026-08-05 20:07:32,123 | WARNING |  Transacción id 5685: Inversor inválido
2026-08-05 20:07:32,124 | WARNING |  Transacción id 5689: Monto <= 0
2026-08-05 20:07:32,124 | WARNING |  Transacción id 5691: Monto <= 0
2026-08-05 20:07:32,124 | WARNING |  Transacción id 5694: Inversor inválido
2026-08-05 20:07:32,124 | WARNING |  Transacción id 5697: Inversor inválido
2026-08-05 20:07:32,124 | WARNING |  Transacción id 5698: Monto <= 0
2026-08-05 20:07:32,124 | WARNING |  Transacción id 5700: Monto <= 0
2026-08-05 20:07:32,124 | WARNING |  Transacción id 5702: Inversor inválido
2026-08-05 20:07:32,124 | WARNING |  Transacción id 5703: Monto <= 0
2026-08-05 20:07:32,124 | WARNING |  Transacción id 5709: Monto <= 0
2026-08-05 20:07:32,124 | WARNING |  Transacción id 5711: Monto <= 0
2026-08-05 20:07:32,124 | WARNING |  Transacción id 5713: Inversor inválido
2026-08-05 20:07:32,125 | WARNING |  Transacción id 5714: Monto <= 0
2026-08-05 20:07:32,125 | WARNING |  Transacción id 5716: Monto <= 0
2026-08-05 20:07:32,125 | WARNING |  Transacción id 5729: Monto <= 0
2026-08-05 20:07:32,125 | WARNING |  Transacción id 5731: Monto <= 0
2026-08-05 20:07:32,125 | WARNING |  Transacción id 5732: Monto <= 0
2026-08-05 20:07:32,125 | WARNING |  Transacción id 5735: Monto <= 0
2026-08-05 20:07:32,125 | WARNING |  Transacción id 5737: Monto <= 0
2026-08-05 20:07:32,125 | WARNING |  Transacción id 5739: Monto <= 0
2026-08-05 20:07:32,125 | WARNING |  Transacción id 5740: Inversor inválido
2026-08-05 20:07:32,125 | WARNING |  Transacción id 5742: Monto <= 0
2026-08-05 20:07:32,126 | WARNING |  Transacción id 5744: Monto <= 0
2026-08-05 20:07:32,126 | WARNING |  Transacción id 5748: Monto <= 0
2026-08-05 20:07:32,126 | WARNING |  Transacción id 5754: Inversor inválido
2026-08-05 20:07:32,126 | WARNING |  Transacción id 5757: Monto <= 0
2026-08-05 20:07:32,126 | WARNING |  Transacción id 5761: Monto <= 0
2026-08-05 20:07:32,126 | WARNING |  Transacción id 5763: Monto <= 0
2026-08-05 20:07:32,126 | WARNING |  Transacción id 5764: Inversor inválido
2026-08-05 20:07:32,126 | WARNING |  Transacción id 5766: Inversor inválido
2026-08-05 20:07:32,126 | WARNING |  Transacción id 5770: Monto <= 0
2026-08-05 20:07:32,127 | WARNING |  Transacción id 5774: Monto <= 0
2026-08-05 20:07:32,127 | WARNING |  Transacción id 5780: Monto <= 0
2026-08-05 20:07:32,127 | WARNING |  Transacción id 5782: Inversor inválido
2026-08-05 20:07:32,127 | WARNING |  Transacción id 5783: Monto <= 0
2026-08-05 20:07:32,127 | WARNING |  Transacción id 5793: Inversor inválido
2026-08-05 20:07:32,127 | WARNING |  Transacción id 5794: Monto <= 0
2026-08-05 20:07:32,127 | WARNING |  Transacción id 5795: Inversor inválido
2026-08-05 20:07:32,127 | WARNING |  Transacción id 5799: Inversor inválido
2026-08-05 20:07:32,128 | WARNING |  Transacción id 5800: Inversor inválido
2026-08-05 20:07:32,128 | WARNING |  Transacción id 5807: Monto <= 0
2026-08-05 20:07:32,128 | WARNING |  Transacción id 5808: Monto <= 0
2026-08-05 20:07:32,128 | WARNING |  Transacción id 5810: Monto <= 0
2026-08-05 20:07:32,128 | WARNING |  Transacción id 5814: Monto <= 0
2026-08-05 20:07:32,128 | WARNING |  Transacción id 5818: Monto <= 0
2026-08-05 20:07:32,128 | WARNING |  Transacción id 5823: Inversor inválido
2026-08-05 20:07:32,128 | WARNING |  Transacción id 5831: Inversor inválido
2026-08-05 20:07:32,128 | WARNING |  Transacción id 5832: Monto <= 0
2026-08-05 20:07:32,128 | WARNING |  Transacción id 5834: Monto <= 0
2026-08-05 20:07:32,128 | WARNING |  Transacción id 5836: Monto <= 0
2026-08-05 20:07:32,129 | WARNING |  Transacción id 5838: Monto <= 0
2026-08-05 20:07:32,129 | WARNING |  Transacción id 5843: Monto <= 0
2026-08-05 20:07:32,129 | WARNING |  Transacción id 5845: Inversor inválido
2026-08-05 20:07:32,129 | WARNING |  Transacción id 5847: Monto <= 0
2026-08-05 20:07:32,129 | WARNING |  Transacción id 5850: Monto <= 0
2026-08-05 20:07:32,129 | WARNING |  Transacción id 5851: Monto <= 0
2026-08-05 20:07:32,129 | WARNING |  Transacción id 5859: Inversor inválido
2026-08-05 20:07:32,129 | WARNING |  Transacción id 5860: Inversor inválido
2026-08-05 20:07:32,129 | WARNING |  Transacción id 5862: Monto <= 0
2026-08-05 20:07:32,129 | WARNING |  Transacción id 5864: Monto <= 0
2026-08-05 20:07:32,129 | WARNING |  Transacción id 5867: Monto <= 0
2026-08-05 20:07:32,130 | WARNING |  Transacción id 5868: Inversor inválido
2026-08-05 20:07:32,130 | WARNING |  Transacción id 5871: Inversor inválido
2026-08-05 20:07:32,130 | WARNING |  Transacción id 5873: Monto <= 0
2026-08-05 20:07:32,130 | WARNING |  Transacción id 5879: Monto <= 0
2026-08-05 20:07:32,130 | WARNING |  Transacción id 5881: Monto <= 0
2026-08-05 20:07:32,130 | WARNING |  Transacción id 5883: Inversor inválido
2026-08-05 20:07:32,130 | WARNING |  Transacción id 5884: Inversor inválido
2026-08-05 20:07:32,130 | WARNING |  Transacción id 5885: Monto <= 0
2026-08-05 20:07:32,130 | WARNING |  Transacción id 5887: Monto <= 0
2026-08-05 20:07:32,130 | WARNING |  Transacción id 5892: Monto <= 0
2026-08-05 20:07:32,131 | WARNING |  Transacción id 5893: Monto <= 0
2026-08-05 20:07:32,131 | WARNING |  Transacción id 5897: Monto <= 0
2026-08-05 20:07:32,131 | WARNING |  Transacción id 5899: Monto <= 0
2026-08-05 20:07:32,131 | WARNING |  Transacción id 5900: Monto <= 0
2026-08-05 20:07:32,131 | WARNING |  Transacción id 5905: Monto <= 0
2026-08-05 20:07:32,131 | WARNING |  Transacción id 5906: Monto <= 0
2026-08-05 20:07:32,131 | WARNING |  Transacción id 5913: Monto <= 0
2026-08-05 20:07:32,131 | WARNING |  Transacción id 5917: Inversor inválido
2026-08-05 20:07:32,132 | WARNING |  Transacción id 5918: Monto <= 0
2026-08-05 20:07:32,132 | WARNING |  Transacción id 5924: Monto <= 0
2026-08-05 20:07:32,132 | WARNING |  Transacción id 5925: Inversor inválido
2026-08-05 20:07:32,132 | WARNING |  Transacción id 5926: Monto <= 0
2026-08-05 20:07:32,132 | WARNING |  Transacción id 5932: Monto <= 0
2026-08-05 20:07:32,132 | WARNING |  Transacción id 5933: Inversor inválido
2026-08-05 20:07:32,132 | WARNING |  Transacción id 5934: Monto <= 0
2026-08-05 20:07:32,132 | WARNING |  Transacción id 5936: Monto <= 0
2026-08-05 20:07:32,132 | WARNING |  Transacción id 5937: Monto <= 0
2026-08-05 20:07:32,133 | WARNING |  Transacción id 5947: Monto <= 0
2026-08-05 20:07:32,133 | WARNING |  Transacción id 5952: Monto <= 0
2026-08-05 20:07:32,133 | WARNING |  Transacción id 5958: Monto <= 0
2026-08-05 20:07:32,133 | WARNING |  Transacción id 5965: Monto <= 0
2026-08-05 20:07:32,133 | WARNING |  Transacción id 5967: Inversor inválido
2026-08-05 20:07:32,133 | WARNING |  Transacción id 5968: Monto <= 0
2026-08-05 20:07:32,133 | WARNING |  Transacción id 5971: Monto <= 0
2026-08-05 20:07:32,133 | WARNING |  Transacción id 5975: Monto <= 0
2026-08-05 20:07:32,133 | WARNING |  Transacción id 5976: Monto <= 0
2026-08-05 20:07:32,133 | WARNING |  Transacción id 5977: Inversor inválido
2026-08-05 20:07:32,133 | WARNING |  Transacción id 5979: Monto <= 0
2026-08-05 20:07:32,134 | WARNING |  Transacción id 5980: Inversor inválido
2026-08-05 20:07:32,134 | WARNING |  Transacción id 5981: Inversor inválido
2026-08-05 20:07:32,134 | WARNING |  Transacción id 5982: Monto <= 0
2026-08-05 20:07:32,134 | WARNING |  Transacción id 5985: Inversor inválido
2026-08-05 20:07:32,134 | WARNING |  Transacción id 5986: Monto <= 0
2026-08-05 20:07:32,134 | WARNING |  Transacción id 5988: Monto <= 0
2026-08-05 20:07:32,134 | WARNING |  Transacción id 5992: Inversor inválido
2026-08-05 20:07:32,135 | WARNING |  Transacción id 5993: Monto <= 0
2026-08-05 20:07:32,135 | WARNING |  Transacción id 5995: Monto <= 0
2026-08-05 20:07:32,135 | WARNING |  Transacción id 5996: Monto <= 0
2026-08-05 20:07:32,135 | WARNING |  Transacción id 6002: Monto <= 0
2026-08-05 20:07:32,135 | WARNING |  Transacción id 6009: Monto <= 0
2026-08-05 20:07:32,135 | WARNING |  Transacción id 6010: Inversor inválido
2026-08-05 20:07:32,135 | WARNING |  Transacción id 6015: Monto <= 0
2026-08-05 20:07:32,135 | WARNING |  Transacción id 6018: Inversor inválido
2026-08-05 20:07:32,135 | WARNING |  Transacción id 6019: Monto <= 0
2026-08-05 20:07:32,136 | WARNING |  Transacción id 6025: Monto <= 0
2026-08-05 20:07:32,136 | WARNING |  Transacción id 6028: Monto <= 0
2026-08-05 20:07:32,136 | WARNING |  Transacción id 6029: Inversor inválido
2026-08-05 20:07:32,136 | WARNING |  Transacción id 6030: Inversor inválido
2026-08-05 20:07:32,136 | WARNING |  Transacción id 6031: Monto <= 0
2026-08-05 20:07:32,136 | WARNING |  Transacción id 6032: Monto <= 0
2026-08-05 20:07:32,136 | WARNING |  Transacción id 6034: Monto <= 0
2026-08-05 20:07:32,136 | WARNING |  Transacción id 6038: Inversor inválido
2026-08-05 20:07:32,136 | WARNING |  Transacción id 6039: Inversor inválido
2026-08-05 20:07:32,136 | WARNING |  Transacción id 6047: Monto <= 0
2026-08-05 20:07:32,137 | WARNING |  Transacción id 6050: Monto <= 0
2026-08-05 20:07:32,137 | WARNING |  Transacción id 6051: Monto <= 0
2026-08-05 20:07:32,137 | WARNING |  Transacción id 6057: Monto <= 0
2026-08-05 20:07:32,137 | WARNING |  Transacción id 6060: Monto <= 0
2026-08-05 20:07:32,137 | WARNING |  Transacción id 6061: Inversor inválido
2026-08-05 20:07:32,137 | WARNING |  Transacción id 6062: Inversor inválido
2026-08-05 20:07:32,137 | WARNING |  Transacción id 6065: Monto <= 0
2026-08-05 20:07:32,137 | WARNING |  Transacción id 6067: Inversor inválido
2026-08-05 20:07:32,137 | WARNING |  Transacción id 6070: Monto <= 0
2026-08-05 20:07:32,137 | WARNING |  Transacción id 6072: Inversor inválido
2026-08-05 20:07:32,138 | WARNING |  Transacción id 6077: Monto <= 0
2026-08-05 20:07:32,138 | WARNING |  Transacción id 6079: Monto <= 0
2026-08-05 20:07:32,138 | WARNING |  Transacción id 6080: Inversor inválido
2026-08-05 20:07:32,138 | WARNING |  Transacción id 6086: Monto <= 0
2026-08-05 20:07:32,138 | WARNING |  Transacción id 6093: Monto <= 0
2026-08-05 20:07:32,138 | WARNING |  Transacción id 6100: Monto <= 0
2026-08-05 20:07:32,138 | WARNING |  Transacción id 6104: Inversor inválido
2026-08-05 20:07:32,138 | WARNING |  Transacción id 6105: Inversor inválido
2026-08-05 20:07:32,138 | WARNING |  Transacción id 6108: Monto <= 0
2026-08-05 20:07:32,138 | WARNING |  Transacción id 6113: Inversor inválido
2026-08-05 20:07:32,139 | WARNING |  Transacción id 6119: Inversor inválido
2026-08-05 20:07:32,139 | WARNING |  Transacción id 6124: Inversor inválido
2026-08-05 20:07:32,139 | WARNING |  Transacción id 6125: Inversor inválido
2026-08-05 20:07:32,139 | WARNING |  Transacción id 6129: Inversor inválido
2026-08-05 20:07:32,139 | WARNING |  Transacción id 6131: Monto <= 0
2026-08-05 20:07:32,139 | WARNING |  Transacción id 6140: Monto <= 0
2026-08-05 20:07:32,139 | WARNING |  Transacción id 6142: Monto <= 0
2026-08-05 20:07:32,139 | WARNING |  Transacción id 6145: Inversor inválido
2026-08-05 20:07:32,139 | WARNING |  Transacción id 6147: Monto <= 0
2026-08-05 20:07:32,139 | WARNING |  Transacción id 6159: Monto <= 0
2026-08-05 20:07:32,139 | WARNING |  Transacción id 6163: Monto <= 0
2026-08-05 20:07:32,140 | WARNING |  Transacción id 6164: Monto <= 0
2026-08-05 20:07:32,140 | WARNING |  Transacción id 6170: Inversor inválido
2026-08-05 20:07:32,140 | WARNING |  Transacción id 6174: Inversor inválido
2026-08-05 20:07:32,140 | WARNING |  Transacción id 6181: Monto <= 0
2026-08-05 20:07:32,140 | WARNING |  Transacción id 6182: Monto <= 0
2026-08-05 20:07:32,140 | WARNING |  Transacción id 6183: Monto <= 0
2026-08-05 20:07:32,140 | WARNING |  Transacción id 6184: Monto <= 0
2026-08-05 20:07:32,140 | WARNING |  Transacción id 6185: Monto <= 0
2026-08-05 20:07:32,140 | WARNING |  Transacción id 6189: Monto <= 0
2026-08-05 20:07:32,140 | WARNING |  Transacción id 6196: Monto <= 0
2026-08-05 20:07:32,140 | WARNING |  Transacción id 6200: Inversor inválido
2026-08-05 20:07:32,141 | WARNING |  Transacción id 6201: Monto <= 0
2026-08-05 20:07:32,141 | WARNING |  Transacción id 6203: Monto <= 0
2026-08-05 20:07:32,141 | WARNING |  Transacción id 6206: Monto <= 0
2026-08-05 20:07:32,141 | WARNING |  Transacción id 6210: Inversor inválido
2026-08-05 20:07:32,141 | WARNING |  Transacción id 6212: Monto <= 0
2026-08-05 20:07:32,141 | WARNING |  Transacción id 6213: Monto <= 0
2026-08-05 20:07:32,141 | WARNING |  Transacción id 6215: Monto <= 0
2026-08-05 20:07:32,141 | WARNING |  Transacción id 6218: Monto <= 0
2026-08-05 20:07:32,141 | WARNING |  Transacción id 6225: Monto <= 0
2026-08-05 20:07:32,142 | WARNING |  Transacción id 6226: Monto <= 0
2026-08-05 20:07:32,142 | WARNING |  Transacción id 6227: Monto <= 0
2026-08-05 20:07:32,142 | WARNING |  Transacción id 6237: Inversor inválido
2026-08-05 20:07:32,142 | WARNING |  Transacción id 6238: Inversor inválido
2026-08-05 20:07:32,142 | WARNING |  Transacción id 6239: Inversor inválido
2026-08-05 20:07:32,142 | WARNING |  Transacción id 6242: Monto <= 0
2026-08-05 20:07:32,142 | WARNING |  Transacción id 6245: Inversor inválido
2026-08-05 20:07:32,142 | WARNING |  Transacción id 6246: Inversor inválido
2026-08-05 20:07:32,142 | WARNING |  Transacción id 6251: Inversor inválido
2026-08-05 20:07:32,142 | WARNING |  Transacción id 6252: Monto <= 0
2026-08-05 20:07:32,143 | WARNING |  Transacción id 6253: Monto <= 0
2026-08-05 20:07:32,143 | WARNING |  Transacción id 6254: Monto <= 0
2026-08-05 20:07:32,143 | WARNING |  Transacción id 6256: Monto <= 0
2026-08-05 20:07:32,143 | WARNING |  Transacción id 6263: Inversor inválido
2026-08-05 20:07:32,143 | WARNING |  Transacción id 6267: Monto <= 0
2026-08-05 20:07:32,143 | WARNING |  Transacción id 6268: Monto <= 0
2026-08-05 20:07:32,143 | WARNING |  Transacción id 6269: Monto <= 0
2026-08-05 20:07:32,143 | WARNING |  Transacción id 6270: Monto <= 0
2026-08-05 20:07:32,143 | WARNING |  Transacción id 6272: Inversor inválido
2026-08-05 20:07:32,143 | WARNING |  Transacción id 6276: Inversor inválido
2026-08-05 20:07:32,144 | WARNING |  Transacción id 6280: Monto <= 0
2026-08-05 20:07:32,144 | WARNING |  Transacción id 6284: Monto <= 0
2026-08-05 20:07:32,144 | WARNING |  Transacción id 6287: Inversor inválido
2026-08-05 20:07:32,144 | WARNING |  Transacción id 6289: Monto <= 0
2026-08-05 20:07:32,144 | WARNING |  Transacción id 6293: Inversor inválido
2026-08-05 20:07:32,144 | WARNING |  Transacción id 6299: Inversor inválido
2026-08-05 20:07:32,144 | WARNING |  Transacción id 6302: Monto <= 0
2026-08-05 20:07:32,144 | WARNING |  Transacción id 6304: Monto <= 0
2026-08-05 20:07:32,144 | WARNING |  Transacción id 6305: Inversor inválido
2026-08-05 20:07:32,144 | WARNING |  Transacción id 6308: Monto <= 0
2026-08-05 20:07:32,144 | WARNING |  Transacción id 6311: Monto <= 0
2026-08-05 20:07:32,145 | WARNING |  Transacción id 6316: Monto <= 0
2026-08-05 20:07:32,145 | WARNING |  Transacción id 6320: Monto <= 0
2026-08-05 20:07:32,145 | WARNING |  Transacción id 6326: Monto <= 0
2026-08-05 20:07:32,145 | WARNING |  Transacción id 6327: Monto <= 0
2026-08-05 20:07:32,145 | WARNING |  Transacción id 6336: Inversor inválido
2026-08-05 20:07:32,145 | WARNING |  Transacción id 6339: Monto <= 0
2026-08-05 20:07:32,145 | WARNING |  Transacción id 6353: Monto <= 0
2026-08-05 20:07:32,145 | WARNING |  Transacción id 6357: Monto <= 0
2026-08-05 20:07:32,145 | WARNING |  Transacción id 6359: Monto <= 0
2026-08-05 20:07:32,145 | WARNING |  Transacción id 6364: Inversor inválido
2026-08-05 20:07:32,145 | WARNING |  Transacción id 6366: Monto <= 0
2026-08-05 20:07:32,146 | WARNING |  Transacción id 6374: Inversor inválido
2026-08-05 20:07:32,146 | WARNING |  Transacción id 6375: Inversor inválido
2026-08-05 20:07:32,146 | WARNING |  Transacción id 6376: Monto <= 0
2026-08-05 20:07:32,146 | WARNING |  Transacción id 6377: Monto <= 0
2026-08-05 20:07:32,146 | WARNING |  Transacción id 6378: Monto <= 0
2026-08-05 20:07:32,146 | WARNING |  Transacción id 6389: Monto <= 0
2026-08-05 20:07:32,146 | WARNING |  Transacción id 6390: Inversor inválido
2026-08-05 20:07:32,146 | WARNING |  Transacción id 6392: Monto <= 0
2026-08-05 20:07:32,146 | WARNING |  Transacción id 6401: Monto <= 0
2026-08-05 20:07:32,147 | WARNING |  Transacción id 6403: Inversor inválido
2026-08-05 20:07:32,147 | WARNING |  Transacción id 6410: Monto <= 0
2026-08-05 20:07:32,147 | WARNING |  Transacción id 6411: Monto <= 0
2026-08-05 20:07:32,147 | WARNING |  Transacción id 6413: Inversor inválido
2026-08-05 20:07:32,147 | WARNING |  Transacción id 6417: Monto <= 0
2026-08-05 20:07:32,147 | WARNING |  Transacción id 6419: Monto <= 0
2026-08-05 20:07:32,147 | WARNING |  Transacción id 6420: Inversor inválido
2026-08-05 20:07:32,147 | WARNING |  Transacción id 6424: Inversor inválido
2026-08-05 20:07:32,147 | WARNING |  Transacción id 6425: Monto <= 0
2026-08-05 20:07:32,148 | WARNING |  Transacción id 6428: Inversor inválido
2026-08-05 20:07:32,148 | WARNING |  Transacción id 6432: Monto <= 0
2026-08-05 20:07:32,148 | WARNING |  Transacción id 6433: Inversor inválido
2026-08-05 20:07:32,148 | WARNING |  Transacción id 6437: Monto <= 0
2026-08-05 20:07:32,148 | WARNING |  Transacción id 6439: Monto <= 0
2026-08-05 20:07:32,148 | WARNING |  Transacción id 6444: Inversor inválido
2026-08-05 20:07:32,148 | WARNING |  Transacción id 6447: Monto <= 0
2026-08-05 20:07:32,148 | WARNING |  Transacción id 6450: Inversor inválido
2026-08-05 20:07:32,148 | WARNING |  Transacción id 6452: Monto <= 0
2026-08-05 20:07:32,148 | WARNING |  Transacción id 6459: Inversor inválido
2026-08-05 20:07:32,149 | WARNING |  Transacción id 6461: Monto <= 0
2026-08-05 20:07:32,149 | WARNING |  Transacción id 6463: Inversor inválido
2026-08-05 20:07:32,149 | WARNING |  Transacción id 6465: Monto <= 0
2026-08-05 20:07:32,149 | WARNING |  Transacción id 6466: Monto <= 0
2026-08-05 20:07:32,149 | WARNING |  Transacción id 6471: Inversor inválido
2026-08-05 20:07:32,149 | WARNING |  Transacción id 6473: Inversor inválido
2026-08-05 20:07:32,149 | WARNING |  Transacción id 6474: Inversor inválido
2026-08-05 20:07:32,149 | WARNING |  Transacción id 6478: Monto <= 0
2026-08-05 20:07:32,149 | WARNING |  Transacción id 6480: Inversor inválido
2026-08-05 20:07:32,149 | WARNING |  Transacción id 6483: Inversor inválido
2026-08-05 20:07:32,149 | WARNING |  Transacción id 6486: Monto <= 0
2026-08-05 20:07:32,150 | WARNING |  Transacción id 6489: Monto <= 0
2026-08-05 20:07:32,150 | WARNING |  Transacción id 6491: Inversor inválido
2026-08-05 20:07:32,150 | WARNING |  Transacción id 6492: Inversor inválido
2026-08-05 20:07:32,150 | WARNING |  Transacción id 6493: Monto <= 0
2026-08-05 20:07:32,150 | WARNING |  Transacción id 6494: Monto <= 0
2026-08-05 20:07:32,150 | WARNING |  Transacción id 6501: Monto <= 0
2026-08-05 20:07:32,150 | WARNING |  Transacción id 6514: Monto <= 0
2026-08-05 20:07:32,151 | WARNING |  Transacción id 6515: Monto <= 0
2026-08-05 20:07:32,151 | WARNING |  Transacción id 6517: Monto <= 0
2026-08-05 20:07:32,151 | WARNING |  Transacción id 6519: Monto <= 0
2026-08-05 20:07:32,151 | WARNING |  Transacción id 6521: Inversor inválido
2026-08-05 20:07:32,151 | WARNING |  Transacción id 6522: Inversor inválido
2026-08-05 20:07:32,151 | WARNING |  Transacción id 6527: Inversor inválido
2026-08-05 20:07:32,151 | WARNING |  Transacción id 6530: Monto <= 0
2026-08-05 20:07:32,152 | WARNING |  Transacción id 6531: Inversor inválido
2026-08-05 20:07:32,152 | WARNING |  Transacción id 6533: Monto <= 0
2026-08-05 20:07:32,152 | WARNING |  Transacción id 6537: Inversor inválido
2026-08-05 20:07:32,152 | WARNING |  Transacción id 6539: Monto <= 0
2026-08-05 20:07:32,152 | WARNING |  Transacción id 6540: Monto <= 0
2026-08-05 20:07:32,152 | WARNING |  Transacción id 6544: Monto <= 0
2026-08-05 20:07:32,152 | WARNING |  Transacción id 6550: Monto <= 0
2026-08-05 20:07:32,152 | WARNING |  Transacción id 6552: Inversor inválido
2026-08-05 20:07:32,152 | WARNING |  Transacción id 6553: Monto <= 0
2026-08-05 20:07:32,153 | WARNING |  Transacción id 6556: Monto <= 0
2026-08-05 20:07:32,153 | WARNING |  Transacción id 6557: Monto <= 0
2026-08-05 20:07:32,153 | WARNING |  Transacción id 6559: Monto <= 0
2026-08-05 20:07:32,153 | WARNING |  Transacción id 6560: Monto <= 0
2026-08-05 20:07:32,153 | WARNING |  Transacción id 6561: Monto <= 0
2026-08-05 20:07:32,153 | WARNING |  Transacción id 6564: Monto <= 0
2026-08-05 20:07:32,153 | WARNING |  Transacción id 6566: Inversor inválido
2026-08-05 20:07:32,153 | WARNING |  Transacción id 6567: Inversor inválido
2026-08-05 20:07:32,153 | WARNING |  Transacción id 6568: Inversor inválido
2026-08-05 20:07:32,153 | WARNING |  Transacción id 6570: Monto <= 0
2026-08-05 20:07:32,153 | WARNING |  Transacción id 6575: Monto <= 0
2026-08-05 20:07:32,154 | WARNING |  Transacción id 6576: Monto <= 0
2026-08-05 20:07:32,154 | WARNING |  Transacción id 6584: Inversor inválido
2026-08-05 20:07:32,154 | WARNING |  Transacción id 6592: Inversor inválido
2026-08-05 20:07:32,154 | WARNING |  Transacción id 6604: Monto <= 0
2026-08-05 20:07:32,154 | WARNING |  Transacción id 6606: Monto <= 0
2026-08-05 20:07:32,154 | WARNING |  Transacción id 6613: Monto <= 0
2026-08-05 20:07:32,154 | WARNING |  Transacción id 6615: Monto <= 0
2026-08-05 20:07:32,154 | WARNING |  Transacción id 6618: Monto <= 0
2026-08-05 20:07:32,154 | WARNING |  Transacción id 6623: Monto <= 0
2026-08-05 20:07:32,154 | WARNING |  Transacción id 6624: Monto <= 0
2026-08-05 20:07:32,155 | WARNING |  Transacción id 6628: Monto <= 0
2026-08-05 20:07:32,155 | WARNING |  Transacción id 6629: Monto <= 0
2026-08-05 20:07:32,155 | WARNING |  Transacción id 6630: Inversor inválido
2026-08-05 20:07:32,155 | WARNING |  Transacción id 6636: Monto <= 0
2026-08-05 20:07:32,155 | WARNING |  Transacción id 6637: Monto <= 0
2026-08-05 20:07:32,155 | WARNING |  Transacción id 6638: Monto <= 0
2026-08-05 20:07:32,155 | WARNING |  Transacción id 6643: Inversor inválido
2026-08-05 20:07:32,155 | WARNING |  Transacción id 6644: Monto <= 0
2026-08-05 20:07:32,155 | WARNING |  Transacción id 6645: Monto <= 0
2026-08-05 20:07:32,155 | WARNING |  Transacción id 6653: Inversor inválido
2026-08-05 20:07:32,155 | WARNING |  Transacción id 6654: Monto <= 0
2026-08-05 20:07:32,156 | WARNING |  Transacción id 6661: Inversor inválido
2026-08-05 20:07:32,156 | WARNING |  Transacción id 6663: Monto <= 0
2026-08-05 20:07:32,156 | WARNING |  Transacción id 6667: Monto <= 0
2026-08-05 20:07:32,156 | WARNING |  Transacción id 6672: Monto <= 0
2026-08-05 20:07:32,156 | WARNING |  Transacción id 6676: Monto <= 0
2026-08-05 20:07:32,156 | WARNING |  Transacción id 6679: Monto <= 0
2026-08-05 20:07:32,156 | WARNING |  Transacción id 6680: Monto <= 0
2026-08-05 20:07:32,156 | WARNING |  Transacción id 6681: Monto <= 0
2026-08-05 20:07:32,156 | WARNING |  Transacción id 6682: Monto <= 0
2026-08-05 20:07:32,157 | WARNING |  Transacción id 6684: Monto <= 0
2026-08-05 20:07:32,157 | WARNING |  Transacción id 6689: Monto <= 0
2026-08-05 20:07:32,157 | WARNING |  Transacción id 6691: Monto <= 0
2026-08-05 20:07:32,157 | WARNING |  Transacción id 6692: Monto <= 0
2026-08-05 20:07:32,157 | WARNING |  Transacción id 6693: Monto <= 0
2026-08-05 20:07:32,157 | WARNING |  Transacción id 6700: Monto <= 0
2026-08-05 20:07:32,157 | WARNING |  Transacción id 6702: Monto <= 0
2026-08-05 20:07:32,157 | WARNING |  Transacción id 6707: Monto <= 0
2026-08-05 20:07:32,157 | WARNING |  Transacción id 6710: Inversor inválido
2026-08-05 20:07:32,157 | WARNING |  Transacción id 6722: Monto <= 0
2026-08-05 20:07:32,158 | WARNING |  Transacción id 6725: Monto <= 0
2026-08-05 20:07:32,158 | WARNING |  Transacción id 6726: Monto <= 0
2026-08-05 20:07:32,158 | WARNING |  Transacción id 6728: Monto <= 0
2026-08-05 20:07:32,158 | WARNING |  Transacción id 6732: Monto <= 0
2026-08-05 20:07:32,158 | WARNING |  Transacción id 6734: Inversor inválido
2026-08-05 20:07:32,158 | WARNING |  Transacción id 6737: Inversor inválido
2026-08-05 20:07:32,158 | WARNING |  Transacción id 6738: Inversor inválido
2026-08-05 20:07:32,158 | WARNING |  Transacción id 6739: Monto <= 0
2026-08-05 20:07:32,158 | WARNING |  Transacción id 6743: Monto <= 0
2026-08-05 20:07:32,158 | WARNING |  Transacción id 6744: Monto <= 0
2026-08-05 20:07:32,159 | WARNING |  Transacción id 6747: Monto <= 0
2026-08-05 20:07:32,159 | WARNING |  Transacción id 6751: Monto <= 0
2026-08-05 20:07:32,159 | WARNING |  Transacción id 6754: Monto <= 0
2026-08-05 20:07:32,159 | WARNING |  Transacción id 6762: Monto <= 0
2026-08-05 20:07:32,159 | WARNING |  Transacción id 6764: Monto <= 0
2026-08-05 20:07:32,159 | WARNING |  Transacción id 6769: Monto <= 0
2026-08-05 20:07:32,159 | WARNING |  Transacción id 6771: Monto <= 0
2026-08-05 20:07:32,159 | WARNING |  Transacción id 6772: Inversor inválido
2026-08-05 20:07:32,159 | WARNING |  Transacción id 6774: Inversor inválido
2026-08-05 20:07:32,159 | WARNING |  Transacción id 6777: Monto <= 0
2026-08-05 20:07:32,160 | WARNING |  Transacción id 6779: Monto <= 0
2026-08-05 20:07:32,160 | WARNING |  Transacción id 6783: Monto <= 0
2026-08-05 20:07:32,160 | WARNING |  Transacción id 6792: Inversor inválido
2026-08-05 20:07:32,160 | WARNING |  Transacción id 6795: Monto <= 0
2026-08-05 20:07:32,160 | WARNING |  Transacción id 6797: Inversor inválido
2026-08-05 20:07:32,160 | WARNING |  Transacción id 6800: Inversor inválido
2026-08-05 20:07:32,160 | WARNING |  Transacción id 6801: Monto <= 0
2026-08-05 20:07:32,160 | WARNING |  Transacción id 6805: Inversor inválido
2026-08-05 20:07:32,160 | WARNING |  Transacción id 6814: Inversor inválido
2026-08-05 20:07:32,160 | WARNING |  Transacción id 6827: Monto <= 0
2026-08-05 20:07:32,160 | WARNING |  Transacción id 6829: Monto <= 0
2026-08-05 20:07:32,161 | WARNING |  Transacción id 6830: Monto <= 0
2026-08-05 20:07:32,161 | WARNING |  Transacción id 6831: Inversor inválido
2026-08-05 20:07:32,161 | WARNING |  Transacción id 6835: Monto <= 0
2026-08-05 20:07:32,161 | WARNING |  Transacción id 6842: Inversor inválido
2026-08-05 20:07:32,161 | WARNING |  Transacción id 6844: Monto <= 0
2026-08-05 20:07:32,161 | WARNING |  Transacción id 6846: Inversor inválido
2026-08-05 20:07:32,161 | WARNING |  Transacción id 6847: Monto <= 0
2026-08-05 20:07:32,161 | WARNING |  Transacción id 6849: Inversor inválido
2026-08-05 20:07:32,161 | WARNING |  Transacción id 6858: Monto <= 0
2026-08-05 20:07:32,162 | WARNING |  Transacción id 6865: Monto <= 0
2026-08-05 20:07:32,162 | WARNING |  Transacción id 6866: Inversor inválido
2026-08-05 20:07:32,162 | WARNING |  Transacción id 6867: Monto <= 0
2026-08-05 20:07:32,162 | WARNING |  Transacción id 6868: Monto <= 0
2026-08-05 20:07:32,162 | WARNING |  Transacción id 6871: Monto <= 0
2026-08-05 20:07:32,162 | WARNING |  Transacción id 6873: Monto <= 0
2026-08-05 20:07:32,162 | WARNING |  Transacción id 6875: Inversor inválido
2026-08-05 20:07:32,162 | WARNING |  Transacción id 6878: Inversor inválido
2026-08-05 20:07:32,162 | WARNING |  Transacción id 6883: Inversor inválido
2026-08-05 20:07:32,163 | WARNING |  Transacción id 6884: Monto <= 0
2026-08-05 20:07:32,163 | WARNING |  Transacción id 6887: Monto <= 0
2026-08-05 20:07:32,163 | WARNING |  Transacción id 6888: Monto <= 0
2026-08-05 20:07:32,163 | WARNING |  Transacción id 6902: Monto <= 0
2026-08-05 20:07:32,163 | WARNING |  Transacción id 6903: Inversor inválido
2026-08-05 20:07:32,163 | WARNING |  Transacción id 6905: Inversor inválido
2026-08-05 20:07:32,163 | WARNING |  Transacción id 6907: Inversor inválido
2026-08-05 20:07:32,163 | WARNING |  Transacción id 6911: Monto <= 0
2026-08-05 20:07:32,163 | WARNING |  Transacción id 6913: Monto <= 0
2026-08-05 20:07:32,163 | WARNING |  Transacción id 6926: Monto <= 0
2026-08-05 20:07:32,163 | WARNING |  Transacción id 6927: Monto <= 0
2026-08-05 20:07:32,164 | WARNING |  Transacción id 6930: Inversor inválido
2026-08-05 20:07:32,164 | WARNING |  Transacción id 6931: Monto <= 0
2026-08-05 20:07:32,164 | WARNING |  Transacción id 6933: Inversor inválido
2026-08-05 20:07:32,164 | WARNING |  Transacción id 6935: Monto <= 0
2026-08-05 20:07:32,164 | WARNING |  Transacción id 6936: Monto <= 0
2026-08-05 20:07:32,164 | WARNING |  Transacción id 6940: Monto <= 0
2026-08-05 20:07:32,164 | WARNING |  Transacción id 6941: Monto <= 0
2026-08-05 20:07:32,164 | WARNING |  Transacción id 6949: Monto <= 0
2026-08-05 20:07:32,164 | WARNING |  Transacción id 6951: Monto <= 0
2026-08-05 20:07:32,164 | WARNING |  Transacción id 6957: Inversor inválido
2026-08-05 20:07:32,165 | WARNING |  Transacción id 6960: Inversor inválido
2026-08-05 20:07:32,165 | WARNING |  Transacción id 6961: Inversor inválido
2026-08-05 20:07:32,165 | WARNING |  Transacción id 6966: Monto <= 0
2026-08-05 20:07:32,165 | WARNING |  Transacción id 6968: Monto <= 0
2026-08-05 20:07:32,165 | WARNING |  Transacción id 6980: Monto <= 0
2026-08-05 20:07:32,165 | WARNING |  Transacción id 6981: Inversor inválido
2026-08-05 20:07:32,165 | WARNING |  Transacción id 6982: Monto <= 0
2026-08-05 20:07:32,165 | WARNING |  Transacción id 6991: Inversor inválido
2026-08-05 20:07:32,165 | WARNING |  Transacción id 6995: Monto <= 0
2026-08-05 20:07:32,166 | WARNING |  Transacción id 6998: Monto <= 0
2026-08-05 20:07:32,166 | WARNING |  Transacción id 7002: Inversor inválido
2026-08-05 20:07:32,166 | WARNING |  Transacción id 7009: Monto <= 0
2026-08-05 20:07:32,166 | WARNING |  Transacción id 7014: Inversor inválido
2026-08-05 20:07:32,166 | WARNING |  Transacción id 7019: Monto <= 0
2026-08-05 20:07:32,166 | WARNING |  Transacción id 7022: Inversor inválido
2026-08-05 20:07:32,166 | WARNING |  Transacción id 7023: Inversor inválido
2026-08-05 20:07:32,166 | WARNING |  Transacción id 7030: Inversor inválido
2026-08-05 20:07:32,166 | WARNING |  Transacción id 7031: Inversor inválido
2026-08-05 20:07:32,167 | WARNING |  Transacción id 7040: Inversor inválido
2026-08-05 20:07:32,167 | WARNING |  Transacción id 7049: Monto <= 0
2026-08-05 20:07:32,167 | WARNING |  Transacción id 7054: Inversor inválido
2026-08-05 20:07:32,167 | WARNING |  Transacción id 7056: Monto <= 0
2026-08-05 20:07:32,167 | WARNING |  Transacción id 7059: Monto <= 0
2026-08-05 20:07:32,167 | WARNING |  Transacción id 7061: Monto <= 0
2026-08-05 20:07:32,167 | WARNING |  Transacción id 7062: Inversor inválido
2026-08-05 20:07:32,167 | WARNING |  Transacción id 7064: Monto <= 0
2026-08-05 20:07:32,168 | WARNING |  Transacción id 7068: Inversor inválido
2026-08-05 20:07:32,168 | WARNING |  Transacción id 7069: Monto <= 0
2026-08-05 20:07:32,168 | WARNING |  Transacción id 7070: Monto <= 0
2026-08-05 20:07:32,168 | WARNING |  Transacción id 7071: Inversor inválido
2026-08-05 20:07:32,168 | WARNING |  Transacción id 7072: Monto <= 0
2026-08-05 20:07:32,168 | WARNING |  Transacción id 7073: Monto <= 0
2026-08-05 20:07:32,168 | WARNING |  Transacción id 7075: Monto <= 0
2026-08-05 20:07:32,168 | WARNING |  Transacción id 7077: Monto <= 0
2026-08-05 20:07:32,168 | WARNING |  Transacción id 7080: Inversor inválido
2026-08-05 20:07:32,169 | WARNING |  Transacción id 7085: Monto <= 0
2026-08-05 20:07:32,169 | WARNING |  Transacción id 7086: Inversor inválido
2026-08-05 20:07:32,169 | WARNING |  Transacción id 7092: Monto <= 0
2026-08-05 20:07:32,169 | WARNING |  Transacción id 7098: Monto <= 0
2026-08-05 20:07:32,169 | WARNING |  Transacción id 7099: Monto <= 0
2026-08-05 20:07:32,169 | WARNING |  Transacción id 7104: Inversor inválido
2026-08-05 20:07:32,169 | WARNING |  Transacción id 7105: Monto <= 0
2026-08-05 20:07:32,169 | WARNING |  Transacción id 7106: Monto <= 0
2026-08-05 20:07:32,169 | WARNING |  Transacción id 7108: Inversor inválido
2026-08-05 20:07:32,169 | WARNING |  Transacción id 7113: Monto <= 0
2026-08-05 20:07:32,170 | WARNING |  Transacción id 7117: Monto <= 0
2026-08-05 20:07:32,170 | WARNING |  Transacción id 7118: Monto <= 0
2026-08-05 20:07:32,170 | WARNING |  Transacción id 7119: Monto <= 0
2026-08-05 20:07:32,170 | WARNING |  Transacción id 7120: Monto <= 0
2026-08-05 20:07:32,170 | WARNING |  Transacción id 7123: Inversor inválido
2026-08-05 20:07:32,170 | WARNING |  Transacción id 7128: Monto <= 0
2026-08-05 20:07:32,170 | WARNING |  Transacción id 7129: Monto <= 0
2026-08-05 20:07:32,170 | WARNING |  Transacción id 7132: Monto <= 0
2026-08-05 20:07:32,170 | WARNING |  Transacción id 7134: Monto <= 0
2026-08-05 20:07:32,170 | WARNING |  Transacción id 7136: Monto <= 0
2026-08-05 20:07:32,171 | WARNING |  Transacción id 7139: Monto <= 0
2026-08-05 20:07:32,171 | WARNING |  Transacción id 7141: Monto <= 0
2026-08-05 20:07:32,171 | WARNING |  Transacción id 7143: Inversor inválido
2026-08-05 20:07:32,171 | WARNING |  Transacción id 7144: Monto <= 0
2026-08-05 20:07:32,171 | WARNING |  Transacción id 7145: Monto <= 0
2026-08-05 20:07:32,171 | WARNING |  Transacción id 7150: Inversor inválido
2026-08-05 20:07:32,171 | WARNING |  Transacción id 7155: Monto <= 0
2026-08-05 20:07:32,171 | WARNING |  Transacción id 7156: Monto <= 0
2026-08-05 20:07:32,171 | WARNING |  Transacción id 7158: Monto <= 0
2026-08-05 20:07:32,171 | WARNING |  Transacción id 7166: Inversor inválido
2026-08-05 20:07:32,172 | WARNING |  Transacción id 7167: Monto <= 0
2026-08-05 20:07:32,172 | WARNING |  Transacción id 7172: Inversor inválido
2026-08-05 20:07:32,172 | WARNING |  Transacción id 7173: Monto <= 0
2026-08-05 20:07:32,172 | WARNING |  Transacción id 7177: Monto <= 0
2026-08-05 20:07:32,172 | WARNING |  Transacción id 7179: Monto <= 0
2026-08-05 20:07:32,172 | WARNING |  Transacción id 7193: Inversor inválido
2026-08-05 20:07:32,172 | WARNING |  Transacción id 7195: Monto <= 0
2026-08-05 20:07:32,172 | WARNING |  Transacción id 7199: Monto <= 0
2026-08-05 20:07:32,172 | WARNING |  Transacción id 7200: Monto <= 0
2026-08-05 20:07:32,172 | WARNING |  Transacción id 7201: Monto <= 0
2026-08-05 20:07:32,173 | WARNING |  Transacción id 7202: Monto <= 0
2026-08-05 20:07:32,173 | WARNING |  Transacción id 7215: Monto <= 0
2026-08-05 20:07:32,173 | WARNING |  Transacción id 7216: Monto <= 0
2026-08-05 20:07:32,173 | WARNING |  Transacción id 7219: Inversor inválido
2026-08-05 20:07:32,173 | WARNING |  Transacción id 7225: Inversor inválido
2026-08-05 20:07:32,173 | WARNING |  Transacción id 7226: Monto <= 0
2026-08-05 20:07:32,173 | WARNING |  Transacción id 7227: Monto <= 0
2026-08-05 20:07:32,173 | WARNING |  Transacción id 7228: Monto <= 0
2026-08-05 20:07:32,173 | WARNING |  Transacción id 7232: Monto <= 0
2026-08-05 20:07:32,173 | WARNING |  Transacción id 7233: Monto <= 0
2026-08-05 20:07:32,173 | WARNING |  Transacción id 7234: Monto <= 0
2026-08-05 20:07:32,174 | WARNING |  Transacción id 7238: Monto <= 0
2026-08-05 20:07:32,174 | WARNING |  Transacción id 7239: Inversor inválido
2026-08-05 20:07:32,174 | WARNING |  Transacción id 7241: Inversor inválido
2026-08-05 20:07:32,174 | WARNING |  Transacción id 7247: Inversor inválido
2026-08-05 20:07:32,174 | WARNING |  Transacción id 7248: Monto <= 0
2026-08-05 20:07:32,174 | WARNING |  Transacción id 7249: Monto <= 0
2026-08-05 20:07:32,174 | WARNING |  Transacción id 7257: Monto <= 0
2026-08-05 20:07:32,174 | WARNING |  Transacción id 7260: Inversor inválido
2026-08-05 20:07:32,174 | WARNING |  Transacción id 7261: Monto <= 0
2026-08-05 20:07:32,174 | WARNING |  Transacción id 7262: Inversor inválido
2026-08-05 20:07:32,174 | WARNING |  Transacción id 7265: Monto <= 0
2026-08-05 20:07:32,175 | WARNING |  Transacción id 7270: Monto <= 0
2026-08-05 20:07:32,175 | WARNING |  Transacción id 7273: Monto <= 0
2026-08-05 20:07:32,175 | WARNING |  Transacción id 7276: Monto <= 0
2026-08-05 20:07:32,175 | WARNING |  Transacción id 7281: Inversor inválido
2026-08-05 20:07:32,175 | WARNING |  Transacción id 7287: Monto <= 0
2026-08-05 20:07:32,175 | WARNING |  Transacción id 7289: Inversor inválido
2026-08-05 20:07:32,175 | WARNING |  Transacción id 7290: Monto <= 0
2026-08-05 20:07:32,175 | WARNING |  Transacción id 7292: Monto <= 0
2026-08-05 20:07:32,175 | WARNING |  Transacción id 7295: Inversor inválido
2026-08-05 20:07:32,175 | WARNING |  Transacción id 7299: Monto <= 0
2026-08-05 20:07:32,176 | WARNING |  Transacción id 7300: Inversor inválido
2026-08-05 20:07:32,176 | WARNING |  Transacción id 7301: Monto <= 0
2026-08-05 20:07:32,176 | WARNING |  Transacción id 7302: Monto <= 0
2026-08-05 20:07:32,176 | WARNING |  Transacción id 7304: Monto <= 0
2026-08-05 20:07:32,176 | WARNING |  Transacción id 7308: Monto <= 0
2026-08-05 20:07:32,176 | WARNING |  Transacción id 7313: Monto <= 0
2026-08-05 20:07:32,176 | WARNING |  Transacción id 7318: Monto <= 0
2026-08-05 20:07:32,176 | WARNING |  Transacción id 7319: Monto <= 0
2026-08-05 20:07:32,177 | WARNING |  Transacción id 7329: Monto <= 0
2026-08-05 20:07:32,177 | WARNING |  Transacción id 7332: Monto <= 0
2026-08-05 20:07:32,177 | WARNING |  Transacción id 7339: Monto <= 0
2026-08-05 20:07:32,177 | WARNING |  Transacción id 7343: Monto <= 0
2026-08-05 20:07:32,177 | WARNING |  Transacción id 7344: Inversor inválido
2026-08-05 20:07:32,177 | WARNING |  Transacción id 7347: Monto <= 0
2026-08-05 20:07:32,177 | WARNING |  Transacción id 7360: Monto <= 0
2026-08-05 20:07:32,177 | WARNING |  Transacción id 7365: Monto <= 0
2026-08-05 20:07:32,178 | WARNING |  Transacción id 7367: Inversor inválido
2026-08-05 20:07:32,178 | WARNING |  Transacción id 7368: Monto <= 0
2026-08-05 20:07:32,178 | WARNING |  Transacción id 7371: Inversor inválido
2026-08-05 20:07:32,178 | WARNING |  Transacción id 7374: Monto <= 0
2026-08-05 20:07:32,178 | WARNING |  Transacción id 7376: Monto <= 0
2026-08-05 20:07:32,178 | WARNING |  Transacción id 7380: Inversor inválido
2026-08-05 20:07:32,178 | WARNING |  Transacción id 7384: Inversor inválido
2026-08-05 20:07:32,178 | WARNING |  Transacción id 7386: Monto <= 0
2026-08-05 20:07:32,178 | WARNING |  Transacción id 7398: Monto <= 0
2026-08-05 20:07:32,178 | WARNING |  Transacción id 7400: Inversor inválido
2026-08-05 20:07:32,179 | WARNING |  Transacción id 7403: Monto <= 0
2026-08-05 20:07:32,179 | WARNING |  Transacción id 7405: Inversor inválido
2026-08-05 20:07:32,179 | WARNING |  Transacción id 7416: Inversor inválido
2026-08-05 20:07:32,179 | WARNING |  Transacción id 7418: Monto <= 0
2026-08-05 20:07:32,179 | WARNING |  Transacción id 7421: Monto <= 0
2026-08-05 20:07:32,179 | WARNING |  Transacción id 7430: Monto <= 0
2026-08-05 20:07:32,179 | WARNING |  Transacción id 7435: Inversor inválido
2026-08-05 20:07:32,179 | WARNING |  Transacción id 7438: Inversor inválido
2026-08-05 20:07:32,179 | WARNING |  Transacción id 7440: Monto <= 0
2026-08-05 20:07:32,180 | WARNING |  Transacción id 7441: Monto <= 0
2026-08-05 20:07:32,180 | WARNING |  Transacción id 7442: Monto <= 0
2026-08-05 20:07:32,180 | WARNING |  Transacción id 7444: Monto <= 0
2026-08-05 20:07:32,180 | WARNING |  Transacción id 7445: Inversor inválido
2026-08-05 20:07:32,180 | WARNING |  Transacción id 7448: Monto <= 0
2026-08-05 20:07:32,180 | WARNING |  Transacción id 7454: Inversor inválido
2026-08-05 20:07:32,180 | WARNING |  Transacción id 7461: Inversor inválido
2026-08-05 20:07:32,180 | WARNING |  Transacción id 7463: Monto <= 0
2026-08-05 20:07:32,180 | WARNING |  Transacción id 7464: Inversor inválido
2026-08-05 20:07:32,180 | WARNING |  Transacción id 7466: Monto <= 0
2026-08-05 20:07:32,180 | WARNING |  Transacción id 7469: Inversor inválido
2026-08-05 20:07:32,181 | WARNING |  Transacción id 7472: Inversor inválido
2026-08-05 20:07:32,181 | WARNING |  Transacción id 7476: Inversor inválido
2026-08-05 20:07:32,181 | WARNING |  Transacción id 7479: Inversor inválido
2026-08-05 20:07:32,181 | WARNING |  Transacción id 7480: Monto <= 0
2026-08-05 20:07:32,181 | WARNING |  Transacción id 7481: Monto <= 0
2026-08-05 20:07:32,181 | WARNING |  Transacción id 7483: Inversor inválido
2026-08-05 20:07:32,181 | WARNING |  Transacción id 7486: Monto <= 0
2026-08-05 20:07:32,181 | WARNING |  Transacción id 7490: Monto <= 0
2026-08-05 20:07:32,181 | WARNING |  Transacción id 7492: Monto <= 0
2026-08-05 20:07:32,182 | WARNING |  Transacción id 7494: Monto <= 0
2026-08-05 20:07:32,182 | WARNING |  Transacción id 7499: Monto <= 0
2026-08-05 20:07:32,182 | WARNING |  Transacción id 7501: Monto <= 0
2026-08-05 20:07:32,182 | WARNING |  Transacción id 7508: Monto <= 0
2026-08-05 20:07:32,182 | WARNING |  Transacción id 7520: Inversor inválido
2026-08-05 20:07:32,182 | WARNING |  Transacción id 7524: Inversor inválido
2026-08-05 20:07:32,182 | WARNING |  Transacción id 7530: Monto <= 0
2026-08-05 20:07:32,182 | WARNING |  Transacción id 7532: Monto <= 0
2026-08-05 20:07:32,182 | WARNING |  Transacción id 7535: Inversor inválido
2026-08-05 20:07:32,182 | WARNING |  Transacción id 7536: Monto <= 0
2026-08-05 20:07:32,183 | WARNING |  Transacción id 7540: Monto <= 0
2026-08-05 20:07:32,183 | WARNING |  Transacción id 7541: Monto <= 0
2026-08-05 20:07:32,183 | WARNING |  Transacción id 7542: Monto <= 0
2026-08-05 20:07:32,183 | WARNING |  Transacción id 7548: Monto <= 0
2026-08-05 20:07:32,183 | WARNING |  Transacción id 7549: Monto <= 0
2026-08-05 20:07:32,183 | WARNING |  Transacción id 7553: Monto <= 0
2026-08-05 20:07:32,183 | WARNING |  Transacción id 7554: Inversor inválido
2026-08-05 20:07:32,183 | WARNING |  Transacción id 7558: Monto <= 0
2026-08-05 20:07:32,183 | WARNING |  Transacción id 7567: Monto <= 0
2026-08-05 20:07:32,183 | WARNING |  Transacción id 7568: Monto <= 0
2026-08-05 20:07:32,183 | WARNING |  Transacción id 7571: Monto <= 0
2026-08-05 20:07:32,184 | WARNING |  Transacción id 7577: Monto <= 0
2026-08-05 20:07:32,184 | WARNING |  Transacción id 7579: Monto <= 0
2026-08-05 20:07:32,184 | WARNING |  Transacción id 7581: Monto <= 0
2026-08-05 20:07:32,184 | WARNING |  Transacción id 7582: Monto <= 0
2026-08-05 20:07:32,184 | WARNING |  Transacción id 7590: Monto <= 0
2026-08-05 20:07:32,184 | WARNING |  Transacción id 7593: Monto <= 0
2026-08-05 20:07:32,184 | WARNING |  Transacción id 7597: Monto <= 0
2026-08-05 20:07:32,185 | WARNING |  Transacción id 7599: Inversor inválido
2026-08-05 20:07:32,185 | WARNING |  Transacción id 7600: Monto <= 0
2026-08-05 20:07:32,185 | WARNING |  Transacción id 7601: Monto <= 0
2026-08-05 20:07:32,185 | WARNING |  Transacción id 7604: Monto <= 0
2026-08-05 20:07:32,185 | WARNING |  Transacción id 7606: Monto <= 0
2026-08-05 20:07:32,185 | WARNING |  Transacción id 7610: Monto <= 0
2026-08-05 20:07:32,186 | WARNING |  Transacción id 7613: Monto <= 0
2026-08-05 20:07:32,186 | WARNING |  Transacción id 7618: Monto <= 0
2026-08-05 20:07:32,186 | WARNING |  Transacción id 7619: Monto <= 0
2026-08-05 20:07:32,186 | WARNING |  Transacción id 7621: Inversor inválido
2026-08-05 20:07:32,186 | WARNING |  Transacción id 7622: Inversor inválido
2026-08-05 20:07:32,186 | WARNING |  Transacción id 7626: Inversor inválido
2026-08-05 20:07:32,186 | WARNING |  Transacción id 7630: Inversor inválido
2026-08-05 20:07:32,186 | WARNING |  Transacción id 7632: Monto <= 0
2026-08-05 20:07:32,186 | WARNING |  Transacción id 7633: Inversor inválido
2026-08-05 20:07:32,187 | WARNING |  Transacción id 7638: Monto <= 0
2026-08-05 20:07:32,187 | WARNING |  Transacción id 7644: Monto <= 0
2026-08-05 20:07:32,187 | WARNING |  Transacción id 7650: Monto <= 0
2026-08-05 20:07:32,187 | WARNING |  Transacción id 7657: Monto <= 0
2026-08-05 20:07:32,187 | WARNING |  Transacción id 7667: Inversor inválido
2026-08-05 20:07:32,187 | WARNING |  Transacción id 7670: Monto <= 0
2026-08-05 20:07:32,187 | WARNING |  Transacción id 7675: Monto <= 0
2026-08-05 20:07:32,187 | WARNING |  Transacción id 7683: Monto <= 0
2026-08-05 20:07:32,187 | WARNING |  Transacción id 7685: Inversor inválido
2026-08-05 20:07:32,187 | WARNING |  Transacción id 7693: Inversor inválido
2026-08-05 20:07:32,188 | WARNING |  Transacción id 7694: Monto <= 0
2026-08-05 20:07:32,188 | WARNING |  Transacción id 7697: Monto <= 0
2026-08-05 20:07:32,188 | WARNING |  Transacción id 7702: Monto <= 0
2026-08-05 20:07:32,188 | WARNING |  Transacción id 7704: Monto <= 0
2026-08-05 20:07:32,188 | WARNING |  Transacción id 7713: Monto <= 0
2026-08-05 20:07:32,188 | WARNING |  Transacción id 7715: Inversor inválido
2026-08-05 20:07:32,188 | WARNING |  Transacción id 7718: Inversor inválido
2026-08-05 20:07:32,188 | WARNING |  Transacción id 7724: Monto <= 0
2026-08-05 20:07:32,188 | WARNING |  Transacción id 7726: Monto <= 0
2026-08-05 20:07:32,188 | WARNING |  Transacción id 7728: Monto <= 0
2026-08-05 20:07:32,189 | WARNING |  Transacción id 7729: Monto <= 0
2026-08-05 20:07:32,189 | WARNING |  Transacción id 7732: Monto <= 0
2026-08-05 20:07:32,189 | WARNING |  Transacción id 7733: Inversor inválido
2026-08-05 20:07:32,189 | WARNING |  Transacción id 7740: Monto <= 0
2026-08-05 20:07:32,189 | WARNING |  Transacción id 7752: Inversor inválido
2026-08-05 20:07:32,189 | WARNING |  Transacción id 7753: Monto <= 0
2026-08-05 20:07:32,189 | WARNING |  Transacción id 7755: Monto <= 0
2026-08-05 20:07:32,189 | WARNING |  Transacción id 7756: Inversor inválido
2026-08-05 20:07:32,189 | WARNING |  Transacción id 7758: Monto <= 0
2026-08-05 20:07:32,189 | WARNING |  Transacción id 7759: Inversor inválido
2026-08-05 20:07:32,189 | WARNING |  Transacción id 7761: Monto <= 0
2026-08-05 20:07:32,190 | WARNING |  Transacción id 7762: Inversor inválido
2026-08-05 20:07:32,190 | WARNING |  Transacción id 7765: Inversor inválido
2026-08-05 20:07:32,190 | WARNING |  Transacción id 7768: Inversor inválido
2026-08-05 20:07:32,190 | WARNING |  Transacción id 7777: Monto <= 0
2026-08-05 20:07:32,190 | WARNING |  Transacción id 7778: Monto <= 0
2026-08-05 20:07:32,190 | WARNING |  Transacción id 7779: Monto <= 0
2026-08-05 20:07:32,190 | WARNING |  Transacción id 7782: Monto <= 0
2026-08-05 20:07:32,190 | WARNING |  Transacción id 7786: Monto <= 0
2026-08-05 20:07:32,190 | WARNING |  Transacción id 7790: Monto <= 0
2026-08-05 20:07:32,190 | WARNING |  Transacción id 7792: Inversor inválido
2026-08-05 20:07:32,190 | WARNING |  Transacción id 7795: Monto <= 0
2026-08-05 20:07:32,191 | WARNING |  Transacción id 7799: Inversor inválido
2026-08-05 20:07:32,191 | WARNING |  Transacción id 7803: Monto <= 0
2026-08-05 20:07:32,191 | WARNING |  Transacción id 7807: Monto <= 0
2026-08-05 20:07:32,191 | WARNING |  Transacción id 7813: Inversor inválido
2026-08-05 20:07:32,191 | WARNING |  Transacción id 7816: Monto <= 0
2026-08-05 20:07:32,191 | WARNING |  Transacción id 7820: Monto <= 0
2026-08-05 20:07:32,191 | WARNING |  Transacción id 7821: Inversor inválido
2026-08-05 20:07:32,191 | WARNING |  Transacción id 7824: Monto <= 0
2026-08-05 20:07:32,192 | WARNING |  Transacción id 7833: Monto <= 0
2026-08-05 20:07:32,192 | WARNING |  Transacción id 7836: Inversor inválido
2026-08-05 20:07:32,192 | WARNING |  Transacción id 7843: Inversor inválido
2026-08-05 20:07:32,192 | WARNING |  Transacción id 7853: Inversor inválido
2026-08-05 20:07:32,192 | WARNING |  Transacción id 7854: Monto <= 0
2026-08-05 20:07:32,192 | WARNING |  Transacción id 7858: Inversor inválido
2026-08-05 20:07:32,192 | WARNING |  Transacción id 7859: Monto <= 0
2026-08-05 20:07:32,192 | WARNING |  Transacción id 7867: Monto <= 0
2026-08-05 20:07:32,192 | WARNING |  Transacción id 7869: Monto <= 0
2026-08-05 20:07:32,192 | WARNING |  Transacción id 7870: Inversor inválido
2026-08-05 20:07:32,193 | WARNING |  Transacción id 7871: Monto <= 0
2026-08-05 20:07:32,193 | WARNING |  Transacción id 7873: Inversor inválido
2026-08-05 20:07:32,193 | WARNING |  Transacción id 7874: Inversor inválido
2026-08-05 20:07:32,193 | WARNING |  Transacción id 7884: Inversor inválido
2026-08-05 20:07:32,193 | WARNING |  Transacción id 7886: Inversor inválido
2026-08-05 20:07:32,193 | WARNING |  Transacción id 7888: Monto <= 0
2026-08-05 20:07:32,193 | WARNING |  Transacción id 7889: Inversor inválido
2026-08-05 20:07:32,193 | WARNING |  Transacción id 7890: Inversor inválido
2026-08-05 20:07:32,193 | WARNING |  Transacción id 7891: Monto <= 0
2026-08-05 20:07:32,193 | WARNING |  Transacción id 7892: Inversor inválido
2026-08-05 20:07:32,194 | WARNING |  Transacción id 7894: Monto <= 0
2026-08-05 20:07:32,194 | WARNING |  Transacción id 7895: Monto <= 0
2026-08-05 20:07:32,194 | WARNING |  Transacción id 7898: Monto <= 0
2026-08-05 20:07:32,194 | WARNING |  Transacción id 7901: Inversor inválido
2026-08-05 20:07:32,194 | WARNING |  Transacción id 7902: Monto <= 0
2026-08-05 20:07:32,194 | WARNING |  Transacción id 7905: Inversor inválido
2026-08-05 20:07:32,194 | WARNING |  Transacción id 7907: Monto <= 0
2026-08-05 20:07:32,194 | WARNING |  Transacción id 7908: Monto <= 0
2026-08-05 20:07:32,194 | WARNING |  Transacción id 7915: Inversor inválido
2026-08-05 20:07:32,195 | WARNING |  Transacción id 7919: Monto <= 0
2026-08-05 20:07:32,195 | WARNING |  Transacción id 7920: Inversor inválido
2026-08-05 20:07:32,195 | WARNING |  Transacción id 7926: Monto <= 0
2026-08-05 20:07:32,195 | WARNING |  Transacción id 7927: Inversor inválido
2026-08-05 20:07:32,195 | WARNING |  Transacción id 7929: Inversor inválido
2026-08-05 20:07:32,195 | WARNING |  Transacción id 7933: Inversor inválido
2026-08-05 20:07:32,195 | WARNING |  Transacción id 7934: Monto <= 0
2026-08-05 20:07:32,195 | WARNING |  Transacción id 7936: Inversor inválido
2026-08-05 20:07:32,195 | WARNING |  Transacción id 7940: Monto <= 0
2026-08-05 20:07:32,195 | WARNING |  Transacción id 7947: Monto <= 0
2026-08-05 20:07:32,196 | WARNING |  Transacción id 7948: Inversor inválido
2026-08-05 20:07:32,196 | WARNING |  Transacción id 7951: Inversor inválido
2026-08-05 20:07:32,196 | WARNING |  Transacción id 7954: Monto <= 0
2026-08-05 20:07:32,196 | WARNING |  Transacción id 7957: Monto <= 0
2026-08-05 20:07:32,196 | WARNING |  Transacción id 7967: Monto <= 0
2026-08-05 20:07:32,196 | WARNING |  Transacción id 7969: Monto <= 0
2026-08-05 20:07:32,196 | WARNING |  Transacción id 7975: Monto <= 0
2026-08-05 20:07:32,196 | WARNING |  Transacción id 7978: Monto <= 0
2026-08-05 20:07:32,196 | WARNING |  Transacción id 7981: Monto <= 0
2026-08-05 20:07:32,197 | WARNING |  Transacción id 7983: Inversor inválido
2026-08-05 20:07:32,197 | WARNING |  Transacción id 7984: Monto <= 0
2026-08-05 20:07:32,197 | WARNING |  Transacción id 7989: Monto <= 0
2026-08-05 20:07:32,197 | WARNING |  Transacción id 7991: Monto <= 0
2026-08-05 20:07:32,197 | WARNING |  Transacción id 7994: Monto <= 0
2026-08-05 20:07:32,197 | WARNING |  Transacción id 7997: Monto <= 0
2026-08-05 20:07:32,197 | WARNING |  Transacción id 8001: Inversor inválido
2026-08-05 20:07:32,197 | WARNING |  Transacción id 8002: Monto <= 0
2026-08-05 20:07:32,197 | WARNING |  Transacción id 8003: Inversor inválido
2026-08-05 20:07:32,198 | WARNING |  Transacción id 8004: Monto <= 0
2026-08-05 20:07:32,198 | WARNING |  Transacción id 8014: Inversor inválido
2026-08-05 20:07:32,198 | WARNING |  Transacción id 8016: Inversor inválido
2026-08-05 20:07:32,198 | WARNING |  Transacción id 8017: Monto <= 0
2026-08-05 20:07:32,198 | WARNING |  Transacción id 8022: Monto <= 0
2026-08-05 20:07:32,198 | WARNING |  Transacción id 8024: Inversor inválido
2026-08-05 20:07:32,198 | WARNING |  Transacción id 8025: Monto <= 0
2026-08-05 20:07:32,198 | WARNING |  Transacción id 8027: Monto <= 0
2026-08-05 20:07:32,198 | WARNING |  Transacción id 8039: Monto <= 0
2026-08-05 20:07:32,198 | WARNING |  Transacción id 8043: Inversor inválido
2026-08-05 20:07:32,198 | WARNING |  Transacción id 8044: Inversor inválido
2026-08-05 20:07:32,199 | WARNING |  Transacción id 8046: Inversor inválido
2026-08-05 20:07:32,199 | WARNING |  Transacción id 8048: Monto <= 0
2026-08-05 20:07:32,199 | WARNING |  Transacción id 8055: Inversor inválido
2026-08-05 20:07:32,199 | WARNING |  Transacción id 8059: Monto <= 0
2026-08-05 20:07:32,199 | WARNING |  Transacción id 8063: Inversor inválido
2026-08-05 20:07:32,199 | WARNING |  Transacción id 8065: Monto <= 0
2026-08-05 20:07:32,199 | WARNING |  Transacción id 8066: Monto <= 0
2026-08-05 20:07:32,199 | WARNING |  Transacción id 8070: Inversor inválido
2026-08-05 20:07:32,199 | WARNING |  Transacción id 8072: Monto <= 0
2026-08-05 20:07:32,199 | WARNING |  Transacción id 8075: Monto <= 0
2026-08-05 20:07:32,200 | WARNING |  Transacción id 8076: Inversor inválido
2026-08-05 20:07:32,200 | WARNING |  Transacción id 8078: Inversor inválido
2026-08-05 20:07:32,200 | WARNING |  Transacción id 8079: Inversor inválido
2026-08-05 20:07:32,200 | WARNING |  Transacción id 8080: Monto <= 0
2026-08-05 20:07:32,200 | WARNING |  Transacción id 8085: Monto <= 0
2026-08-05 20:07:32,200 | WARNING |  Transacción id 8086: Monto <= 0
2026-08-05 20:07:32,200 | WARNING |  Transacción id 8089: Monto <= 0
2026-08-05 20:07:32,201 | WARNING |  Transacción id 8092: Monto <= 0
2026-08-05 20:07:32,201 | WARNING |  Transacción id 8095: Monto <= 0
2026-08-05 20:07:32,201 | WARNING |  Transacción id 8102: Monto <= 0
2026-08-05 20:07:32,201 | WARNING |  Transacción id 8106: Inversor inválido
2026-08-05 20:07:32,201 | WARNING |  Transacción id 8110: Inversor inválido
2026-08-05 20:07:32,201 | WARNING |  Transacción id 8111: Inversor inválido
2026-08-05 20:07:32,201 | WARNING |  Transacción id 8115: Inversor inválido
2026-08-05 20:07:32,201 | WARNING |  Transacción id 8116: Monto <= 0
2026-08-05 20:07:32,202 | WARNING |  Transacción id 8122: Monto <= 0
2026-08-05 20:07:32,202 | WARNING |  Transacción id 8128: Monto <= 0
2026-08-05 20:07:32,202 | WARNING |  Transacción id 8134: Inversor inválido
2026-08-05 20:07:32,202 | WARNING |  Transacción id 8140: Monto <= 0
2026-08-05 20:07:32,202 | WARNING |  Transacción id 8144: Monto <= 0
2026-08-05 20:07:32,202 | WARNING |  Transacción id 8148: Monto <= 0
2026-08-05 20:07:32,202 | WARNING |  Transacción id 8149: Inversor inválido
2026-08-05 20:07:32,202 | WARNING |  Transacción id 8153: Monto <= 0
2026-08-05 20:07:32,203 | WARNING |  Transacción id 8156: Monto <= 0
2026-08-05 20:07:32,203 | WARNING |  Transacción id 8157: Monto <= 0
2026-08-05 20:07:32,203 | WARNING |  Transacción id 8160: Monto <= 0
2026-08-05 20:07:32,203 | WARNING |  Transacción id 8161: Monto <= 0
2026-08-05 20:07:32,203 | WARNING |  Transacción id 8163: Inversor inválido
2026-08-05 20:07:32,203 | WARNING |  Transacción id 8165: Inversor inválido
2026-08-05 20:07:32,203 | WARNING |  Transacción id 8167: Monto <= 0
2026-08-05 20:07:32,203 | WARNING |  Transacción id 8169: Monto <= 0
2026-08-05 20:07:32,203 | WARNING |  Transacción id 8171: Inversor inválido
2026-08-05 20:07:32,203 | WARNING |  Transacción id 8172: Monto <= 0
2026-08-05 20:07:32,203 | WARNING |  Transacción id 8178: Monto <= 0
2026-08-05 20:07:32,204 | WARNING |  Transacción id 8180: Monto <= 0
2026-08-05 20:07:32,204 | WARNING |  Transacción id 8181: Monto <= 0
2026-08-05 20:07:32,204 | WARNING |  Transacción id 8187: Inversor inválido
2026-08-05 20:07:32,204 | WARNING |  Transacción id 8188: Inversor inválido
2026-08-05 20:07:32,204 | WARNING |  Transacción id 8192: Inversor inválido
2026-08-05 20:07:32,204 | WARNING |  Transacción id 8202: Inversor inválido
2026-08-05 20:07:32,204 | WARNING |  Transacción id 8203: Monto <= 0
2026-08-05 20:07:32,204 | WARNING |  Transacción id 8204: Monto <= 0
2026-08-05 20:07:32,204 | WARNING |  Transacción id 8206: Monto <= 0
2026-08-05 20:07:32,204 | WARNING |  Transacción id 8209: Monto <= 0
2026-08-05 20:07:32,205 | WARNING |  Transacción id 8211: Monto <= 0
2026-08-05 20:07:32,205 | WARNING |  Transacción id 8214: Inversor inválido
2026-08-05 20:07:32,205 | WARNING |  Transacción id 8217: Monto <= 0
2026-08-05 20:07:32,205 | WARNING |  Transacción id 8219: Monto <= 0
2026-08-05 20:07:32,205 | WARNING |  Transacción id 8220: Inversor inválido
2026-08-05 20:07:32,205 | WARNING |  Transacción id 8222: Inversor inválido
2026-08-05 20:07:32,205 | WARNING |  Transacción id 8224: Inversor inválido
2026-08-05 20:07:32,205 | WARNING |  Transacción id 8228: Monto <= 0
2026-08-05 20:07:32,205 | WARNING |  Transacción id 8232: Monto <= 0
2026-08-05 20:07:32,205 | WARNING |  Transacción id 8234: Monto <= 0
2026-08-05 20:07:32,205 | WARNING |  Transacción id 8239: Inversor inválido
2026-08-05 20:07:32,206 | WARNING |  Transacción id 8245: Inversor inválido
2026-08-05 20:07:32,206 | WARNING |  Transacción id 8249: Monto <= 0
2026-08-05 20:07:32,206 | WARNING |  Transacción id 8251: Inversor inválido
2026-08-05 20:07:32,206 | WARNING |  Transacción id 8253: Monto <= 0
2026-08-05 20:07:32,206 | WARNING |  Transacción id 8255: Monto <= 0
2026-08-05 20:07:32,206 | WARNING |  Transacción id 8257: Monto <= 0
2026-08-05 20:07:32,206 | WARNING |  Transacción id 8261: Monto <= 0
2026-08-05 20:07:32,206 | WARNING |  Transacción id 8263: Monto <= 0
2026-08-05 20:07:32,206 | WARNING |  Transacción id 8266: Monto <= 0
2026-08-05 20:07:32,207 | WARNING |  Transacción id 8267: Inversor inválido
2026-08-05 20:07:32,207 | WARNING |  Transacción id 8272: Monto <= 0
2026-08-05 20:07:32,207 | WARNING |  Transacción id 8273: Inversor inválido
2026-08-05 20:07:32,207 | WARNING |  Transacción id 8274: Inversor inválido
2026-08-05 20:07:32,207 | WARNING |  Transacción id 8275: Inversor inválido
2026-08-05 20:07:32,207 | WARNING |  Transacción id 8278: Monto <= 0
2026-08-05 20:07:32,207 | WARNING |  Transacción id 8280: Monto <= 0
2026-08-05 20:07:32,207 | WARNING |  Transacción id 8287: Monto <= 0
2026-08-05 20:07:32,207 | WARNING |  Transacción id 8288: Monto <= 0
2026-08-05 20:07:32,207 | WARNING |  Transacción id 8289: Monto <= 0
2026-08-05 20:07:32,208 | WARNING |  Transacción id 8293: Inversor inválido
2026-08-05 20:07:32,208 | WARNING |  Transacción id 8299: Inversor inválido
2026-08-05 20:07:32,208 | WARNING |  Transacción id 8302: Monto <= 0
2026-08-05 20:07:32,208 | WARNING |  Transacción id 8304: Inversor inválido
2026-08-05 20:07:32,208 | WARNING |  Transacción id 8305: Monto <= 0
2026-08-05 20:07:32,208 | WARNING |  Transacción id 8313: Monto <= 0
2026-08-05 20:07:32,208 | WARNING |  Transacción id 8319: Monto <= 0
2026-08-05 20:07:32,208 | WARNING |  Transacción id 8320: Monto <= 0
2026-08-05 20:07:32,208 | WARNING |  Transacción id 8323: Monto <= 0
2026-08-05 20:07:32,208 | WARNING |  Transacción id 8324: Monto <= 0
2026-08-05 20:07:32,209 | WARNING |  Transacción id 8328: Inversor inválido
2026-08-05 20:07:32,209 | WARNING |  Transacción id 8333: Monto <= 0
2026-08-05 20:07:32,209 | WARNING |  Transacción id 8345: Inversor inválido
2026-08-05 20:07:32,209 | WARNING |  Transacción id 8346: Monto <= 0
2026-08-05 20:07:32,209 | WARNING |  Transacción id 8349: Monto <= 0
2026-08-05 20:07:32,209 | WARNING |  Transacción id 8352: Monto <= 0
2026-08-05 20:07:32,209 | WARNING |  Transacción id 8357: Monto <= 0
2026-08-05 20:07:32,209 | WARNING |  Transacción id 8364: Monto <= 0
2026-08-05 20:07:32,209 | WARNING |  Transacción id 8365: Inversor inválido
2026-08-05 20:07:32,209 | WARNING |  Transacción id 8367: Inversor inválido
2026-08-05 20:07:32,209 | WARNING |  Transacción id 8371: Monto <= 0
2026-08-05 20:07:32,210 | WARNING |  Transacción id 8373: Inversor inválido
2026-08-05 20:07:32,210 | WARNING |  Transacción id 8374: Monto <= 0
2026-08-05 20:07:32,210 | WARNING |  Transacción id 8376: Monto <= 0
2026-08-05 20:07:32,210 | WARNING |  Transacción id 8383: Monto <= 0
2026-08-05 20:07:32,210 | WARNING |  Transacción id 8385: Inversor inválido
2026-08-05 20:07:32,210 | WARNING |  Transacción id 8387: Monto <= 0
2026-08-05 20:07:32,210 | WARNING |  Transacción id 8392: Monto <= 0
2026-08-05 20:07:32,210 | WARNING |  Transacción id 8405: Monto <= 0
2026-08-05 20:07:32,210 | WARNING |  Transacción id 8406: Monto <= 0
2026-08-05 20:07:32,210 | WARNING |  Transacción id 8415: Inversor inválido
2026-08-05 20:07:32,211 | WARNING |  Transacción id 8418: Monto <= 0
2026-08-05 20:07:32,211 | WARNING |  Transacción id 8424: Monto <= 0
2026-08-05 20:07:32,211 | WARNING |  Transacción id 8425: Monto <= 0
2026-08-05 20:07:32,211 | WARNING |  Transacción id 8437: Inversor inválido
2026-08-05 20:07:32,211 | WARNING |  Transacción id 8440: Inversor inválido
2026-08-05 20:07:32,211 | WARNING |  Transacción id 8441: Monto <= 0
2026-08-05 20:07:32,211 | WARNING |  Transacción id 8442: Monto <= 0
2026-08-05 20:07:32,211 | WARNING |  Transacción id 8447: Monto <= 0
2026-08-05 20:07:32,212 | WARNING |  Transacción id 8452: Inversor inválido
2026-08-05 20:07:32,212 | WARNING |  Transacción id 8457: Monto <= 0
2026-08-05 20:07:32,212 | WARNING |  Transacción id 8458: Monto <= 0
2026-08-05 20:07:32,212 | WARNING |  Transacción id 8465: Monto <= 0
2026-08-05 20:07:32,212 | WARNING |  Transacción id 8466: Inversor inválido
2026-08-05 20:07:32,212 | WARNING |  Transacción id 8469: Inversor inválido
2026-08-05 20:07:32,212 | WARNING |  Transacción id 8473: Monto <= 0
2026-08-05 20:07:32,212 | WARNING |  Transacción id 8475: Monto <= 0
2026-08-05 20:07:32,212 | WARNING |  Transacción id 8479: Monto <= 0
2026-08-05 20:07:32,212 | WARNING |  Transacción id 8481: Inversor inválido
2026-08-05 20:07:32,213 | WARNING |  Transacción id 8482: Inversor inválido
2026-08-05 20:07:32,213 | WARNING |  Transacción id 8486: Inversor inválido
2026-08-05 20:07:32,213 | WARNING |  Transacción id 8487: Inversor inválido
2026-08-05 20:07:32,213 | WARNING |  Transacción id 8488: Monto <= 0
2026-08-05 20:07:32,213 | WARNING |  Transacción id 8489: Monto <= 0
2026-08-05 20:07:32,213 | WARNING |  Transacción id 8494: Monto <= 0
2026-08-05 20:07:32,213 | WARNING |  Transacción id 8496: Monto <= 0
2026-08-05 20:07:32,213 | WARNING |  Transacción id 8499: Inversor inválido
2026-08-05 20:07:32,213 | WARNING |  Transacción id 8502: Monto <= 0
2026-08-05 20:07:32,213 | WARNING |  Transacción id 8504: Monto <= 0
2026-08-05 20:07:32,214 | WARNING |  Transacción id 8508: Inversor inválido
2026-08-05 20:07:32,214 | WARNING |  Transacción id 8513: Inversor inválido
2026-08-05 20:07:32,214 | WARNING |  Transacción id 8518: Inversor inválido
2026-08-05 20:07:32,214 | WARNING |  Transacción id 8524: Monto <= 0
2026-08-05 20:07:32,214 | WARNING |  Transacción id 8532: Inversor inválido
2026-08-05 20:07:32,214 | WARNING |  Transacción id 8538: Monto <= 0
2026-08-05 20:07:32,214 | WARNING |  Transacción id 8543: Monto <= 0
2026-08-05 20:07:32,214 | WARNING |  Transacción id 8547: Monto <= 0
2026-08-05 20:07:32,214 | WARNING |  Transacción id 8548: Monto <= 0
2026-08-05 20:07:32,214 | WARNING |  Transacción id 8553: Monto <= 0
2026-08-05 20:07:32,215 | WARNING |  Transacción id 8556: Monto <= 0
2026-08-05 20:07:32,215 | WARNING |  Transacción id 8568: Monto <= 0
2026-08-05 20:07:32,215 | WARNING |  Transacción id 8569: Monto <= 0
2026-08-05 20:07:32,215 | WARNING |  Transacción id 8573: Monto <= 0
2026-08-05 20:07:32,215 | WARNING |  Transacción id 8574: Monto <= 0
2026-08-05 20:07:32,215 | WARNING |  Transacción id 8580: Monto <= 0
2026-08-05 20:07:32,215 | WARNING |  Transacción id 8587: Inversor inválido
2026-08-05 20:07:32,215 | WARNING |  Transacción id 8590: Monto <= 0
2026-08-05 20:07:32,215 | WARNING |  Transacción id 8592: Monto <= 0
2026-08-05 20:07:32,215 | WARNING |  Transacción id 8596: Inversor inválido
2026-08-05 20:07:32,215 | WARNING |  Transacción id 8598: Monto <= 0
2026-08-05 20:07:32,216 | WARNING |  Transacción id 8600: Inversor inválido
2026-08-05 20:07:32,216 | WARNING |  Transacción id 8601: Monto <= 0
2026-08-05 20:07:32,216 | WARNING |  Transacción id 8604: Monto <= 0
2026-08-05 20:07:32,216 | WARNING |  Transacción id 8606: Monto <= 0
2026-08-05 20:07:32,216 | WARNING |  Transacción id 8609: Inversor inválido
2026-08-05 20:07:32,216 | WARNING |  Transacción id 8615: Inversor inválido
2026-08-05 20:07:32,216 | WARNING |  Transacción id 8618: Monto <= 0
2026-08-05 20:07:32,216 | WARNING |  Transacción id 8623: Inversor inválido
2026-08-05 20:07:32,216 | WARNING |  Transacción id 8628: Inversor inválido
2026-08-05 20:07:32,217 | WARNING |  Transacción id 8630: Monto <= 0
2026-08-05 20:07:32,217 | WARNING |  Transacción id 8636: Inversor inválido
2026-08-05 20:07:32,217 | WARNING |  Transacción id 8640: Monto <= 0
2026-08-05 20:07:32,217 | WARNING |  Transacción id 8642: Monto <= 0
2026-08-05 20:07:32,217 | WARNING |  Transacción id 8644: Monto <= 0
2026-08-05 20:07:32,217 | WARNING |  Transacción id 8645: Inversor inválido
2026-08-05 20:07:32,217 | WARNING |  Transacción id 8646: Inversor inválido
2026-08-05 20:07:32,217 | WARNING |  Transacción id 8658: Monto <= 0
2026-08-05 20:07:32,218 | WARNING |  Transacción id 8664: Monto <= 0
2026-08-05 20:07:32,218 | WARNING |  Transacción id 8666: Inversor inválido
2026-08-05 20:07:32,218 | WARNING |  Transacción id 8667: Monto <= 0
2026-08-05 20:07:32,218 | WARNING |  Transacción id 8669: Monto <= 0
2026-08-05 20:07:32,218 | WARNING |  Transacción id 8674: Inversor inválido
2026-08-05 20:07:32,218 | WARNING |  Transacción id 8675: Monto <= 0
2026-08-05 20:07:32,218 | WARNING |  Transacción id 8676: Inversor inválido
2026-08-05 20:07:32,218 | WARNING |  Transacción id 8680: Monto <= 0
2026-08-05 20:07:32,218 | WARNING |  Transacción id 8683: Monto <= 0
2026-08-05 20:07:32,219 | WARNING |  Transacción id 8687: Inversor inválido
2026-08-05 20:07:32,219 | WARNING |  Transacción id 8688: Monto <= 0
2026-08-05 20:07:32,219 | WARNING |  Transacción id 8690: Inversor inválido
2026-08-05 20:07:32,219 | WARNING |  Transacción id 8692: Monto <= 0
2026-08-05 20:07:32,219 | WARNING |  Transacción id 8693: Inversor inválido
2026-08-05 20:07:32,219 | WARNING |  Transacción id 8699: Inversor inválido
2026-08-05 20:07:32,219 | WARNING |  Transacción id 8703: Monto <= 0
2026-08-05 20:07:32,219 | WARNING |  Transacción id 8709: Inversor inválido
2026-08-05 20:07:32,219 | WARNING |  Transacción id 8711: Monto <= 0
2026-08-05 20:07:32,219 | WARNING |  Transacción id 8713: Inversor inválido
2026-08-05 20:07:32,220 | WARNING |  Transacción id 8715: Monto <= 0
2026-08-05 20:07:32,220 | WARNING |  Transacción id 8721: Monto <= 0
2026-08-05 20:07:32,220 | WARNING |  Transacción id 8722: Monto <= 0
2026-08-05 20:07:32,220 | WARNING |  Transacción id 8723: Monto <= 0
2026-08-05 20:07:32,220 | WARNING |  Transacción id 8725: Monto <= 0
2026-08-05 20:07:32,220 | WARNING |  Transacción id 8727: Monto <= 0
2026-08-05 20:07:32,220 | WARNING |  Transacción id 8730: Monto <= 0
2026-08-05 20:07:32,220 | WARNING |  Transacción id 8731: Monto <= 0
2026-08-05 20:07:32,220 | WARNING |  Transacción id 8733: Inversor inválido
2026-08-05 20:07:32,220 | WARNING |  Transacción id 8736: Monto <= 0
2026-08-05 20:07:32,220 | WARNING |  Transacción id 8737: Monto <= 0
2026-08-05 20:07:32,221 | WARNING |  Transacción id 8739: Monto <= 0
2026-08-05 20:07:32,221 | WARNING |  Transacción id 8742: Monto <= 0
2026-08-05 20:07:32,221 | WARNING |  Transacción id 8752: Monto <= 0
2026-08-05 20:07:32,221 | WARNING |  Transacción id 8759: Monto <= 0
2026-08-05 20:07:32,221 | WARNING |  Transacción id 8762: Monto <= 0
2026-08-05 20:07:32,221 | WARNING |  Transacción id 8763: Monto <= 0
2026-08-05 20:07:32,221 | WARNING |  Transacción id 8764: Monto <= 0
2026-08-05 20:07:32,221 | WARNING |  Transacción id 8767: Monto <= 0
2026-08-05 20:07:32,222 | WARNING |  Transacción id 8768: Monto <= 0
2026-08-05 20:07:32,222 | WARNING |  Transacción id 8771: Monto <= 0
2026-08-05 20:07:32,222 | WARNING |  Transacción id 8774: Monto <= 0
2026-08-05 20:07:32,222 | WARNING |  Transacción id 8787: Monto <= 0
2026-08-05 20:07:32,222 | WARNING |  Transacción id 8796: Monto <= 0
2026-08-05 20:07:32,222 | WARNING |  Transacción id 8797: Inversor inválido
2026-08-05 20:07:32,222 | WARNING |  Transacción id 8804: Inversor inválido
2026-08-05 20:07:32,222 | WARNING |  Transacción id 8809: Monto <= 0
2026-08-05 20:07:32,222 | WARNING |  Transacción id 8812: Inversor inválido
2026-08-05 20:07:32,222 | WARNING |  Transacción id 8817: Inversor inválido
2026-08-05 20:07:32,222 | WARNING |  Transacción id 8820: Monto <= 0
2026-08-05 20:07:32,223 | WARNING |  Transacción id 8822: Inversor inválido
2026-08-05 20:07:32,223 | WARNING |  Transacción id 8830: Inversor inválido
2026-08-05 20:07:32,223 | WARNING |  Transacción id 8831: Monto <= 0
2026-08-05 20:07:32,223 | WARNING |  Transacción id 8832: Inversor inválido
2026-08-05 20:07:32,223 | WARNING |  Transacción id 8835: Monto <= 0
2026-08-05 20:07:32,223 | WARNING |  Transacción id 8837: Monto <= 0
2026-08-05 20:07:32,223 | WARNING |  Transacción id 8843: Monto <= 0
2026-08-05 20:07:32,223 | WARNING |  Transacción id 8845: Monto <= 0
2026-08-05 20:07:32,223 | WARNING |  Transacción id 8853: Monto <= 0
2026-08-05 20:07:32,223 | WARNING |  Transacción id 8855: Monto <= 0
2026-08-05 20:07:32,224 | WARNING |  Transacción id 8859: Monto <= 0
2026-08-05 20:07:32,224 | WARNING |  Transacción id 8860: Inversor inválido
2026-08-05 20:07:32,224 | WARNING |  Transacción id 8862: Monto <= 0
2026-08-05 20:07:32,224 | WARNING |  Transacción id 8866: Monto <= 0
2026-08-05 20:07:32,224 | WARNING |  Transacción id 8868: Inversor inválido
2026-08-05 20:07:32,224 | WARNING |  Transacción id 8871: Monto <= 0
2026-08-05 20:07:32,224 | WARNING |  Transacción id 8873: Inversor inválido
2026-08-05 20:07:32,224 | WARNING |  Transacción id 8874: Inversor inválido
2026-08-05 20:07:32,224 | WARNING |  Transacción id 8877: Monto <= 0
2026-08-05 20:07:32,224 | WARNING |  Transacción id 8882: Monto <= 0
2026-08-05 20:07:32,224 | WARNING |  Transacción id 8885: Monto <= 0
2026-08-05 20:07:32,225 | WARNING |  Transacción id 8886: Inversor inválido
2026-08-05 20:07:32,225 | WARNING |  Transacción id 8887: Monto <= 0
2026-08-05 20:07:32,225 | WARNING |  Transacción id 8904: Monto <= 0
2026-08-05 20:07:32,225 | WARNING |  Transacción id 8905: Inversor inválido
2026-08-05 20:07:32,225 | WARNING |  Transacción id 8907: Inversor inválido
2026-08-05 20:07:32,225 | WARNING |  Transacción id 8913: Monto <= 0
2026-08-05 20:07:32,225 | WARNING |  Transacción id 8919: Inversor inválido
2026-08-05 20:07:32,225 | WARNING |  Transacción id 8922: Monto <= 0
2026-08-05 20:07:32,225 | WARNING |  Transacción id 8927: Monto <= 0
2026-08-05 20:07:32,225 | WARNING |  Transacción id 8930: Monto <= 0
2026-08-05 20:07:32,225 | WARNING |  Transacción id 8932: Monto <= 0
2026-08-05 20:07:32,226 | WARNING |  Transacción id 8937: Monto <= 0
2026-08-05 20:07:32,226 | WARNING |  Transacción id 8941: Monto <= 0
2026-08-05 20:07:32,226 | WARNING |  Transacción id 8943: Monto <= 0
2026-08-05 20:07:32,226 | WARNING |  Transacción id 8944: Monto <= 0
2026-08-05 20:07:32,226 | WARNING |  Transacción id 8946: Inversor inválido
2026-08-05 20:07:32,226 | WARNING |  Transacción id 8948: Monto <= 0
2026-08-05 20:07:32,226 | WARNING |  Transacción id 8949: Monto <= 0
2026-08-05 20:07:32,226 | WARNING |  Transacción id 8953: Monto <= 0
2026-08-05 20:07:32,226 | WARNING |  Transacción id 8954: Monto <= 0
2026-08-05 20:07:32,227 | WARNING |  Transacción id 8956: Monto <= 0
2026-08-05 20:07:32,227 | WARNING |  Transacción id 8957: Monto <= 0
2026-08-05 20:07:32,227 | WARNING |  Transacción id 8958: Monto <= 0
2026-08-05 20:07:32,227 | WARNING |  Transacción id 8959: Monto <= 0
2026-08-05 20:07:32,227 | WARNING |  Transacción id 8961: Monto <= 0
2026-08-05 20:07:32,227 | WARNING |  Transacción id 8962: Monto <= 0
2026-08-05 20:07:32,227 | WARNING |  Transacción id 8964: Inversor inválido
2026-08-05 20:07:32,227 | WARNING |  Transacción id 8965: Monto <= 0
2026-08-05 20:07:32,227 | WARNING |  Transacción id 8968: Monto <= 0
2026-08-05 20:07:32,228 | WARNING |  Transacción id 8973: Inversor inválido
2026-08-05 20:07:32,228 | WARNING |  Transacción id 8976: Inversor inválido
2026-08-05 20:07:32,228 | WARNING |  Transacción id 8977: Monto <= 0
2026-08-05 20:07:32,228 | WARNING |  Transacción id 8980: Monto <= 0
2026-08-05 20:07:32,228 | WARNING |  Transacción id 8981: Monto <= 0
2026-08-05 20:07:32,228 | WARNING |  Transacción id 8985: Monto <= 0
2026-08-05 20:07:32,228 | WARNING |  Transacción id 8998: Inversor inválido
2026-08-05 20:07:32,228 | WARNING |  Transacción id 8999: Monto <= 0
2026-08-05 20:07:32,228 | WARNING |  Transacción id 9000: Monto <= 0
2026-08-05 20:07:32,228 | WARNING |  Transacción id 9006: Monto <= 0
2026-08-05 20:07:32,229 | WARNING |  Transacción id 9014: Inversor inválido
2026-08-05 20:07:32,229 | WARNING |  Transacción id 9015: Inversor inválido
2026-08-05 20:07:32,229 | WARNING |  Transacción id 9016: Monto <= 0
2026-08-05 20:07:32,229 | WARNING |  Transacción id 9021: Monto <= 0
2026-08-05 20:07:32,229 | WARNING |  Transacción id 9024: Monto <= 0
2026-08-05 20:07:32,229 | WARNING |  Transacción id 9026: Monto <= 0
2026-08-05 20:07:32,229 | WARNING |  Transacción id 9037: Monto <= 0
2026-08-05 20:07:32,229 | WARNING |  Transacción id 9040: Inversor inválido
2026-08-05 20:07:32,229 | WARNING |  Transacción id 9048: Monto <= 0
2026-08-05 20:07:32,229 | WARNING |  Transacción id 9049: Monto <= 0
2026-08-05 20:07:32,229 | WARNING |  Transacción id 9059: Inversor inválido
2026-08-05 20:07:32,230 | WARNING |  Transacción id 9060: Inversor inválido
2026-08-05 20:07:32,230 | WARNING |  Transacción id 9065: Monto <= 0
2026-08-05 20:07:32,230 | WARNING |  Transacción id 9067: Monto <= 0
2026-08-05 20:07:32,230 | WARNING |  Transacción id 9073: Inversor inválido
2026-08-05 20:07:32,230 | WARNING |  Transacción id 9074: Monto <= 0
2026-08-05 20:07:32,230 | WARNING |  Transacción id 9078: Monto <= 0
2026-08-05 20:07:32,230 | WARNING |  Transacción id 9079: Inversor inválido
2026-08-05 20:07:32,230 | WARNING |  Transacción id 9081: Monto <= 0
2026-08-05 20:07:32,230 | WARNING |  Transacción id 9082: Monto <= 0
2026-08-05 20:07:32,230 | WARNING |  Transacción id 9084: Monto <= 0
2026-08-05 20:07:32,230 | WARNING |  Transacción id 9087: Monto <= 0
2026-08-05 20:07:32,231 | WARNING |  Transacción id 9091: Monto <= 0
2026-08-05 20:07:32,231 | WARNING |  Transacción id 9092: Inversor inválido
2026-08-05 20:07:32,231 | WARNING |  Transacción id 9096: Inversor inválido
2026-08-05 20:07:32,231 | WARNING |  Transacción id 9100: Monto <= 0
2026-08-05 20:07:32,231 | WARNING |  Transacción id 9101: Monto <= 0
2026-08-05 20:07:32,231 | WARNING |  Transacción id 9103: Inversor inválido
2026-08-05 20:07:32,231 | WARNING |  Transacción id 9106: Monto <= 0
2026-08-05 20:07:32,231 | WARNING |  Transacción id 9109: Monto <= 0
2026-08-05 20:07:32,231 | WARNING |  Transacción id 9114: Monto <= 0
2026-08-05 20:07:32,232 | WARNING |  Transacción id 9115: Monto <= 0
2026-08-05 20:07:32,232 | WARNING |  Transacción id 9117: Monto <= 0
2026-08-05 20:07:32,232 | WARNING |  Transacción id 9122: Monto <= 0
2026-08-05 20:07:32,232 | WARNING |  Transacción id 9135: Inversor inválido
2026-08-05 20:07:32,232 | WARNING |  Transacción id 9136: Monto <= 0
2026-08-05 20:07:32,232 | WARNING |  Transacción id 9142: Inversor inválido
2026-08-05 20:07:32,232 | WARNING |  Transacción id 9143: Monto <= 0
2026-08-05 20:07:32,232 | WARNING |  Transacción id 9151: Monto <= 0
2026-08-05 20:07:32,232 | WARNING |  Transacción id 9158: Monto <= 0
2026-08-05 20:07:32,233 | WARNING |  Transacción id 9159: Monto <= 0
2026-08-05 20:07:32,233 | WARNING |  Transacción id 9166: Monto <= 0
2026-08-05 20:07:32,233 | WARNING |  Transacción id 9168: Monto <= 0
2026-08-05 20:07:32,233 | WARNING |  Transacción id 9170: Inversor inválido
2026-08-05 20:07:32,233 | WARNING |  Transacción id 9171: Monto <= 0
2026-08-05 20:07:32,233 | WARNING |  Transacción id 9177: Inversor inválido
2026-08-05 20:07:32,233 | WARNING |  Transacción id 9180: Inversor inválido
2026-08-05 20:07:32,233 | WARNING |  Transacción id 9184: Inversor inválido
2026-08-05 20:07:32,233 | WARNING |  Transacción id 9189: Monto <= 0
2026-08-05 20:07:32,233 | WARNING |  Transacción id 9190: Inversor inválido
2026-08-05 20:07:32,234 | WARNING |  Transacción id 9192: Monto <= 0
2026-08-05 20:07:32,234 | WARNING |  Transacción id 9193: Inversor inválido
2026-08-05 20:07:32,234 | WARNING |  Transacción id 9194: Inversor inválido
2026-08-05 20:07:32,234 | WARNING |  Transacción id 9195: Monto <= 0
2026-08-05 20:07:32,234 | WARNING |  Transacción id 9196: Monto <= 0
2026-08-05 20:07:32,234 | WARNING |  Transacción id 9198: Monto <= 0
2026-08-05 20:07:32,234 | WARNING |  Transacción id 9200: Monto <= 0
2026-08-05 20:07:32,235 | WARNING |  Transacción id 9208: Monto <= 0
2026-08-05 20:07:32,235 | WARNING |  Transacción id 9211: Inversor inválido
2026-08-05 20:07:32,235 | WARNING |  Transacción id 9212: Inversor inválido
2026-08-05 20:07:32,235 | WARNING |  Transacción id 9214: Monto <= 0
2026-08-05 20:07:32,235 | WARNING |  Transacción id 9215: Monto <= 0
2026-08-05 20:07:32,235 | WARNING |  Transacción id 9224: Inversor inválido
2026-08-05 20:07:32,235 | WARNING |  Transacción id 9225: Monto <= 0
2026-08-05 20:07:32,236 | WARNING |  Transacción id 9229: Monto <= 0
2026-08-05 20:07:32,236 | WARNING |  Transacción id 9230: Inversor inválido
2026-08-05 20:07:32,236 | WARNING |  Transacción id 9233: Monto <= 0
2026-08-05 20:07:32,236 | WARNING |  Transacción id 9234: Monto <= 0
2026-08-05 20:07:32,236 | WARNING |  Transacción id 9249: Monto <= 0
2026-08-05 20:07:32,236 | WARNING |  Transacción id 9251: Monto <= 0
2026-08-05 20:07:32,236 | WARNING |  Transacción id 9253: Monto <= 0
2026-08-05 20:07:32,236 | WARNING |  Transacción id 9256: Monto <= 0
2026-08-05 20:07:32,236 | WARNING |  Transacción id 9257: Monto <= 0
2026-08-05 20:07:32,236 | WARNING |  Transacción id 9259: Monto <= 0
2026-08-05 20:07:32,237 | WARNING |  Transacción id 9265: Monto <= 0
2026-08-05 20:07:32,237 | WARNING |  Transacción id 9271: Inversor inválido
2026-08-05 20:07:32,237 | WARNING |  Transacción id 9273: Monto <= 0
2026-08-05 20:07:32,237 | WARNING |  Transacción id 9274: Inversor inválido
2026-08-05 20:07:32,237 | WARNING |  Transacción id 9276: Inversor inválido
2026-08-05 20:07:32,237 | WARNING |  Transacción id 9280: Inversor inválido
2026-08-05 20:07:32,237 | WARNING |  Transacción id 9284: Monto <= 0
2026-08-05 20:07:32,237 | WARNING |  Transacción id 9290: Inversor inválido
2026-08-05 20:07:32,237 | WARNING |  Transacción id 9293: Monto <= 0
2026-08-05 20:07:32,238 | WARNING |  Transacción id 9295: Monto <= 0
2026-08-05 20:07:32,238 | WARNING |  Transacción id 9298: Monto <= 0
2026-08-05 20:07:32,238 | WARNING |  Transacción id 9299: Inversor inválido
2026-08-05 20:07:32,238 | WARNING |  Transacción id 9300: Monto <= 0
2026-08-05 20:07:32,238 | WARNING |  Transacción id 9310: Inversor inválido
2026-08-05 20:07:32,238 | WARNING |  Transacción id 9311: Monto <= 0
2026-08-05 20:07:32,238 | WARNING |  Transacción id 9314: Monto <= 0
2026-08-05 20:07:32,238 | WARNING |  Transacción id 9315: Monto <= 0
2026-08-05 20:07:32,238 | WARNING |  Transacción id 9316: Inversor inválido
2026-08-05 20:07:32,238 | WARNING |  Transacción id 9317: Monto <= 0
2026-08-05 20:07:32,238 | WARNING |  Transacción id 9318: Inversor inválido
2026-08-05 20:07:32,239 | WARNING |  Transacción id 9319: Monto <= 0
2026-08-05 20:07:32,239 | WARNING |  Transacción id 9324: Monto <= 0
2026-08-05 20:07:32,239 | WARNING |  Transacción id 9326: Inversor inválido
2026-08-05 20:07:32,239 | WARNING |  Transacción id 9328: Monto <= 0
2026-08-05 20:07:32,239 | WARNING |  Transacción id 9340: Monto <= 0
2026-08-05 20:07:32,239 | WARNING |  Transacción id 9343: Inversor inválido
2026-08-05 20:07:32,239 | WARNING |  Transacción id 9346: Monto <= 0
2026-08-05 20:07:32,239 | WARNING |  Transacción id 9347: Inversor inválido
2026-08-05 20:07:32,239 | WARNING |  Transacción id 9348: Monto <= 0
2026-08-05 20:07:32,239 | WARNING |  Transacción id 9349: Monto <= 0
2026-08-05 20:07:32,239 | WARNING |  Transacción id 9350: Monto <= 0
2026-08-05 20:07:32,240 | WARNING |  Transacción id 9354: Monto <= 0
2026-08-05 20:07:32,240 | WARNING |  Transacción id 9359: Monto <= 0
2026-08-05 20:07:32,240 | WARNING |  Transacción id 9360: Monto <= 0
2026-08-05 20:07:32,240 | WARNING |  Transacción id 9366: Inversor inválido
2026-08-05 20:07:32,240 | WARNING |  Transacción id 9373: Monto <= 0
2026-08-05 20:07:32,240 | WARNING |  Transacción id 9378: Inversor inválido
2026-08-05 20:07:32,240 | WARNING |  Transacción id 9379: Monto <= 0
2026-08-05 20:07:32,240 | WARNING |  Transacción id 9380: Monto <= 0
2026-08-05 20:07:32,240 | WARNING |  Transacción id 9382: Inversor inválido
2026-08-05 20:07:32,240 | WARNING |  Transacción id 9383: Monto <= 0
2026-08-05 20:07:32,240 | WARNING |  Transacción id 9384: Monto <= 0
2026-08-05 20:07:32,241 | WARNING |  Transacción id 9385: Inversor inválido
2026-08-05 20:07:32,241 | WARNING |  Transacción id 9387: Inversor inválido
2026-08-05 20:07:32,241 | WARNING |  Transacción id 9391: Monto <= 0
2026-08-05 20:07:32,241 | WARNING |  Transacción id 9392: Inversor inválido
2026-08-05 20:07:32,241 | WARNING |  Transacción id 9396: Monto <= 0
2026-08-05 20:07:32,241 | WARNING |  Transacción id 9401: Inversor inválido
2026-08-05 20:07:32,241 | WARNING |  Transacción id 9402: Inversor inválido
2026-08-05 20:07:32,241 | WARNING |  Transacción id 9403: Inversor inválido
2026-08-05 20:07:32,242 | WARNING |  Transacción id 9407: Monto <= 0
2026-08-05 20:07:32,242 | WARNING |  Transacción id 9411: Monto <= 0
2026-08-05 20:07:32,242 | WARNING |  Transacción id 9417: Monto <= 0
2026-08-05 20:07:32,242 | WARNING |  Transacción id 9420: Monto <= 0
2026-08-05 20:07:32,242 | WARNING |  Transacción id 9427: Inversor inválido
2026-08-05 20:07:32,242 | WARNING |  Transacción id 9428: Monto <= 0
2026-08-05 20:07:32,242 | WARNING |  Transacción id 9434: Monto <= 0
2026-08-05 20:07:32,242 | WARNING |  Transacción id 9437: Monto <= 0
2026-08-05 20:07:32,242 | WARNING |  Transacción id 9442: Monto <= 0
2026-08-05 20:07:32,243 | WARNING |  Transacción id 9443: Monto <= 0
2026-08-05 20:07:32,243 | WARNING |  Transacción id 9444: Monto <= 0
2026-08-05 20:07:32,243 | WARNING |  Transacción id 9453: Inversor inválido
2026-08-05 20:07:32,243 | WARNING |  Transacción id 9455: Monto <= 0
2026-08-05 20:07:32,243 | WARNING |  Transacción id 9461: Monto <= 0
2026-08-05 20:07:32,243 | WARNING |  Transacción id 9467: Inversor inválido
2026-08-05 20:07:32,243 | WARNING |  Transacción id 9468: Inversor inválido
2026-08-05 20:07:32,243 | WARNING |  Transacción id 9469: Monto <= 0
2026-08-05 20:07:32,243 | WARNING |  Transacción id 9470: Monto <= 0
2026-08-05 20:07:32,243 | WARNING |  Transacción id 9474: Inversor inválido
2026-08-05 20:07:32,244 | WARNING |  Transacción id 9476: Monto <= 0
2026-08-05 20:07:32,244 | WARNING |  Transacción id 9478: Monto <= 0
2026-08-05 20:07:32,244 | WARNING |  Transacción id 9481: Monto <= 0
2026-08-05 20:07:32,244 | WARNING |  Transacción id 9484: Inversor inválido
2026-08-05 20:07:32,244 | WARNING |  Transacción id 9485: Monto <= 0
2026-08-05 20:07:32,244 | WARNING |  Transacción id 9487: Monto <= 0
2026-08-05 20:07:32,244 | WARNING |  Transacción id 9488: Inversor inválido
2026-08-05 20:07:32,244 | WARNING |  Transacción id 9489: Inversor inválido
2026-08-05 20:07:32,244 | WARNING |  Transacción id 9494: Monto <= 0
2026-08-05 20:07:32,244 | WARNING |  Transacción id 9503: Inversor inválido
2026-08-05 20:07:32,244 | WARNING |  Transacción id 9505: Inversor inválido
2026-08-05 20:07:32,245 | WARNING |  Transacción id 9509: Monto <= 0
2026-08-05 20:07:32,245 | WARNING |  Transacción id 9516: Monto <= 0
2026-08-05 20:07:32,245 | WARNING |  Transacción id 9518: Inversor inválido
2026-08-05 20:07:32,245 | WARNING |  Transacción id 9519: Inversor inválido
2026-08-05 20:07:32,245 | WARNING |  Transacción id 9521: Monto <= 0
2026-08-05 20:07:32,245 | WARNING |  Transacción id 9522: Monto <= 0
2026-08-05 20:07:32,245 | WARNING |  Transacción id 9523: Inversor inválido
2026-08-05 20:07:32,245 | WARNING |  Transacción id 9526: Inversor inválido
2026-08-05 20:07:32,245 | WARNING |  Transacción id 9528: Monto <= 0
2026-08-05 20:07:32,245 | WARNING |  Transacción id 9529: Monto <= 0
2026-08-05 20:07:32,246 | WARNING |  Transacción id 9531: Monto <= 0
2026-08-05 20:07:32,246 | WARNING |  Transacción id 9532: Inversor inválido
2026-08-05 20:07:32,246 | WARNING |  Transacción id 9537: Monto <= 0
2026-08-05 20:07:32,246 | WARNING |  Transacción id 9538: Monto <= 0
2026-08-05 20:07:32,246 | WARNING |  Transacción id 9549: Inversor inválido
2026-08-05 20:07:32,246 | WARNING |  Transacción id 9550: Inversor inválido
2026-08-05 20:07:32,246 | WARNING |  Transacción id 9553: Monto <= 0
2026-08-05 20:07:32,246 | WARNING |  Transacción id 9556: Monto <= 0
2026-08-05 20:07:32,246 | WARNING |  Transacción id 9563: Inversor inválido
2026-08-05 20:07:32,246 | WARNING |  Transacción id 9566: Inversor inválido
2026-08-05 20:07:32,247 | WARNING |  Transacción id 9572: Monto <= 0
2026-08-05 20:07:32,247 | WARNING |  Transacción id 9575: Monto <= 0
2026-08-05 20:07:32,247 | WARNING |  Transacción id 9577: Monto <= 0
2026-08-05 20:07:32,247 | WARNING |  Transacción id 9578: Inversor inválido
2026-08-05 20:07:32,247 | WARNING |  Transacción id 9579: Monto <= 0
2026-08-05 20:07:32,247 | WARNING |  Transacción id 9582: Monto <= 0
2026-08-05 20:07:32,247 | WARNING |  Transacción id 9590: Monto <= 0
2026-08-05 20:07:32,247 | WARNING |  Transacción id 9599: Monto <= 0
2026-08-05 20:07:32,247 | WARNING |  Transacción id 9600: Inversor inválido
2026-08-05 20:07:32,248 | WARNING |  Transacción id 9603: Monto <= 0
2026-08-05 20:07:32,248 | WARNING |  Transacción id 9604: Monto <= 0
2026-08-05 20:07:32,248 | WARNING |  Transacción id 9611: Inversor inválido
2026-08-05 20:07:32,248 | WARNING |  Transacción id 9613: Inversor inválido
2026-08-05 20:07:32,248 | WARNING |  Transacción id 9614: Monto <= 0
2026-08-05 20:07:32,248 | WARNING |  Transacción id 9615: Monto <= 0
2026-08-05 20:07:32,248 | WARNING |  Transacción id 9616: Inversor inválido
2026-08-05 20:07:32,248 | WARNING |  Transacción id 9619: Monto <= 0
2026-08-05 20:07:32,248 | WARNING |  Transacción id 9627: Inversor inválido
2026-08-05 20:07:32,248 | WARNING |  Transacción id 9628: Monto <= 0
2026-08-05 20:07:32,248 | WARNING |  Transacción id 9631: Monto <= 0
2026-08-05 20:07:32,249 | WARNING |  Transacción id 9643: Inversor inválido
2026-08-05 20:07:32,249 | WARNING |  Transacción id 9644: Inversor inválido
2026-08-05 20:07:32,249 | WARNING |  Transacción id 9646: Monto <= 0
2026-08-05 20:07:32,249 | WARNING |  Transacción id 9648: Monto <= 0
2026-08-05 20:07:32,249 | WARNING |  Transacción id 9651: Monto <= 0
2026-08-05 20:07:32,249 | WARNING |  Transacción id 9652: Monto <= 0
2026-08-05 20:07:32,249 | WARNING |  Transacción id 9653: Inversor inválido
2026-08-05 20:07:32,249 | WARNING |  Transacción id 9657: Inversor inválido
2026-08-05 20:07:32,249 | WARNING |  Transacción id 9658: Monto <= 0
2026-08-05 20:07:32,249 | WARNING |  Transacción id 9660: Monto <= 0
2026-08-05 20:07:32,250 | WARNING |  Transacción id 9663: Monto <= 0
2026-08-05 20:07:32,250 | WARNING |  Transacción id 9664: Monto <= 0
2026-08-05 20:07:32,250 | WARNING |  Transacción id 9670: Monto <= 0
2026-08-05 20:07:32,250 | WARNING |  Transacción id 9684: Inversor inválido
2026-08-05 20:07:32,250 | WARNING |  Transacción id 9686: Monto <= 0
2026-08-05 20:07:32,250 | WARNING |  Transacción id 9692: Inversor inválido
2026-08-05 20:07:32,250 | WARNING |  Transacción id 9710: Monto <= 0
2026-08-05 20:07:32,250 | WARNING |  Transacción id 9711: Monto <= 0
2026-08-05 20:07:32,250 | WARNING |  Transacción id 9716: Monto <= 0
2026-08-05 20:07:32,250 | WARNING |  Transacción id 9718: Monto <= 0
2026-08-05 20:07:32,251 | WARNING |  Transacción id 9720: Inversor inválido
2026-08-05 20:07:32,251 | WARNING |  Transacción id 9722: Monto <= 0
2026-08-05 20:07:32,251 | WARNING |  Transacción id 9724: Monto <= 0
2026-08-05 20:07:32,251 | WARNING |  Transacción id 9730: Inversor inválido
2026-08-05 20:07:32,251 | WARNING |  Transacción id 9732: Inversor inválido
2026-08-05 20:07:32,251 | WARNING |  Transacción id 9736: Monto <= 0
2026-08-05 20:07:32,251 | WARNING |  Transacción id 9737: Monto <= 0
2026-08-05 20:07:32,251 | WARNING |  Transacción id 9741: Inversor inválido
2026-08-05 20:07:32,252 | WARNING |  Transacción id 9743: Monto <= 0
2026-08-05 20:07:32,252 | WARNING |  Transacción id 9746: Monto <= 0
2026-08-05 20:07:32,252 | WARNING |  Transacción id 9756: Monto <= 0
2026-08-05 20:07:32,252 | WARNING |  Transacción id 9758: Monto <= 0
2026-08-05 20:07:32,252 | WARNING |  Transacción id 9764: Monto <= 0
2026-08-05 20:07:32,252 | WARNING |  Transacción id 9765: Monto <= 0
2026-08-05 20:07:32,252 | WARNING |  Transacción id 9773: Inversor inválido
2026-08-05 20:07:32,252 | WARNING |  Transacción id 9774: Monto <= 0
2026-08-05 20:07:32,252 | WARNING |  Transacción id 9776: Inversor inválido
2026-08-05 20:07:32,252 | WARNING |  Transacción id 9783: Monto <= 0
2026-08-05 20:07:32,253 | WARNING |  Transacción id 9784: Monto <= 0
2026-08-05 20:07:32,253 | WARNING |  Transacción id 9786: Inversor inválido
2026-08-05 20:07:32,253 | WARNING |  Transacción id 9790: Monto <= 0
2026-08-05 20:07:32,253 | WARNING |  Transacción id 9794: Inversor inválido
2026-08-05 20:07:32,253 | WARNING |  Transacción id 9795: Monto <= 0
2026-08-05 20:07:32,253 | WARNING |  Transacción id 9796: Monto <= 0
2026-08-05 20:07:32,253 | WARNING |  Transacción id 9797: Inversor inválido
2026-08-05 20:07:32,253 | WARNING |  Transacción id 9798: Monto <= 0
2026-08-05 20:07:32,253 | WARNING |  Transacción id 9805: Monto <= 0
2026-08-05 20:07:32,253 | WARNING |  Transacción id 9810: Inversor inválido
2026-08-05 20:07:32,254 | WARNING |  Transacción id 9811: Inversor inválido
2026-08-05 20:07:32,254 | WARNING |  Transacción id 9815: Inversor inválido
2026-08-05 20:07:32,254 | WARNING |  Transacción id 9816: Inversor inválido
2026-08-05 20:07:32,254 | WARNING |  Transacción id 9823: Inversor inválido
2026-08-05 20:07:32,254 | WARNING |  Transacción id 9826: Monto <= 0
2026-08-05 20:07:32,254 | WARNING |  Transacción id 9835: Monto <= 0
2026-08-05 20:07:32,254 | WARNING |  Transacción id 9840: Inversor inválido
2026-08-05 20:07:32,254 | WARNING |  Transacción id 9841: Inversor inválido
2026-08-05 20:07:32,254 | WARNING |  Transacción id 9844: Monto <= 0
2026-08-05 20:07:32,254 | WARNING |  Transacción id 9851: Monto <= 0
2026-08-05 20:07:32,255 | WARNING |  Transacción id 9852: Monto <= 0
2026-08-05 20:07:32,255 | WARNING |  Transacción id 9853: Inversor inválido
2026-08-05 20:07:32,255 | WARNING |  Transacción id 9855: Inversor inválido
2026-08-05 20:07:32,255 | WARNING |  Transacción id 9860: Monto <= 0
2026-08-05 20:07:32,255 | WARNING |  Transacción id 9861: Monto <= 0
2026-08-05 20:07:32,255 | WARNING |  Transacción id 9882: Monto <= 0
2026-08-05 20:07:32,255 | WARNING |  Transacción id 9884: Inversor inválido
2026-08-05 20:07:32,255 | WARNING |  Transacción id 9890: Monto <= 0
2026-08-05 20:07:32,255 | WARNING |  Transacción id 9892: Monto <= 0
2026-08-05 20:07:32,255 | WARNING |  Transacción id 9895: Monto <= 0
2026-08-05 20:07:32,255 | WARNING |  Transacción id 9898: Inversor inválido
2026-08-05 20:07:32,256 | WARNING |  Transacción id 9902: Monto <= 0
2026-08-05 20:07:32,256 | WARNING |  Transacción id 9906: Monto <= 0
2026-08-05 20:07:32,256 | WARNING |  Transacción id 9913: Inversor inválido
2026-08-05 20:07:32,256 | WARNING |  Transacción id 9919: Monto <= 0
2026-08-05 20:07:32,256 | WARNING |  Transacción id 9920: Monto <= 0
2026-08-05 20:07:32,256 | WARNING |  Transacción id 9925: Monto <= 0
2026-08-05 20:07:32,256 | WARNING |  Transacción id 9926: Monto <= 0
2026-08-05 20:07:32,256 | WARNING |  Transacción id 9931: Inversor inválido
2026-08-05 20:07:32,257 | WARNING |  Transacción id 9933: Monto <= 0
2026-08-05 20:07:32,257 | WARNING |  Transacción id 9937: Inversor inválido
2026-08-05 20:07:32,257 | WARNING |  Transacción id 9938: Inversor inválido
2026-08-05 20:07:32,257 | WARNING |  Transacción id 9947: Inversor inválido
2026-08-05 20:07:32,257 | WARNING |  Transacción id 9948: Monto <= 0
2026-08-05 20:07:32,257 | WARNING |  Transacción id 9950: Monto <= 0
2026-08-05 20:07:32,257 | WARNING |  Transacción id 9955: Inversor inválido
2026-08-05 20:07:32,257 | WARNING |  Transacción id 9957: Monto <= 0
2026-08-05 20:07:32,257 | WARNING |  Transacción id 9959: Inversor inválido
2026-08-05 20:07:32,258 | WARNING |  Transacción id 9960: Monto <= 0
2026-08-05 20:07:32,258 | WARNING |  Transacción id 9963: Inversor inválido
2026-08-05 20:07:32,258 | WARNING |  Transacción id 9965: Inversor inválido
2026-08-05 20:07:32,258 | WARNING |  Transacción id 9968: Monto <= 0
2026-08-05 20:07:32,258 | WARNING |  Transacción id 9975: Monto <= 0
2026-08-05 20:07:32,258 | WARNING |  Transacción id 9977: Monto <= 0
2026-08-05 20:07:32,258 | WARNING |  Transacción id 9979: Monto <= 0
2026-08-05 20:07:32,258 | WARNING |  Transacción id 9982: Monto <= 0
2026-08-05 20:07:32,258 | WARNING |  Transacción id 9983: Monto <= 0
2026-08-05 20:07:32,258 | WARNING |  Transacción id 9986: Inversor inválido
2026-08-05 20:07:32,258 | WARNING |  Transacción id 9987: Monto <= 0
2026-08-05 20:07:32,259 | WARNING |  Transacción id 9988: Monto <= 0
2026-08-05 20:07:32,259 | WARNING |  Transacción id 9990: Monto <= 0
2026-08-05 20:07:32,259 | WARNING |  Transacción id 9991: Inversor inválido
2026-08-05 20:07:32,259 | WARNING |  Transacción id 9996: Monto <= 0
2026-08-05 20:07:32,259 | WARNING |  Transacción id 10003: Inversor inválido
2026-08-05 20:07:32,259 | WARNING |  Transacción id 10005: Inversor inválido
2026-08-05 20:07:32,259 | WARNING |  Transacción id 10032: Inversor inválido
2026-08-05 20:07:32,259 | INFO | ----- FIN DEL REPORTE -----
2026-08-05 20:07:32,259 | INFO | Proceso ETL finalizado con éxito.
2026-08-05 20:07:32,265 | INFO | Registro de ejecución insertado en la tabla de control: estado=ÉXITO
2026-08-05 21:00:06,881 | INFO | Iniciando proceso ETL...
2026-08-05 21:00:06,881 | INFO | Paso 1/4: extrayendo datos del origen...
2026-08-05 21:00:06,923 | INFO | Paso 2/4: transformando datos...
2026-08-05 21:00:06,926 | INFO | Paso 3/4: cargando datos en la base de destino...
2026-08-05 21:00:07,000 | INFO | Nuevas transacciones cargadas : 0
2026-08-05 21:00:07,000 | INFO | Paso 4/4: generando reporte del proceso...
2026-08-05 21:00:07,000 | INFO | ----- REPORTE DE CARGA -----
2026-08-05 21:00:07,000 | INFO | Fondos cargados: 5
2026-08-05 21:00:07,000 | INFO | Inversores cargados correctamente: 87
2026-08-05 21:00:07,000 | INFO | Transacciones cargadas correctamente: 6956
2026-08-05 21:00:07,000 | WARNING | Inversores descartados: 13
2026-08-05 21:00:07,000 | WARNING |  Inversion id 106: Email vacío o nulo
2026-08-05 21:00:07,000 | WARNING |  Inversion id 107: Email vacío o nulo
2026-08-05 21:00:07,001 | WARNING |  Inversion id 112: Email vacío o nulo
2026-08-05 21:00:07,001 | WARNING |  Inversion id 118: Email vacío o nulo
2026-08-05 21:00:07,001 | WARNING |  Inversion id 129: Email vacío o nulo
2026-08-05 21:00:07,001 | WARNING |  Inversion id 134: Email vacío o nulo
2026-08-05 21:00:07,001 | WARNING |  Inversion id 135: Email vacío o nulo
2026-08-05 21:00:07,001 | WARNING |  Inversion id 145: Email vacío o nulo
2026-08-05 21:00:07,001 | WARNING |  Inversion id 149: Email vacío o nulo
2026-08-05 21:00:07,001 | WARNING |  Inversion id 171: Email vacío o nulo
2026-08-05 21:00:07,001 | WARNING |  Inversion id 183: Email vacío o nulo
2026-08-05 21:00:07,002 | WARNING |  Inversion id 187: Email vacío o nulo
2026-08-05 21:00:07,002 | WARNING |  Inversion id 198: Email vacío o nulo
2026-08-05 21:00:07,002 | WARNING | Transacciones descartadas: 3094
2026-08-05 21:00:07,002 | WARNING |  Transacción id 4: Monto <= 0
2026-08-05 21:00:07,002 | WARNING |  Transacción id 6: Monto <= 0
2026-08-05 21:00:07,002 | WARNING |  Transacción id 7: Monto <= 0
2026-08-05 21:00:07,002 | WARNING |  Transacción id 9: Inversor inválido
2026-08-05 21:00:07,002 | WARNING |  Transacción id 11: Monto <= 0
2026-08-05 21:00:07,003 | WARNING |  Transacción id 12: Inversor inválido
2026-08-05 21:00:07,003 | WARNING |  Transacción id 15: Inversor inválido
2026-08-05 21:00:07,003 | WARNING |  Transacción id 16: Monto <= 0
2026-08-05 21:00:07,003 | WARNING |  Transacción id 20: Monto <= 0
2026-08-05 21:00:07,003 | WARNING |  Transacción id 26: Monto <= 0
2026-08-05 21:00:07,003 | WARNING |  Transacción id 29: Monto <= 0
2026-08-05 21:00:07,003 | WARNING |  Transacción id 30: Monto <= 0
2026-08-05 21:00:07,003 | WARNING |  Transacción id 32: Monto <= 0
2026-08-05 21:00:07,003 | WARNING |  Transacción id 34: Monto <= 0
2026-08-05 21:00:07,003 | WARNING |  Transacción id 39: Monto <= 0
2026-08-05 21:00:07,003 | WARNING |  Transacción id 42: Inversor inválido
2026-08-05 21:00:07,004 | WARNING |  Transacción id 43: Monto <= 0
2026-08-05 21:00:07,004 | WARNING |  Transacción id 44: Inversor inválido
2026-08-05 21:00:07,004 | WARNING |  Transacción id 49: Monto <= 0
2026-08-05 21:00:07,004 | WARNING |  Transacción id 50: Monto <= 0
2026-08-05 21:00:07,004 | WARNING |  Transacción id 51: Monto <= 0
2026-08-05 21:00:07,004 | WARNING |  Transacción id 56: Monto <= 0
2026-08-05 21:00:07,004 | WARNING |  Transacción id 60: Inversor inválido
2026-08-05 21:00:07,004 | WARNING |  Transacción id 64: Monto <= 0
2026-08-05 21:00:07,004 | WARNING |  Transacción id 65: Inversor inválido
2026-08-05 21:00:07,005 | WARNING |  Transacción id 66: Monto <= 0
2026-08-05 21:00:07,005 | WARNING |  Transacción id 67: Monto <= 0
2026-08-05 21:00:07,005 | WARNING |  Transacción id 68: Monto <= 0
2026-08-05 21:00:07,005 | WARNING |  Transacción id 77: Monto <= 0
2026-08-05 21:00:07,005 | WARNING |  Transacción id 79: Monto <= 0
2026-08-05 21:00:07,005 | WARNING |  Transacción id 81: Inversor inválido
2026-08-05 21:00:07,005 | WARNING |  Transacción id 82: Monto <= 0
2026-08-05 21:00:07,005 | WARNING |  Transacción id 84: Monto <= 0
2026-08-05 21:00:07,006 | WARNING |  Transacción id 85: Inversor inválido
2026-08-05 21:00:07,006 | WARNING |  Transacción id 87: Monto <= 0
2026-08-05 21:00:07,006 | WARNING |  Transacción id 89: Monto <= 0
2026-08-05 21:00:07,006 | WARNING |  Transacción id 95: Monto <= 0
2026-08-05 21:00:07,006 | WARNING |  Transacción id 103: Inversor inválido
2026-08-05 21:00:07,006 | WARNING |  Transacción id 106: Monto <= 0
2026-08-05 21:00:07,006 | WARNING |  Transacción id 107: Inversor inválido
2026-08-05 21:00:07,006 | WARNING |  Transacción id 109: Monto <= 0
2026-08-05 21:00:07,006 | WARNING |  Transacción id 113: Monto <= 0
2026-08-05 21:00:07,006 | WARNING |  Transacción id 116: Monto <= 0
2026-08-05 21:00:07,006 | WARNING |  Transacción id 121: Monto <= 0
2026-08-05 21:00:07,007 | WARNING |  Transacción id 122: Inversor inválido
2026-08-05 21:00:07,007 | WARNING |  Transacción id 123: Monto <= 0
2026-08-05 21:00:07,007 | WARNING |  Transacción id 131: Monto <= 0
2026-08-05 21:00:07,007 | WARNING |  Transacción id 134: Monto <= 0
2026-08-05 21:00:07,007 | WARNING |  Transacción id 137: Monto <= 0
2026-08-05 21:00:07,007 | WARNING |  Transacción id 139: Monto <= 0
2026-08-05 21:00:07,007 | WARNING |  Transacción id 142: Monto <= 0
2026-08-05 21:00:07,007 | WARNING |  Transacción id 143: Monto <= 0
2026-08-05 21:00:07,007 | WARNING |  Transacción id 144: Monto <= 0
2026-08-05 21:00:07,007 | WARNING |  Transacción id 153: Inversor inválido
2026-08-05 21:00:07,007 | WARNING |  Transacción id 159: Monto <= 0
2026-08-05 21:00:07,007 | WARNING |  Transacción id 164: Monto <= 0
2026-08-05 21:00:07,008 | WARNING |  Transacción id 166: Inversor inválido
2026-08-05 21:00:07,008 | WARNING |  Transacción id 170: Monto <= 0
2026-08-05 21:00:07,008 | WARNING |  Transacción id 175: Inversor inválido
2026-08-05 21:00:07,008 | WARNING |  Transacción id 177: Monto <= 0
2026-08-05 21:00:07,008 | WARNING |  Transacción id 185: Monto <= 0
2026-08-05 21:00:07,008 | WARNING |  Transacción id 186: Monto <= 0
2026-08-05 21:00:07,008 | WARNING |  Transacción id 190: Inversor inválido
2026-08-05 21:00:07,008 | WARNING |  Transacción id 194: Monto <= 0
2026-08-05 21:00:07,008 | WARNING |  Transacción id 199: Inversor inválido
2026-08-05 21:00:07,008 | WARNING |  Transacción id 200: Inversor inválido
2026-08-05 21:00:07,008 | WARNING |  Transacción id 201: Monto <= 0
2026-08-05 21:00:07,009 | WARNING |  Transacción id 203: Inversor inválido
2026-08-05 21:00:07,009 | WARNING |  Transacción id 211: Monto <= 0
2026-08-05 21:00:07,009 | WARNING |  Transacción id 215: Monto <= 0
2026-08-05 21:00:07,009 | WARNING |  Transacción id 216: Monto <= 0
2026-08-05 21:00:07,009 | WARNING |  Transacción id 217: Monto <= 0
2026-08-05 21:00:07,009 | WARNING |  Transacción id 218: Monto <= 0
2026-08-05 21:00:07,009 | WARNING |  Transacción id 222: Monto <= 0
2026-08-05 21:00:07,009 | WARNING |  Transacción id 226: Inversor inválido
2026-08-05 21:00:07,009 | WARNING |  Transacción id 228: Inversor inválido
2026-08-05 21:00:07,010 | WARNING |  Transacción id 233: Monto <= 0
2026-08-05 21:00:07,010 | WARNING |  Transacción id 235: Monto <= 0
2026-08-05 21:00:07,010 | WARNING |  Transacción id 237: Monto <= 0
2026-08-05 21:00:07,010 | WARNING |  Transacción id 238: Monto <= 0
2026-08-05 21:00:07,010 | WARNING |  Transacción id 239: Inversor inválido
2026-08-05 21:00:07,010 | WARNING |  Transacción id 240: Monto <= 0
2026-08-05 21:00:07,010 | WARNING |  Transacción id 243: Monto <= 0
2026-08-05 21:00:07,010 | WARNING |  Transacción id 244: Monto <= 0
2026-08-05 21:00:07,010 | WARNING |  Transacción id 248: Monto <= 0
2026-08-05 21:00:07,011 | WARNING |  Transacción id 257: Monto <= 0
2026-08-05 21:00:07,011 | WARNING |  Transacción id 258: Monto <= 0
2026-08-05 21:00:07,011 | WARNING |  Transacción id 259: Monto <= 0
2026-08-05 21:00:07,011 | WARNING |  Transacción id 263: Inversor inválido
2026-08-05 21:00:07,011 | WARNING |  Transacción id 266: Monto <= 0
2026-08-05 21:00:07,011 | WARNING |  Transacción id 267: Monto <= 0
2026-08-05 21:00:07,011 | WARNING |  Transacción id 271: Monto <= 0
2026-08-05 21:00:07,011 | WARNING |  Transacción id 277: Monto <= 0
2026-08-05 21:00:07,011 | WARNING |  Transacción id 281: Monto <= 0
2026-08-05 21:00:07,012 | WARNING |  Transacción id 283: Monto <= 0
2026-08-05 21:00:07,012 | WARNING |  Transacción id 285: Inversor inválido
2026-08-05 21:00:07,012 | WARNING |  Transacción id 294: Monto <= 0
2026-08-05 21:00:07,012 | WARNING |  Transacción id 295: Monto <= 0
2026-08-05 21:00:07,012 | WARNING |  Transacción id 298: Monto <= 0
2026-08-05 21:00:07,012 | WARNING |  Transacción id 304: Monto <= 0
2026-08-05 21:00:07,012 | WARNING |  Transacción id 305: Inversor inválido
2026-08-05 21:00:07,012 | WARNING |  Transacción id 306: Monto <= 0
2026-08-05 21:00:07,013 | WARNING |  Transacción id 308: Monto <= 0
2026-08-05 21:00:07,013 | WARNING |  Transacción id 310: Inversor inválido
2026-08-05 21:00:07,013 | WARNING |  Transacción id 314: Monto <= 0
2026-08-05 21:00:07,013 | WARNING |  Transacción id 317: Inversor inválido
2026-08-05 21:00:07,013 | WARNING |  Transacción id 318: Inversor inválido
2026-08-05 21:00:07,013 | WARNING |  Transacción id 319: Monto <= 0
2026-08-05 21:00:07,013 | WARNING |  Transacción id 324: Monto <= 0
2026-08-05 21:00:07,013 | WARNING |  Transacción id 325: Monto <= 0
2026-08-05 21:00:07,013 | WARNING |  Transacción id 326: Monto <= 0
2026-08-05 21:00:07,013 | WARNING |  Transacción id 327: Monto <= 0
2026-08-05 21:00:07,014 | WARNING |  Transacción id 328: Monto <= 0
2026-08-05 21:00:07,014 | WARNING |  Transacción id 331: Inversor inválido
2026-08-05 21:00:07,014 | WARNING |  Transacción id 339: Monto <= 0
2026-08-05 21:00:07,014 | WARNING |  Transacción id 341: Monto <= 0
2026-08-05 21:00:07,014 | WARNING |  Transacción id 342: Monto <= 0
2026-08-05 21:00:07,014 | WARNING |  Transacción id 345: Monto <= 0
2026-08-05 21:00:07,014 | WARNING |  Transacción id 351: Monto <= 0
2026-08-05 21:00:07,014 | WARNING |  Transacción id 355: Inversor inválido
2026-08-05 21:00:07,014 | WARNING |  Transacción id 356: Monto <= 0
2026-08-05 21:00:07,014 | WARNING |  Transacción id 362: Inversor inválido
2026-08-05 21:00:07,015 | WARNING |  Transacción id 365: Monto <= 0
2026-08-05 21:00:07,015 | WARNING |  Transacción id 376: Monto <= 0
2026-08-05 21:00:07,015 | WARNING |  Transacción id 379: Monto <= 0
2026-08-05 21:00:07,015 | WARNING |  Transacción id 380: Monto <= 0
2026-08-05 21:00:07,015 | WARNING |  Transacción id 381: Inversor inválido
2026-08-05 21:00:07,015 | WARNING |  Transacción id 384: Inversor inválido
2026-08-05 21:00:07,015 | WARNING |  Transacción id 388: Inversor inválido
2026-08-05 21:00:07,015 | WARNING |  Transacción id 392: Monto <= 0
2026-08-05 21:00:07,015 | WARNING |  Transacción id 398: Inversor inválido
2026-08-05 21:00:07,015 | WARNING |  Transacción id 403: Inversor inválido
2026-08-05 21:00:07,015 | WARNING |  Transacción id 407: Inversor inválido
2026-08-05 21:00:07,016 | WARNING |  Transacción id 409: Inversor inválido
2026-08-05 21:00:07,016 | WARNING |  Transacción id 411: Inversor inválido
2026-08-05 21:00:07,016 | WARNING |  Transacción id 412: Monto <= 0
2026-08-05 21:00:07,016 | WARNING |  Transacción id 415: Monto <= 0
2026-08-05 21:00:07,016 | WARNING |  Transacción id 424: Monto <= 0
2026-08-05 21:00:07,016 | WARNING |  Transacción id 425: Monto <= 0
2026-08-05 21:00:07,016 | WARNING |  Transacción id 429: Monto <= 0
2026-08-05 21:00:07,016 | WARNING |  Transacción id 432: Monto <= 0
2026-08-05 21:00:07,016 | WARNING |  Transacción id 437: Monto <= 0
2026-08-05 21:00:07,016 | WARNING |  Transacción id 448: Monto <= 0
2026-08-05 21:00:07,016 | WARNING |  Transacción id 450: Monto <= 0
2026-08-05 21:00:07,017 | WARNING |  Transacción id 452: Monto <= 0
2026-08-05 21:00:07,017 | WARNING |  Transacción id 453: Inversor inválido
2026-08-05 21:00:07,017 | WARNING |  Transacción id 454: Inversor inválido
2026-08-05 21:00:07,017 | WARNING |  Transacción id 455: Monto <= 0
2026-08-05 21:00:07,017 | WARNING |  Transacción id 457: Monto <= 0
2026-08-05 21:00:07,017 | WARNING |  Transacción id 459: Monto <= 0
2026-08-05 21:00:07,017 | WARNING |  Transacción id 471: Monto <= 0
2026-08-05 21:00:07,017 | WARNING |  Transacción id 477: Monto <= 0
2026-08-05 21:00:07,017 | WARNING |  Transacción id 483: Monto <= 0
2026-08-05 21:00:07,017 | WARNING |  Transacción id 484: Inversor inválido
2026-08-05 21:00:07,017 | WARNING |  Transacción id 490: Monto <= 0
2026-08-05 21:00:07,017 | WARNING |  Transacción id 505: Monto <= 0
2026-08-05 21:00:07,018 | WARNING |  Transacción id 506: Monto <= 0
2026-08-05 21:00:07,018 | WARNING |  Transacción id 508: Monto <= 0
2026-08-05 21:00:07,018 | WARNING |  Transacción id 509: Inversor inválido
2026-08-05 21:00:07,018 | WARNING |  Transacción id 511: Monto <= 0
2026-08-05 21:00:07,018 | WARNING |  Transacción id 514: Inversor inválido
2026-08-05 21:00:07,018 | WARNING |  Transacción id 515: Monto <= 0
2026-08-05 21:00:07,018 | WARNING |  Transacción id 518: Monto <= 0
2026-08-05 21:00:07,018 | WARNING |  Transacción id 520: Inversor inválido
2026-08-05 21:00:07,018 | WARNING |  Transacción id 525: Monto <= 0
2026-08-05 21:00:07,018 | WARNING |  Transacción id 532: Inversor inválido
2026-08-05 21:00:07,018 | WARNING |  Transacción id 533: Monto <= 0
2026-08-05 21:00:07,019 | WARNING |  Transacción id 536: Monto <= 0
2026-08-05 21:00:07,019 | WARNING |  Transacción id 540: Inversor inválido
2026-08-05 21:00:07,019 | WARNING |  Transacción id 543: Inversor inválido
2026-08-05 21:00:07,019 | WARNING |  Transacción id 544: Inversor inválido
2026-08-05 21:00:07,019 | WARNING |  Transacción id 545: Monto <= 0
2026-08-05 21:00:07,019 | WARNING |  Transacción id 547: Monto <= 0
2026-08-05 21:00:07,019 | WARNING |  Transacción id 552: Monto <= 0
2026-08-05 21:00:07,019 | WARNING |  Transacción id 554: Monto <= 0
2026-08-05 21:00:07,019 | WARNING |  Transacción id 555: Monto <= 0
2026-08-05 21:00:07,020 | WARNING |  Transacción id 557: Monto <= 0
2026-08-05 21:00:07,020 | WARNING |  Transacción id 558: Monto <= 0
2026-08-05 21:00:07,020 | WARNING |  Transacción id 566: Inversor inválido
2026-08-05 21:00:07,020 | WARNING |  Transacción id 574: Monto <= 0
2026-08-05 21:00:07,020 | WARNING |  Transacción id 575: Inversor inválido
2026-08-05 21:00:07,020 | WARNING |  Transacción id 576: Monto <= 0
2026-08-05 21:00:07,020 | WARNING |  Transacción id 578: Monto <= 0
2026-08-05 21:00:07,020 | WARNING |  Transacción id 581: Monto <= 0
2026-08-05 21:00:07,020 | WARNING |  Transacción id 583: Inversor inválido
2026-08-05 21:00:07,021 | WARNING |  Transacción id 584: Inversor inválido
2026-08-05 21:00:07,021 | WARNING |  Transacción id 587: Inversor inválido
2026-08-05 21:00:07,021 | WARNING |  Transacción id 588: Inversor inválido
2026-08-05 21:00:07,021 | WARNING |  Transacción id 591: Inversor inválido
2026-08-05 21:00:07,021 | WARNING |  Transacción id 596: Monto <= 0
2026-08-05 21:00:07,021 | WARNING |  Transacción id 603: Monto <= 0
2026-08-05 21:00:07,021 | WARNING |  Transacción id 605: Inversor inválido
2026-08-05 21:00:07,021 | WARNING |  Transacción id 606: Inversor inválido
2026-08-05 21:00:07,021 | WARNING |  Transacción id 610: Monto <= 0
2026-08-05 21:00:07,021 | WARNING |  Transacción id 611: Monto <= 0
2026-08-05 21:00:07,021 | WARNING |  Transacción id 612: Inversor inválido
2026-08-05 21:00:07,022 | WARNING |  Transacción id 613: Monto <= 0
2026-08-05 21:00:07,022 | WARNING |  Transacción id 614: Monto <= 0
2026-08-05 21:00:07,022 | WARNING |  Transacción id 615: Monto <= 0
2026-08-05 21:00:07,022 | WARNING |  Transacción id 616: Monto <= 0
2026-08-05 21:00:07,022 | WARNING |  Transacción id 621: Inversor inválido
2026-08-05 21:00:07,022 | WARNING |  Transacción id 623: Monto <= 0
2026-08-05 21:00:07,022 | WARNING |  Transacción id 626: Monto <= 0
2026-08-05 21:00:07,022 | WARNING |  Transacción id 634: Monto <= 0
2026-08-05 21:00:07,022 | WARNING |  Transacción id 635: Inversor inválido
2026-08-05 21:00:07,022 | WARNING |  Transacción id 636: Inversor inválido
2026-08-05 21:00:07,022 | WARNING |  Transacción id 640: Monto <= 0
2026-08-05 21:00:07,023 | WARNING |  Transacción id 642: Monto <= 0
2026-08-05 21:00:07,023 | WARNING |  Transacción id 644: Inversor inválido
2026-08-05 21:00:07,023 | WARNING |  Transacción id 646: Monto <= 0
2026-08-05 21:00:07,023 | WARNING |  Transacción id 650: Monto <= 0
2026-08-05 21:00:07,023 | WARNING |  Transacción id 652: Inversor inválido
2026-08-05 21:00:07,023 | WARNING |  Transacción id 655: Monto <= 0
2026-08-05 21:00:07,023 | WARNING |  Transacción id 664: Monto <= 0
2026-08-05 21:00:07,023 | WARNING |  Transacción id 668: Inversor inválido
2026-08-05 21:00:07,023 | WARNING |  Transacción id 669: Monto <= 0
2026-08-05 21:00:07,023 | WARNING |  Transacción id 673: Inversor inválido
2026-08-05 21:00:07,023 | WARNING |  Transacción id 681: Monto <= 0
2026-08-05 21:00:07,023 | WARNING |  Transacción id 682: Monto <= 0
2026-08-05 21:00:07,024 | WARNING |  Transacción id 689: Monto <= 0
2026-08-05 21:00:07,024 | WARNING |  Transacción id 690: Monto <= 0
2026-08-05 21:00:07,024 | WARNING |  Transacción id 692: Inversor inválido
2026-08-05 21:00:07,024 | WARNING |  Transacción id 693: Monto <= 0
2026-08-05 21:00:07,024 | WARNING |  Transacción id 694: Inversor inválido
2026-08-05 21:00:07,024 | WARNING |  Transacción id 701: Monto <= 0
2026-08-05 21:00:07,024 | WARNING |  Transacción id 708: Monto <= 0
2026-08-05 21:00:07,024 | WARNING |  Transacción id 710: Monto <= 0
2026-08-05 21:00:07,024 | WARNING |  Transacción id 711: Monto <= 0
2026-08-05 21:00:07,024 | WARNING |  Transacción id 712: Monto <= 0
2026-08-05 21:00:07,025 | WARNING |  Transacción id 713: Inversor inválido
2026-08-05 21:00:07,025 | WARNING |  Transacción id 722: Monto <= 0
2026-08-05 21:00:07,025 | WARNING |  Transacción id 729: Inversor inválido
2026-08-05 21:00:07,025 | WARNING |  Transacción id 731: Monto <= 0
2026-08-05 21:00:07,025 | WARNING |  Transacción id 732: Monto <= 0
2026-08-05 21:00:07,025 | WARNING |  Transacción id 736: Inversor inválido
2026-08-05 21:00:07,025 | WARNING |  Transacción id 737: Monto <= 0
2026-08-05 21:00:07,025 | WARNING |  Transacción id 740: Inversor inválido
2026-08-05 21:00:07,025 | WARNING |  Transacción id 742: Inversor inválido
2026-08-05 21:00:07,025 | WARNING |  Transacción id 743: Monto <= 0
2026-08-05 21:00:07,026 | WARNING |  Transacción id 746: Monto <= 0
2026-08-05 21:00:07,026 | WARNING |  Transacción id 749: Inversor inválido
2026-08-05 21:00:07,026 | WARNING |  Transacción id 750: Inversor inválido
2026-08-05 21:00:07,026 | WARNING |  Transacción id 751: Monto <= 0
2026-08-05 21:00:07,026 | WARNING |  Transacción id 759: Monto <= 0
2026-08-05 21:00:07,026 | WARNING |  Transacción id 760: Inversor inválido
2026-08-05 21:00:07,026 | WARNING |  Transacción id 766: Monto <= 0
2026-08-05 21:00:07,026 | WARNING |  Transacción id 772: Monto <= 0
2026-08-05 21:00:07,026 | WARNING |  Transacción id 774: Inversor inválido
2026-08-05 21:00:07,026 | WARNING |  Transacción id 779: Inversor inválido
2026-08-05 21:00:07,027 | WARNING |  Transacción id 791: Monto <= 0
2026-08-05 21:00:07,027 | WARNING |  Transacción id 792: Inversor inválido
2026-08-05 21:00:07,027 | WARNING |  Transacción id 793: Inversor inválido
2026-08-05 21:00:07,027 | WARNING |  Transacción id 801: Inversor inválido
2026-08-05 21:00:07,027 | WARNING |  Transacción id 804: Inversor inválido
2026-08-05 21:00:07,027 | WARNING |  Transacción id 805: Monto <= 0
2026-08-05 21:00:07,027 | WARNING |  Transacción id 807: Monto <= 0
2026-08-05 21:00:07,027 | WARNING |  Transacción id 817: Monto <= 0
2026-08-05 21:00:07,027 | WARNING |  Transacción id 818: Inversor inválido
2026-08-05 21:00:07,027 | WARNING |  Transacción id 820: Monto <= 0
2026-08-05 21:00:07,028 | WARNING |  Transacción id 821: Monto <= 0
2026-08-05 21:00:07,028 | WARNING |  Transacción id 822: Monto <= 0
2026-08-05 21:00:07,028 | WARNING |  Transacción id 825: Monto <= 0
2026-08-05 21:00:07,028 | WARNING |  Transacción id 828: Monto <= 0
2026-08-05 21:00:07,028 | WARNING |  Transacción id 838: Monto <= 0
2026-08-05 21:00:07,028 | WARNING |  Transacción id 847: Monto <= 0
2026-08-05 21:00:07,028 | WARNING |  Transacción id 851: Monto <= 0
2026-08-05 21:00:07,028 | WARNING |  Transacción id 853: Monto <= 0
2026-08-05 21:00:07,028 | WARNING |  Transacción id 857: Inversor inválido
2026-08-05 21:00:07,029 | WARNING |  Transacción id 858: Inversor inválido
2026-08-05 21:00:07,029 | WARNING |  Transacción id 861: Monto <= 0
2026-08-05 21:00:07,029 | WARNING |  Transacción id 864: Monto <= 0
2026-08-05 21:00:07,029 | WARNING |  Transacción id 866: Monto <= 0
2026-08-05 21:00:07,029 | WARNING |  Transacción id 867: Inversor inválido
2026-08-05 21:00:07,029 | WARNING |  Transacción id 875: Monto <= 0
2026-08-05 21:00:07,029 | WARNING |  Transacción id 877: Inversor inválido
2026-08-05 21:00:07,029 | WARNING |  Transacción id 881: Monto <= 0
2026-08-05 21:00:07,030 | WARNING |  Transacción id 883: Monto <= 0
2026-08-05 21:00:07,030 | WARNING |  Transacción id 885: Inversor inválido
2026-08-05 21:00:07,030 | WARNING |  Transacción id 888: Monto <= 0
2026-08-05 21:00:07,030 | WARNING |  Transacción id 893: Monto <= 0
2026-08-05 21:00:07,030 | WARNING |  Transacción id 894: Monto <= 0
2026-08-05 21:00:07,030 | WARNING |  Transacción id 895: Monto <= 0
2026-08-05 21:00:07,030 | WARNING |  Transacción id 897: Monto <= 0
2026-08-05 21:00:07,030 | WARNING |  Transacción id 898: Inversor inválido
2026-08-05 21:00:07,031 | WARNING |  Transacción id 899: Inversor inválido
2026-08-05 21:00:07,031 | WARNING |  Transacción id 901: Monto <= 0
2026-08-05 21:00:07,031 | WARNING |  Transacción id 902: Monto <= 0
2026-08-05 21:00:07,031 | WARNING |  Transacción id 903: Monto <= 0
2026-08-05 21:00:07,031 | WARNING |  Transacción id 909: Monto <= 0
2026-08-05 21:00:07,031 | WARNING |  Transacción id 910: Inversor inválido
2026-08-05 21:00:07,031 | WARNING |  Transacción id 911: Monto <= 0
2026-08-05 21:00:07,031 | WARNING |  Transacción id 912: Monto <= 0
2026-08-05 21:00:07,031 | WARNING |  Transacción id 916: Monto <= 0
2026-08-05 21:00:07,031 | WARNING |  Transacción id 920: Monto <= 0
2026-08-05 21:00:07,032 | WARNING |  Transacción id 924: Monto <= 0
2026-08-05 21:00:07,032 | WARNING |  Transacción id 925: Inversor inválido
2026-08-05 21:00:07,032 | WARNING |  Transacción id 930: Monto <= 0
2026-08-05 21:00:07,032 | WARNING |  Transacción id 935: Inversor inválido
2026-08-05 21:00:07,032 | WARNING |  Transacción id 941: Monto <= 0
2026-08-05 21:00:07,032 | WARNING |  Transacción id 944: Inversor inválido
2026-08-05 21:00:07,032 | WARNING |  Transacción id 949: Monto <= 0
2026-08-05 21:00:07,032 | WARNING |  Transacción id 957: Monto <= 0
2026-08-05 21:00:07,032 | WARNING |  Transacción id 959: Inversor inválido
2026-08-05 21:00:07,032 | WARNING |  Transacción id 960: Monto <= 0
2026-08-05 21:00:07,033 | WARNING |  Transacción id 961: Monto <= 0
2026-08-05 21:00:07,033 | WARNING |  Transacción id 962: Monto <= 0
2026-08-05 21:00:07,033 | WARNING |  Transacción id 970: Monto <= 0
2026-08-05 21:00:07,033 | WARNING |  Transacción id 973: Inversor inválido
2026-08-05 21:00:07,033 | WARNING |  Transacción id 977: Monto <= 0
2026-08-05 21:00:07,033 | WARNING |  Transacción id 980: Monto <= 0
2026-08-05 21:00:07,033 | WARNING |  Transacción id 984: Monto <= 0
2026-08-05 21:00:07,033 | WARNING |  Transacción id 989: Monto <= 0
2026-08-05 21:00:07,033 | WARNING |  Transacción id 993: Inversor inválido
2026-08-05 21:00:07,033 | WARNING |  Transacción id 996: Inversor inválido
2026-08-05 21:00:07,033 | WARNING |  Transacción id 999: Inversor inválido
2026-08-05 21:00:07,033 | WARNING |  Transacción id 1003: Monto <= 0
2026-08-05 21:00:07,034 | WARNING |  Transacción id 1004: Monto <= 0
2026-08-05 21:00:07,034 | WARNING |  Transacción id 1005: Monto <= 0
2026-08-05 21:00:07,034 | WARNING |  Transacción id 1012: Monto <= 0
2026-08-05 21:00:07,034 | WARNING |  Transacción id 1016: Monto <= 0
2026-08-05 21:00:07,034 | WARNING |  Transacción id 1017: Inversor inválido
2026-08-05 21:00:07,034 | WARNING |  Transacción id 1018: Monto <= 0
2026-08-05 21:00:07,034 | WARNING |  Transacción id 1019: Monto <= 0
2026-08-05 21:00:07,034 | WARNING |  Transacción id 1022: Inversor inválido
2026-08-05 21:00:07,034 | WARNING |  Transacción id 1027: Inversor inválido
2026-08-05 21:00:07,035 | WARNING |  Transacción id 1029: Monto <= 0
2026-08-05 21:00:07,035 | WARNING |  Transacción id 1033: Monto <= 0
2026-08-05 21:00:07,035 | WARNING |  Transacción id 1034: Monto <= 0
2026-08-05 21:00:07,035 | WARNING |  Transacción id 1036: Monto <= 0
2026-08-05 21:00:07,035 | WARNING |  Transacción id 1037: Inversor inválido
2026-08-05 21:00:07,035 | WARNING |  Transacción id 1044: Monto <= 0
2026-08-05 21:00:07,035 | WARNING |  Transacción id 1049: Monto <= 0
2026-08-05 21:00:07,035 | WARNING |  Transacción id 1053: Monto <= 0
2026-08-05 21:00:07,035 | WARNING |  Transacción id 1057: Inversor inválido
2026-08-05 21:00:07,035 | WARNING |  Transacción id 1062: Monto <= 0
2026-08-05 21:00:07,036 | WARNING |  Transacción id 1064: Inversor inválido
2026-08-05 21:00:07,036 | WARNING |  Transacción id 1067: Monto <= 0
2026-08-05 21:00:07,036 | WARNING |  Transacción id 1068: Monto <= 0
2026-08-05 21:00:07,036 | WARNING |  Transacción id 1070: Monto <= 0
2026-08-05 21:00:07,036 | WARNING |  Transacción id 1073: Inversor inválido
2026-08-05 21:00:07,036 | WARNING |  Transacción id 1076: Monto <= 0
2026-08-05 21:00:07,036 | WARNING |  Transacción id 1079: Monto <= 0
2026-08-05 21:00:07,036 | WARNING |  Transacción id 1080: Inversor inválido
2026-08-05 21:00:07,036 | WARNING |  Transacción id 1081: Inversor inválido
2026-08-05 21:00:07,036 | WARNING |  Transacción id 1084: Monto <= 0
2026-08-05 21:00:07,036 | WARNING |  Transacción id 1086: Monto <= 0
2026-08-05 21:00:07,037 | WARNING |  Transacción id 1089: Inversor inválido
2026-08-05 21:00:07,037 | WARNING |  Transacción id 1091: Inversor inválido
2026-08-05 21:00:07,037 | WARNING |  Transacción id 1100: Inversor inválido
2026-08-05 21:00:07,037 | WARNING |  Transacción id 1104: Monto <= 0
2026-08-05 21:00:07,037 | WARNING |  Transacción id 1110: Inversor inválido
2026-08-05 21:00:07,037 | WARNING |  Transacción id 1111: Monto <= 0
2026-08-05 21:00:07,037 | WARNING |  Transacción id 1112: Inversor inválido
2026-08-05 21:00:07,037 | WARNING |  Transacción id 1113: Inversor inválido
2026-08-05 21:00:07,037 | WARNING |  Transacción id 1114: Monto <= 0
2026-08-05 21:00:07,037 | WARNING |  Transacción id 1115: Monto <= 0
2026-08-05 21:00:07,037 | WARNING |  Transacción id 1118: Monto <= 0
2026-08-05 21:00:07,038 | WARNING |  Transacción id 1120: Monto <= 0
2026-08-05 21:00:07,038 | WARNING |  Transacción id 1121: Monto <= 0
2026-08-05 21:00:07,038 | WARNING |  Transacción id 1123: Monto <= 0
2026-08-05 21:00:07,038 | WARNING |  Transacción id 1125: Monto <= 0
2026-08-05 21:00:07,038 | WARNING |  Transacción id 1126: Monto <= 0
2026-08-05 21:00:07,038 | WARNING |  Transacción id 1132: Monto <= 0
2026-08-05 21:00:07,038 | WARNING |  Transacción id 1133: Inversor inválido
2026-08-05 21:00:07,038 | WARNING |  Transacción id 1141: Monto <= 0
2026-08-05 21:00:07,038 | WARNING |  Transacción id 1145: Inversor inválido
2026-08-05 21:00:07,038 | WARNING |  Transacción id 1146: Inversor inválido
2026-08-05 21:00:07,038 | WARNING |  Transacción id 1147: Monto <= 0
2026-08-05 21:00:07,039 | WARNING |  Transacción id 1148: Monto <= 0
2026-08-05 21:00:07,039 | WARNING |  Transacción id 1151: Monto <= 0
2026-08-05 21:00:07,039 | WARNING |  Transacción id 1158: Monto <= 0
2026-08-05 21:00:07,039 | WARNING |  Transacción id 1159: Inversor inválido
2026-08-05 21:00:07,039 | WARNING |  Transacción id 1163: Monto <= 0
2026-08-05 21:00:07,039 | WARNING |  Transacción id 1168: Monto <= 0
2026-08-05 21:00:07,039 | WARNING |  Transacción id 1169: Inversor inválido
2026-08-05 21:00:07,039 | WARNING |  Transacción id 1175: Monto <= 0
2026-08-05 21:00:07,039 | WARNING |  Transacción id 1177: Monto <= 0
2026-08-05 21:00:07,039 | WARNING |  Transacción id 1181: Monto <= 0
2026-08-05 21:00:07,040 | WARNING |  Transacción id 1186: Inversor inválido
2026-08-05 21:00:07,040 | WARNING |  Transacción id 1190: Monto <= 0
2026-08-05 21:00:07,040 | WARNING |  Transacción id 1192: Inversor inválido
2026-08-05 21:00:07,040 | WARNING |  Transacción id 1196: Inversor inválido
2026-08-05 21:00:07,040 | WARNING |  Transacción id 1202: Monto <= 0
2026-08-05 21:00:07,040 | WARNING |  Transacción id 1203: Monto <= 0
2026-08-05 21:00:07,040 | WARNING |  Transacción id 1216: Inversor inválido
2026-08-05 21:00:07,040 | WARNING |  Transacción id 1222: Inversor inválido
2026-08-05 21:00:07,040 | WARNING |  Transacción id 1228: Monto <= 0
2026-08-05 21:00:07,041 | WARNING |  Transacción id 1231: Monto <= 0
2026-08-05 21:00:07,041 | WARNING |  Transacción id 1234: Monto <= 0
2026-08-05 21:00:07,041 | WARNING |  Transacción id 1238: Monto <= 0
2026-08-05 21:00:07,041 | WARNING |  Transacción id 1244: Inversor inválido
2026-08-05 21:00:07,041 | WARNING |  Transacción id 1245: Monto <= 0
2026-08-05 21:00:07,041 | WARNING |  Transacción id 1246: Inversor inválido
2026-08-05 21:00:07,041 | WARNING |  Transacción id 1252: Monto <= 0
2026-08-05 21:00:07,041 | WARNING |  Transacción id 1254: Inversor inválido
2026-08-05 21:00:07,041 | WARNING |  Transacción id 1258: Inversor inválido
2026-08-05 21:00:07,041 | WARNING |  Transacción id 1260: Inversor inválido
2026-08-05 21:00:07,041 | WARNING |  Transacción id 1262: Inversor inválido
2026-08-05 21:00:07,042 | WARNING |  Transacción id 1265: Monto <= 0
2026-08-05 21:00:07,042 | WARNING |  Transacción id 1266: Inversor inválido
2026-08-05 21:00:07,042 | WARNING |  Transacción id 1269: Monto <= 0
2026-08-05 21:00:07,042 | WARNING |  Transacción id 1272: Inversor inválido
2026-08-05 21:00:07,042 | WARNING |  Transacción id 1274: Monto <= 0
2026-08-05 21:00:07,042 | WARNING |  Transacción id 1276: Monto <= 0
2026-08-05 21:00:07,042 | WARNING |  Transacción id 1278: Monto <= 0
2026-08-05 21:00:07,042 | WARNING |  Transacción id 1280: Inversor inválido
2026-08-05 21:00:07,042 | WARNING |  Transacción id 1282: Monto <= 0
2026-08-05 21:00:07,042 | WARNING |  Transacción id 1287: Monto <= 0
2026-08-05 21:00:07,042 | WARNING |  Transacción id 1289: Monto <= 0
2026-08-05 21:00:07,042 | WARNING |  Transacción id 1293: Monto <= 0
2026-08-05 21:00:07,043 | WARNING |  Transacción id 1294: Monto <= 0
2026-08-05 21:00:07,043 | WARNING |  Transacción id 1296: Inversor inválido
2026-08-05 21:00:07,043 | WARNING |  Transacción id 1297: Monto <= 0
2026-08-05 21:00:07,043 | WARNING |  Transacción id 1299: Monto <= 0
2026-08-05 21:00:07,043 | WARNING |  Transacción id 1302: Inversor inválido
2026-08-05 21:00:07,043 | WARNING |  Transacción id 1305: Monto <= 0
2026-08-05 21:00:07,043 | WARNING |  Transacción id 1308: Monto <= 0
2026-08-05 21:00:07,043 | WARNING |  Transacción id 1311: Inversor inválido
2026-08-05 21:00:07,043 | WARNING |  Transacción id 1312: Inversor inválido
2026-08-05 21:00:07,043 | WARNING |  Transacción id 1313: Monto <= 0
2026-08-05 21:00:07,044 | WARNING |  Transacción id 1314: Monto <= 0
2026-08-05 21:00:07,044 | WARNING |  Transacción id 1316: Monto <= 0
2026-08-05 21:00:07,044 | WARNING |  Transacción id 1320: Monto <= 0
2026-08-05 21:00:07,044 | WARNING |  Transacción id 1325: Monto <= 0
2026-08-05 21:00:07,044 | WARNING |  Transacción id 1330: Monto <= 0
2026-08-05 21:00:07,044 | WARNING |  Transacción id 1331: Monto <= 0
2026-08-05 21:00:07,044 | WARNING |  Transacción id 1332: Monto <= 0
2026-08-05 21:00:07,044 | WARNING |  Transacción id 1334: Monto <= 0
2026-08-05 21:00:07,044 | WARNING |  Transacción id 1336: Monto <= 0
2026-08-05 21:00:07,045 | WARNING |  Transacción id 1337: Inversor inválido
2026-08-05 21:00:07,045 | WARNING |  Transacción id 1350: Monto <= 0
2026-08-05 21:00:07,045 | WARNING |  Transacción id 1351: Monto <= 0
2026-08-05 21:00:07,045 | WARNING |  Transacción id 1352: Monto <= 0
2026-08-05 21:00:07,045 | WARNING |  Transacción id 1354: Monto <= 0
2026-08-05 21:00:07,045 | WARNING |  Transacción id 1364: Monto <= 0
2026-08-05 21:00:07,045 | WARNING |  Transacción id 1367: Inversor inválido
2026-08-05 21:00:07,045 | WARNING |  Transacción id 1369: Inversor inválido
2026-08-05 21:00:07,046 | WARNING |  Transacción id 1372: Inversor inválido
2026-08-05 21:00:07,046 | WARNING |  Transacción id 1373: Monto <= 0
2026-08-05 21:00:07,046 | WARNING |  Transacción id 1375: Inversor inválido
2026-08-05 21:00:07,046 | WARNING |  Transacción id 1400: Monto <= 0
2026-08-05 21:00:07,046 | WARNING |  Transacción id 1404: Monto <= 0
2026-08-05 21:00:07,046 | WARNING |  Transacción id 1405: Monto <= 0
2026-08-05 21:00:07,046 | WARNING |  Transacción id 1406: Monto <= 0
2026-08-05 21:00:07,046 | WARNING |  Transacción id 1408: Monto <= 0
2026-08-05 21:00:07,047 | WARNING |  Transacción id 1411: Monto <= 0
2026-08-05 21:00:07,047 | WARNING |  Transacción id 1413: Monto <= 0
2026-08-05 21:00:07,047 | WARNING |  Transacción id 1416: Monto <= 0
2026-08-05 21:00:07,047 | WARNING |  Transacción id 1417: Monto <= 0
2026-08-05 21:00:07,047 | WARNING |  Transacción id 1426: Monto <= 0
2026-08-05 21:00:07,047 | WARNING |  Transacción id 1427: Monto <= 0
2026-08-05 21:00:07,047 | WARNING |  Transacción id 1428: Inversor inválido
2026-08-05 21:00:07,047 | WARNING |  Transacción id 1429: Inversor inválido
2026-08-05 21:00:07,048 | WARNING |  Transacción id 1430: Monto <= 0
2026-08-05 21:00:07,048 | WARNING |  Transacción id 1435: Monto <= 0
2026-08-05 21:00:07,048 | WARNING |  Transacción id 1436: Inversor inválido
2026-08-05 21:00:07,048 | WARNING |  Transacción id 1440: Monto <= 0
2026-08-05 21:00:07,048 | WARNING |  Transacción id 1444: Monto <= 0
2026-08-05 21:00:07,048 | WARNING |  Transacción id 1449: Monto <= 0
2026-08-05 21:00:07,048 | WARNING |  Transacción id 1464: Inversor inválido
2026-08-05 21:00:07,048 | WARNING |  Transacción id 1472: Inversor inválido
2026-08-05 21:00:07,048 | WARNING |  Transacción id 1476: Monto <= 0
2026-08-05 21:00:07,048 | WARNING |  Transacción id 1480: Inversor inválido
2026-08-05 21:00:07,048 | WARNING |  Transacción id 1484: Inversor inválido
2026-08-05 21:00:07,049 | WARNING |  Transacción id 1485: Inversor inválido
2026-08-05 21:00:07,049 | WARNING |  Transacción id 1486: Monto <= 0
2026-08-05 21:00:07,049 | WARNING |  Transacción id 1488: Monto <= 0
2026-08-05 21:00:07,049 | WARNING |  Transacción id 1494: Monto <= 0
2026-08-05 21:00:07,049 | WARNING |  Transacción id 1498: Monto <= 0
2026-08-05 21:00:07,049 | WARNING |  Transacción id 1499: Monto <= 0
2026-08-05 21:00:07,049 | WARNING |  Transacción id 1502: Monto <= 0
2026-08-05 21:00:07,049 | WARNING |  Transacción id 1503: Monto <= 0
2026-08-05 21:00:07,049 | WARNING |  Transacción id 1504: Inversor inválido
2026-08-05 21:00:07,050 | WARNING |  Transacción id 1505: Inversor inválido
2026-08-05 21:00:07,050 | WARNING |  Transacción id 1509: Inversor inválido
2026-08-05 21:00:07,050 | WARNING |  Transacción id 1515: Monto <= 0
2026-08-05 21:00:07,050 | WARNING |  Transacción id 1519: Monto <= 0
2026-08-05 21:00:07,050 | WARNING |  Transacción id 1520: Inversor inválido
2026-08-05 21:00:07,050 | WARNING |  Transacción id 1526: Monto <= 0
2026-08-05 21:00:07,050 | WARNING |  Transacción id 1528: Monto <= 0
2026-08-05 21:00:07,050 | WARNING |  Transacción id 1531: Monto <= 0
2026-08-05 21:00:07,051 | WARNING |  Transacción id 1532: Monto <= 0
2026-08-05 21:00:07,051 | WARNING |  Transacción id 1534: Monto <= 0
2026-08-05 21:00:07,051 | WARNING |  Transacción id 1535: Monto <= 0
2026-08-05 21:00:07,051 | WARNING |  Transacción id 1536: Monto <= 0
2026-08-05 21:00:07,051 | WARNING |  Transacción id 1540: Monto <= 0
2026-08-05 21:00:07,051 | WARNING |  Transacción id 1545: Inversor inválido
2026-08-05 21:00:07,051 | WARNING |  Transacción id 1548: Monto <= 0
2026-08-05 21:00:07,051 | WARNING |  Transacción id 1550: Monto <= 0
2026-08-05 21:00:07,051 | WARNING |  Transacción id 1551: Monto <= 0
2026-08-05 21:00:07,051 | WARNING |  Transacción id 1556: Monto <= 0
2026-08-05 21:00:07,051 | WARNING |  Transacción id 1558: Monto <= 0
2026-08-05 21:00:07,052 | WARNING |  Transacción id 1561: Inversor inválido
2026-08-05 21:00:07,052 | WARNING |  Transacción id 1562: Monto <= 0
2026-08-05 21:00:07,052 | WARNING |  Transacción id 1563: Inversor inválido
2026-08-05 21:00:07,052 | WARNING |  Transacción id 1564: Inversor inválido
2026-08-05 21:00:07,052 | WARNING |  Transacción id 1565: Monto <= 0
2026-08-05 21:00:07,052 | WARNING |  Transacción id 1567: Monto <= 0
2026-08-05 21:00:07,052 | WARNING |  Transacción id 1569: Inversor inválido
2026-08-05 21:00:07,052 | WARNING |  Transacción id 1570: Monto <= 0
2026-08-05 21:00:07,052 | WARNING |  Transacción id 1573: Inversor inválido
2026-08-05 21:00:07,052 | WARNING |  Transacción id 1578: Monto <= 0
2026-08-05 21:00:07,052 | WARNING |  Transacción id 1584: Monto <= 0
2026-08-05 21:00:07,053 | WARNING |  Transacción id 1589: Inversor inválido
2026-08-05 21:00:07,053 | WARNING |  Transacción id 1597: Monto <= 0
2026-08-05 21:00:07,053 | WARNING |  Transacción id 1599: Monto <= 0
2026-08-05 21:00:07,053 | WARNING |  Transacción id 1619: Monto <= 0
2026-08-05 21:00:07,053 | WARNING |  Transacción id 1623: Monto <= 0
2026-08-05 21:00:07,053 | WARNING |  Transacción id 1626: Monto <= 0
2026-08-05 21:00:07,053 | WARNING |  Transacción id 1628: Inversor inválido
2026-08-05 21:00:07,053 | WARNING |  Transacción id 1633: Monto <= 0
2026-08-05 21:00:07,053 | WARNING |  Transacción id 1637: Inversor inválido
2026-08-05 21:00:07,053 | WARNING |  Transacción id 1640: Monto <= 0
2026-08-05 21:00:07,053 | WARNING |  Transacción id 1643: Monto <= 0
2026-08-05 21:00:07,054 | WARNING |  Transacción id 1657: Monto <= 0
2026-08-05 21:00:07,054 | WARNING |  Transacción id 1664: Inversor inválido
2026-08-05 21:00:07,054 | WARNING |  Transacción id 1665: Inversor inválido
2026-08-05 21:00:07,054 | WARNING |  Transacción id 1668: Inversor inválido
2026-08-05 21:00:07,054 | WARNING |  Transacción id 1672: Monto <= 0
2026-08-05 21:00:07,054 | WARNING |  Transacción id 1678: Inversor inválido
2026-08-05 21:00:07,054 | WARNING |  Transacción id 1681: Monto <= 0
2026-08-05 21:00:07,054 | WARNING |  Transacción id 1683: Monto <= 0
2026-08-05 21:00:07,054 | WARNING |  Transacción id 1686: Monto <= 0
2026-08-05 21:00:07,055 | WARNING |  Transacción id 1687: Monto <= 0
2026-08-05 21:00:07,055 | WARNING |  Transacción id 1688: Monto <= 0
2026-08-05 21:00:07,055 | WARNING |  Transacción id 1693: Inversor inválido
2026-08-05 21:00:07,055 | WARNING |  Transacción id 1694: Monto <= 0
2026-08-05 21:00:07,055 | WARNING |  Transacción id 1695: Monto <= 0
2026-08-05 21:00:07,055 | WARNING |  Transacción id 1703: Monto <= 0
2026-08-05 21:00:07,055 | WARNING |  Transacción id 1704: Monto <= 0
2026-08-05 21:00:07,055 | WARNING |  Transacción id 1707: Inversor inválido
2026-08-05 21:00:07,055 | WARNING |  Transacción id 1711: Inversor inválido
2026-08-05 21:00:07,055 | WARNING |  Transacción id 1712: Monto <= 0
2026-08-05 21:00:07,056 | WARNING |  Transacción id 1714: Monto <= 0
2026-08-05 21:00:07,056 | WARNING |  Transacción id 1716: Monto <= 0
2026-08-05 21:00:07,056 | WARNING |  Transacción id 1717: Monto <= 0
2026-08-05 21:00:07,056 | WARNING |  Transacción id 1729: Inversor inválido
2026-08-05 21:00:07,056 | WARNING |  Transacción id 1730: Inversor inválido
2026-08-05 21:00:07,056 | WARNING |  Transacción id 1731: Monto <= 0
2026-08-05 21:00:07,056 | WARNING |  Transacción id 1733: Inversor inválido
2026-08-05 21:00:07,056 | WARNING |  Transacción id 1736: Monto <= 0
2026-08-05 21:00:07,056 | WARNING |  Transacción id 1739: Monto <= 0
2026-08-05 21:00:07,056 | WARNING |  Transacción id 1740: Monto <= 0
2026-08-05 21:00:07,056 | WARNING |  Transacción id 1741: Monto <= 0
2026-08-05 21:00:07,056 | WARNING |  Transacción id 1745: Monto <= 0
2026-08-05 21:00:07,057 | WARNING |  Transacción id 1750: Monto <= 0
2026-08-05 21:00:07,057 | WARNING |  Transacción id 1751: Inversor inválido
2026-08-05 21:00:07,057 | WARNING |  Transacción id 1754: Monto <= 0
2026-08-05 21:00:07,057 | WARNING |  Transacción id 1755: Monto <= 0
2026-08-05 21:00:07,057 | WARNING |  Transacción id 1759: Monto <= 0
2026-08-05 21:00:07,057 | WARNING |  Transacción id 1760: Inversor inválido
2026-08-05 21:00:07,057 | WARNING |  Transacción id 1764: Inversor inválido
2026-08-05 21:00:07,057 | WARNING |  Transacción id 1768: Monto <= 0
2026-08-05 21:00:07,057 | WARNING |  Transacción id 1770: Monto <= 0
2026-08-05 21:00:07,057 | WARNING |  Transacción id 1774: Monto <= 0
2026-08-05 21:00:07,058 | WARNING |  Transacción id 1775: Inversor inválido
2026-08-05 21:00:07,058 | WARNING |  Transacción id 1777: Monto <= 0
2026-08-05 21:00:07,058 | WARNING |  Transacción id 1778: Monto <= 0
2026-08-05 21:00:07,058 | WARNING |  Transacción id 1779: Monto <= 0
2026-08-05 21:00:07,058 | WARNING |  Transacción id 1784: Inversor inválido
2026-08-05 21:00:07,058 | WARNING |  Transacción id 1787: Monto <= 0
2026-08-05 21:00:07,058 | WARNING |  Transacción id 1789: Monto <= 0
2026-08-05 21:00:07,058 | WARNING |  Transacción id 1796: Monto <= 0
2026-08-05 21:00:07,058 | WARNING |  Transacción id 1799: Monto <= 0
2026-08-05 21:00:07,058 | WARNING |  Transacción id 1801: Monto <= 0
2026-08-05 21:00:07,058 | WARNING |  Transacción id 1804: Inversor inválido
2026-08-05 21:00:07,058 | WARNING |  Transacción id 1805: Monto <= 0
2026-08-05 21:00:07,059 | WARNING |  Transacción id 1807: Monto <= 0
2026-08-05 21:00:07,059 | WARNING |  Transacción id 1810: Monto <= 0
2026-08-05 21:00:07,059 | WARNING |  Transacción id 1811: Monto <= 0
2026-08-05 21:00:07,059 | WARNING |  Transacción id 1812: Monto <= 0
2026-08-05 21:00:07,059 | WARNING |  Transacción id 1818: Inversor inválido
2026-08-05 21:00:07,059 | WARNING |  Transacción id 1821: Monto <= 0
2026-08-05 21:00:07,059 | WARNING |  Transacción id 1822: Monto <= 0
2026-08-05 21:00:07,059 | WARNING |  Transacción id 1823: Monto <= 0
2026-08-05 21:00:07,059 | WARNING |  Transacción id 1824: Monto <= 0
2026-08-05 21:00:07,059 | WARNING |  Transacción id 1832: Monto <= 0
2026-08-05 21:00:07,060 | WARNING |  Transacción id 1835: Monto <= 0
2026-08-05 21:00:07,060 | WARNING |  Transacción id 1836: Monto <= 0
2026-08-05 21:00:07,060 | WARNING |  Transacción id 1839: Inversor inválido
2026-08-05 21:00:07,060 | WARNING |  Transacción id 1841: Monto <= 0
2026-08-05 21:00:07,060 | WARNING |  Transacción id 1842: Inversor inválido
2026-08-05 21:00:07,060 | WARNING |  Transacción id 1843: Monto <= 0
2026-08-05 21:00:07,060 | WARNING |  Transacción id 1844: Monto <= 0
2026-08-05 21:00:07,060 | WARNING |  Transacción id 1848: Inversor inválido
2026-08-05 21:00:07,060 | WARNING |  Transacción id 1849: Monto <= 0
2026-08-05 21:00:07,060 | WARNING |  Transacción id 1850: Inversor inválido
2026-08-05 21:00:07,061 | WARNING |  Transacción id 1854: Monto <= 0
2026-08-05 21:00:07,061 | WARNING |  Transacción id 1859: Monto <= 0
2026-08-05 21:00:07,061 | WARNING |  Transacción id 1862: Monto <= 0
2026-08-05 21:00:07,061 | WARNING |  Transacción id 1863: Monto <= 0
2026-08-05 21:00:07,061 | WARNING |  Transacción id 1867: Inversor inválido
2026-08-05 21:00:07,061 | WARNING |  Transacción id 1871: Monto <= 0
2026-08-05 21:00:07,061 | WARNING |  Transacción id 1872: Monto <= 0
2026-08-05 21:00:07,062 | WARNING |  Transacción id 1876: Monto <= 0
2026-08-05 21:00:07,062 | WARNING |  Transacción id 1877: Inversor inválido
2026-08-05 21:00:07,062 | WARNING |  Transacción id 1882: Monto <= 0
2026-08-05 21:00:07,062 | WARNING |  Transacción id 1885: Monto <= 0
2026-08-05 21:00:07,062 | WARNING |  Transacción id 1887: Inversor inválido
2026-08-05 21:00:07,062 | WARNING |  Transacción id 1889: Monto <= 0
2026-08-05 21:00:07,062 | WARNING |  Transacción id 1899: Monto <= 0
2026-08-05 21:00:07,063 | WARNING |  Transacción id 1904: Inversor inválido
2026-08-05 21:00:07,063 | WARNING |  Transacción id 1905: Monto <= 0
2026-08-05 21:00:07,063 | WARNING |  Transacción id 1906: Monto <= 0
2026-08-05 21:00:07,063 | WARNING |  Transacción id 1907: Inversor inválido
2026-08-05 21:00:07,063 | WARNING |  Transacción id 1909: Monto <= 0
2026-08-05 21:00:07,063 | WARNING |  Transacción id 1910: Inversor inválido
2026-08-05 21:00:07,063 | WARNING |  Transacción id 1913: Monto <= 0
2026-08-05 21:00:07,063 | WARNING |  Transacción id 1918: Monto <= 0
2026-08-05 21:00:07,063 | WARNING |  Transacción id 1919: Inversor inválido
2026-08-05 21:00:07,063 | WARNING |  Transacción id 1922: Inversor inválido
2026-08-05 21:00:07,064 | WARNING |  Transacción id 1923: Inversor inválido
2026-08-05 21:00:07,064 | WARNING |  Transacción id 1934: Monto <= 0
2026-08-05 21:00:07,064 | WARNING |  Transacción id 1935: Monto <= 0
2026-08-05 21:00:07,064 | WARNING |  Transacción id 1936: Inversor inválido
2026-08-05 21:00:07,064 | WARNING |  Transacción id 1937: Monto <= 0
2026-08-05 21:00:07,064 | WARNING |  Transacción id 1938: Monto <= 0
2026-08-05 21:00:07,064 | WARNING |  Transacción id 1939: Monto <= 0
2026-08-05 21:00:07,064 | WARNING |  Transacción id 1940: Monto <= 0
2026-08-05 21:00:07,064 | WARNING |  Transacción id 1941: Monto <= 0
2026-08-05 21:00:07,064 | WARNING |  Transacción id 1945: Monto <= 0
2026-08-05 21:00:07,065 | WARNING |  Transacción id 1946: Monto <= 0
2026-08-05 21:00:07,065 | WARNING |  Transacción id 1947: Monto <= 0
2026-08-05 21:00:07,065 | WARNING |  Transacción id 1951: Monto <= 0
2026-08-05 21:00:07,065 | WARNING |  Transacción id 1953: Monto <= 0
2026-08-05 21:00:07,065 | WARNING |  Transacción id 1954: Monto <= 0
2026-08-05 21:00:07,065 | WARNING |  Transacción id 1958: Inversor inválido
2026-08-05 21:00:07,065 | WARNING |  Transacción id 1962: Monto <= 0
2026-08-05 21:00:07,065 | WARNING |  Transacción id 1966: Inversor inválido
2026-08-05 21:00:07,065 | WARNING |  Transacción id 1970: Monto <= 0
2026-08-05 21:00:07,065 | WARNING |  Transacción id 1971: Monto <= 0
2026-08-05 21:00:07,066 | WARNING |  Transacción id 1972: Monto <= 0
2026-08-05 21:00:07,066 | WARNING |  Transacción id 1977: Monto <= 0
2026-08-05 21:00:07,066 | WARNING |  Transacción id 1981: Monto <= 0
2026-08-05 21:00:07,066 | WARNING |  Transacción id 1982: Monto <= 0
2026-08-05 21:00:07,066 | WARNING |  Transacción id 1984: Inversor inválido
2026-08-05 21:00:07,066 | WARNING |  Transacción id 1987: Inversor inválido
2026-08-05 21:00:07,066 | WARNING |  Transacción id 1989: Inversor inválido
2026-08-05 21:00:07,066 | WARNING |  Transacción id 1991: Inversor inválido
2026-08-05 21:00:07,066 | WARNING |  Transacción id 1992: Monto <= 0
2026-08-05 21:00:07,067 | WARNING |  Transacción id 1993: Inversor inválido
2026-08-05 21:00:07,067 | WARNING |  Transacción id 2000: Monto <= 0
2026-08-05 21:00:07,067 | WARNING |  Transacción id 2001: Monto <= 0
2026-08-05 21:00:07,067 | WARNING |  Transacción id 2002: Monto <= 0
2026-08-05 21:00:07,067 | WARNING |  Transacción id 2005: Monto <= 0
2026-08-05 21:00:07,067 | WARNING |  Transacción id 2010: Monto <= 0
2026-08-05 21:00:07,067 | WARNING |  Transacción id 2011: Inversor inválido
2026-08-05 21:00:07,067 | WARNING |  Transacción id 2012: Monto <= 0
2026-08-05 21:00:07,067 | WARNING |  Transacción id 2017: Inversor inválido
2026-08-05 21:00:07,067 | WARNING |  Transacción id 2020: Monto <= 0
2026-08-05 21:00:07,068 | WARNING |  Transacción id 2021: Monto <= 0
2026-08-05 21:00:07,068 | WARNING |  Transacción id 2024: Inversor inválido
2026-08-05 21:00:07,068 | WARNING |  Transacción id 2025: Monto <= 0
2026-08-05 21:00:07,068 | WARNING |  Transacción id 2027: Monto <= 0
2026-08-05 21:00:07,068 | WARNING |  Transacción id 2030: Inversor inválido
2026-08-05 21:00:07,068 | WARNING |  Transacción id 2031: Monto <= 0
2026-08-05 21:00:07,068 | WARNING |  Transacción id 2034: Inversor inválido
2026-08-05 21:00:07,068 | WARNING |  Transacción id 2035: Inversor inválido
2026-08-05 21:00:07,068 | WARNING |  Transacción id 2044: Monto <= 0
2026-08-05 21:00:07,068 | WARNING |  Transacción id 2047: Inversor inválido
2026-08-05 21:00:07,068 | WARNING |  Transacción id 2051: Inversor inválido
2026-08-05 21:00:07,068 | WARNING |  Transacción id 2056: Inversor inválido
2026-08-05 21:00:07,069 | WARNING |  Transacción id 2060: Monto <= 0
2026-08-05 21:00:07,069 | WARNING |  Transacción id 2062: Inversor inválido
2026-08-05 21:00:07,069 | WARNING |  Transacción id 2066: Monto <= 0
2026-08-05 21:00:07,069 | WARNING |  Transacción id 2069: Monto <= 0
2026-08-05 21:00:07,069 | WARNING |  Transacción id 2071: Inversor inválido
2026-08-05 21:00:07,069 | WARNING |  Transacción id 2075: Monto <= 0
2026-08-05 21:00:07,069 | WARNING |  Transacción id 2077: Monto <= 0
2026-08-05 21:00:07,069 | WARNING |  Transacción id 2079: Monto <= 0
2026-08-05 21:00:07,069 | WARNING |  Transacción id 2083: Monto <= 0
2026-08-05 21:00:07,070 | WARNING |  Transacción id 2093: Monto <= 0
2026-08-05 21:00:07,070 | WARNING |  Transacción id 2097: Inversor inválido
2026-08-05 21:00:07,070 | WARNING |  Transacción id 2099: Monto <= 0
2026-08-05 21:00:07,070 | WARNING |  Transacción id 2100: Inversor inválido
2026-08-05 21:00:07,070 | WARNING |  Transacción id 2111: Inversor inválido
2026-08-05 21:00:07,070 | WARNING |  Transacción id 2113: Inversor inválido
2026-08-05 21:00:07,070 | WARNING |  Transacción id 2120: Monto <= 0
2026-08-05 21:00:07,070 | WARNING |  Transacción id 2121: Inversor inválido
2026-08-05 21:00:07,070 | WARNING |  Transacción id 2124: Monto <= 0
2026-08-05 21:00:07,071 | WARNING |  Transacción id 2125: Inversor inválido
2026-08-05 21:00:07,071 | WARNING |  Transacción id 2132: Monto <= 0
2026-08-05 21:00:07,071 | WARNING |  Transacción id 2136: Inversor inválido
2026-08-05 21:00:07,071 | WARNING |  Transacción id 2144: Monto <= 0
2026-08-05 21:00:07,071 | WARNING |  Transacción id 2147: Monto <= 0
2026-08-05 21:00:07,071 | WARNING |  Transacción id 2153: Monto <= 0
2026-08-05 21:00:07,071 | WARNING |  Transacción id 2156: Inversor inválido
2026-08-05 21:00:07,071 | WARNING |  Transacción id 2158: Monto <= 0
2026-08-05 21:00:07,071 | WARNING |  Transacción id 2164: Inversor inválido
2026-08-05 21:00:07,071 | WARNING |  Transacción id 2170: Monto <= 0
2026-08-05 21:00:07,071 | WARNING |  Transacción id 2173: Inversor inválido
2026-08-05 21:00:07,072 | WARNING |  Transacción id 2174: Monto <= 0
2026-08-05 21:00:07,072 | WARNING |  Transacción id 2175: Monto <= 0
2026-08-05 21:00:07,072 | WARNING |  Transacción id 2177: Monto <= 0
2026-08-05 21:00:07,072 | WARNING |  Transacción id 2178: Inversor inválido
2026-08-05 21:00:07,072 | WARNING |  Transacción id 2179: Inversor inválido
2026-08-05 21:00:07,072 | WARNING |  Transacción id 2186: Monto <= 0
2026-08-05 21:00:07,072 | WARNING |  Transacción id 2188: Inversor inválido
2026-08-05 21:00:07,072 | WARNING |  Transacción id 2190: Monto <= 0
2026-08-05 21:00:07,072 | WARNING |  Transacción id 2193: Monto <= 0
2026-08-05 21:00:07,072 | WARNING |  Transacción id 2199: Inversor inválido
2026-08-05 21:00:07,072 | WARNING |  Transacción id 2203: Monto <= 0
2026-08-05 21:00:07,072 | WARNING |  Transacción id 2207: Monto <= 0
2026-08-05 21:00:07,073 | WARNING |  Transacción id 2216: Inversor inválido
2026-08-05 21:00:07,073 | WARNING |  Transacción id 2217: Inversor inválido
2026-08-05 21:00:07,073 | WARNING |  Transacción id 2218: Inversor inválido
2026-08-05 21:00:07,073 | WARNING |  Transacción id 2221: Inversor inválido
2026-08-05 21:00:07,073 | WARNING |  Transacción id 2225: Monto <= 0
2026-08-05 21:00:07,073 | WARNING |  Transacción id 2229: Monto <= 0
2026-08-05 21:00:07,073 | WARNING |  Transacción id 2231: Inversor inválido
2026-08-05 21:00:07,073 | WARNING |  Transacción id 2232: Monto <= 0
2026-08-05 21:00:07,073 | WARNING |  Transacción id 2237: Monto <= 0
2026-08-05 21:00:07,073 | WARNING |  Transacción id 2240: Monto <= 0
2026-08-05 21:00:07,073 | WARNING |  Transacción id 2253: Monto <= 0
2026-08-05 21:00:07,074 | WARNING |  Transacción id 2255: Inversor inválido
2026-08-05 21:00:07,074 | WARNING |  Transacción id 2261: Monto <= 0
2026-08-05 21:00:07,074 | WARNING |  Transacción id 2264: Monto <= 0
2026-08-05 21:00:07,074 | WARNING |  Transacción id 2266: Monto <= 0
2026-08-05 21:00:07,074 | WARNING |  Transacción id 2275: Monto <= 0
2026-08-05 21:00:07,074 | WARNING |  Transacción id 2276: Inversor inválido
2026-08-05 21:00:07,074 | WARNING |  Transacción id 2281: Monto <= 0
2026-08-05 21:00:07,074 | WARNING |  Transacción id 2289: Monto <= 0
2026-08-05 21:00:07,074 | WARNING |  Transacción id 2294: Monto <= 0
2026-08-05 21:00:07,074 | WARNING |  Transacción id 2299: Monto <= 0
2026-08-05 21:00:07,075 | WARNING |  Transacción id 2300: Inversor inválido
2026-08-05 21:00:07,075 | WARNING |  Transacción id 2305: Monto <= 0
2026-08-05 21:00:07,075 | WARNING |  Transacción id 2308: Inversor inválido
2026-08-05 21:00:07,075 | WARNING |  Transacción id 2309: Inversor inválido
2026-08-05 21:00:07,075 | WARNING |  Transacción id 2327: Inversor inválido
2026-08-05 21:00:07,075 | WARNING |  Transacción id 2329: Monto <= 0
2026-08-05 21:00:07,075 | WARNING |  Transacción id 2331: Monto <= 0
2026-08-05 21:00:07,075 | WARNING |  Transacción id 2335: Monto <= 0
2026-08-05 21:00:07,075 | WARNING |  Transacción id 2342: Monto <= 0
2026-08-05 21:00:07,076 | WARNING |  Transacción id 2344: Monto <= 0
2026-08-05 21:00:07,076 | WARNING |  Transacción id 2348: Monto <= 0
2026-08-05 21:00:07,076 | WARNING |  Transacción id 2354: Inversor inválido
2026-08-05 21:00:07,076 | WARNING |  Transacción id 2355: Monto <= 0
2026-08-05 21:00:07,076 | WARNING |  Transacción id 2363: Monto <= 0
2026-08-05 21:00:07,076 | WARNING |  Transacción id 2364: Monto <= 0
2026-08-05 21:00:07,076 | WARNING |  Transacción id 2365: Monto <= 0
2026-08-05 21:00:07,076 | WARNING |  Transacción id 2366: Monto <= 0
2026-08-05 21:00:07,076 | WARNING |  Transacción id 2370: Monto <= 0
2026-08-05 21:00:07,076 | WARNING |  Transacción id 2371: Monto <= 0
2026-08-05 21:00:07,076 | WARNING |  Transacción id 2374: Monto <= 0
2026-08-05 21:00:07,076 | WARNING |  Transacción id 2380: Monto <= 0
2026-08-05 21:00:07,077 | WARNING |  Transacción id 2381: Monto <= 0
2026-08-05 21:00:07,077 | WARNING |  Transacción id 2384: Monto <= 0
2026-08-05 21:00:07,077 | WARNING |  Transacción id 2386: Inversor inválido
2026-08-05 21:00:07,077 | WARNING |  Transacción id 2390: Monto <= 0
2026-08-05 21:00:07,077 | WARNING |  Transacción id 2391: Monto <= 0
2026-08-05 21:00:07,077 | WARNING |  Transacción id 2392: Monto <= 0
2026-08-05 21:00:07,077 | WARNING |  Transacción id 2393: Monto <= 0
2026-08-05 21:00:07,077 | WARNING |  Transacción id 2396: Inversor inválido
2026-08-05 21:00:07,077 | WARNING |  Transacción id 2397: Monto <= 0
2026-08-05 21:00:07,077 | WARNING |  Transacción id 2399: Monto <= 0
2026-08-05 21:00:07,077 | WARNING |  Transacción id 2402: Inversor inválido
2026-08-05 21:00:07,078 | WARNING |  Transacción id 2403: Inversor inválido
2026-08-05 21:00:07,078 | WARNING |  Transacción id 2407: Inversor inválido
2026-08-05 21:00:07,078 | WARNING |  Transacción id 2408: Monto <= 0
2026-08-05 21:00:07,078 | WARNING |  Transacción id 2409: Inversor inválido
2026-08-05 21:00:07,078 | WARNING |  Transacción id 2410: Inversor inválido
2026-08-05 21:00:07,078 | WARNING |  Transacción id 2411: Monto <= 0
2026-08-05 21:00:07,078 | WARNING |  Transacción id 2413: Monto <= 0
2026-08-05 21:00:07,079 | WARNING |  Transacción id 2418: Monto <= 0
2026-08-05 21:00:07,079 | WARNING |  Transacción id 2421: Inversor inválido
2026-08-05 21:00:07,079 | WARNING |  Transacción id 2424: Monto <= 0
2026-08-05 21:00:07,079 | WARNING |  Transacción id 2428: Monto <= 0
2026-08-05 21:00:07,079 | WARNING |  Transacción id 2430: Monto <= 0
2026-08-05 21:00:07,079 | WARNING |  Transacción id 2433: Monto <= 0
2026-08-05 21:00:07,079 | WARNING |  Transacción id 2435: Inversor inválido
2026-08-05 21:00:07,079 | WARNING |  Transacción id 2438: Inversor inválido
2026-08-05 21:00:07,080 | WARNING |  Transacción id 2443: Monto <= 0
2026-08-05 21:00:07,080 | WARNING |  Transacción id 2446: Monto <= 0
2026-08-05 21:00:07,080 | WARNING |  Transacción id 2450: Monto <= 0
2026-08-05 21:00:07,080 | WARNING |  Transacción id 2452: Inversor inválido
2026-08-05 21:00:07,080 | WARNING |  Transacción id 2456: Monto <= 0
2026-08-05 21:00:07,080 | WARNING |  Transacción id 2457: Inversor inválido
2026-08-05 21:00:07,080 | WARNING |  Transacción id 2459: Monto <= 0
2026-08-05 21:00:07,080 | WARNING |  Transacción id 2461: Inversor inválido
2026-08-05 21:00:07,080 | WARNING |  Transacción id 2465: Monto <= 0
2026-08-05 21:00:07,081 | WARNING |  Transacción id 2468: Monto <= 0
2026-08-05 21:00:07,081 | WARNING |  Transacción id 2469: Inversor inválido
2026-08-05 21:00:07,081 | WARNING |  Transacción id 2473: Monto <= 0
2026-08-05 21:00:07,081 | WARNING |  Transacción id 2475: Inversor inválido
2026-08-05 21:00:07,081 | WARNING |  Transacción id 2480: Inversor inválido
2026-08-05 21:00:07,081 | WARNING |  Transacción id 2485: Monto <= 0
2026-08-05 21:00:07,081 | WARNING |  Transacción id 2487: Inversor inválido
2026-08-05 21:00:07,081 | WARNING |  Transacción id 2490: Monto <= 0
2026-08-05 21:00:07,081 | WARNING |  Transacción id 2493: Monto <= 0
2026-08-05 21:00:07,081 | WARNING |  Transacción id 2495: Monto <= 0
2026-08-05 21:00:07,081 | WARNING |  Transacción id 2504: Inversor inválido
2026-08-05 21:00:07,082 | WARNING |  Transacción id 2506: Inversor inválido
2026-08-05 21:00:07,082 | WARNING |  Transacción id 2510: Monto <= 0
2026-08-05 21:00:07,082 | WARNING |  Transacción id 2512: Monto <= 0
2026-08-05 21:00:07,082 | WARNING |  Transacción id 2515: Inversor inválido
2026-08-05 21:00:07,082 | WARNING |  Transacción id 2516: Inversor inválido
2026-08-05 21:00:07,082 | WARNING |  Transacción id 2520: Monto <= 0
2026-08-05 21:00:07,082 | WARNING |  Transacción id 2528: Monto <= 0
2026-08-05 21:00:07,082 | WARNING |  Transacción id 2533: Monto <= 0
2026-08-05 21:00:07,082 | WARNING |  Transacción id 2534: Inversor inválido
2026-08-05 21:00:07,082 | WARNING |  Transacción id 2535: Monto <= 0
2026-08-05 21:00:07,082 | WARNING |  Transacción id 2536: Inversor inválido
2026-08-05 21:00:07,083 | WARNING |  Transacción id 2539: Monto <= 0
2026-08-05 21:00:07,083 | WARNING |  Transacción id 2540: Monto <= 0
2026-08-05 21:00:07,083 | WARNING |  Transacción id 2548: Monto <= 0
2026-08-05 21:00:07,083 | WARNING |  Transacción id 2549: Monto <= 0
2026-08-05 21:00:07,083 | WARNING |  Transacción id 2552: Monto <= 0
2026-08-05 21:00:07,083 | WARNING |  Transacción id 2556: Inversor inválido
2026-08-05 21:00:07,083 | WARNING |  Transacción id 2557: Inversor inválido
2026-08-05 21:00:07,083 | WARNING |  Transacción id 2561: Inversor inválido
2026-08-05 21:00:07,083 | WARNING |  Transacción id 2563: Monto <= 0
2026-08-05 21:00:07,083 | WARNING |  Transacción id 2564: Monto <= 0
2026-08-05 21:00:07,083 | WARNING |  Transacción id 2566: Inversor inválido
2026-08-05 21:00:07,084 | WARNING |  Transacción id 2567: Monto <= 0
2026-08-05 21:00:07,084 | WARNING |  Transacción id 2575: Monto <= 0
2026-08-05 21:00:07,084 | WARNING |  Transacción id 2580: Inversor inválido
2026-08-05 21:00:07,084 | WARNING |  Transacción id 2582: Inversor inválido
2026-08-05 21:00:07,084 | WARNING |  Transacción id 2583: Monto <= 0
2026-08-05 21:00:07,084 | WARNING |  Transacción id 2585: Monto <= 0
2026-08-05 21:00:07,084 | WARNING |  Transacción id 2591: Monto <= 0
2026-08-05 21:00:07,084 | WARNING |  Transacción id 2593: Monto <= 0
2026-08-05 21:00:07,084 | WARNING |  Transacción id 2594: Inversor inválido
2026-08-05 21:00:07,085 | WARNING |  Transacción id 2601: Monto <= 0
2026-08-05 21:00:07,085 | WARNING |  Transacción id 2604: Monto <= 0
2026-08-05 21:00:07,085 | WARNING |  Transacción id 2605: Monto <= 0
2026-08-05 21:00:07,085 | WARNING |  Transacción id 2608: Monto <= 0
2026-08-05 21:00:07,085 | WARNING |  Transacción id 2611: Monto <= 0
2026-08-05 21:00:07,085 | WARNING |  Transacción id 2614: Monto <= 0
2026-08-05 21:00:07,085 | WARNING |  Transacción id 2615: Monto <= 0
2026-08-05 21:00:07,085 | WARNING |  Transacción id 2625: Monto <= 0
2026-08-05 21:00:07,085 | WARNING |  Transacción id 2628: Inversor inválido
2026-08-05 21:00:07,085 | WARNING |  Transacción id 2633: Monto <= 0
2026-08-05 21:00:07,086 | WARNING |  Transacción id 2634: Monto <= 0
2026-08-05 21:00:07,086 | WARNING |  Transacción id 2640: Monto <= 0
2026-08-05 21:00:07,086 | WARNING |  Transacción id 2642: Monto <= 0
2026-08-05 21:00:07,086 | WARNING |  Transacción id 2644: Monto <= 0
2026-08-05 21:00:07,086 | WARNING |  Transacción id 2650: Monto <= 0
2026-08-05 21:00:07,086 | WARNING |  Transacción id 2651: Monto <= 0
2026-08-05 21:00:07,086 | WARNING |  Transacción id 2656: Inversor inválido
2026-08-05 21:00:07,086 | WARNING |  Transacción id 2660: Monto <= 0
2026-08-05 21:00:07,086 | WARNING |  Transacción id 2662: Monto <= 0
2026-08-05 21:00:07,086 | WARNING |  Transacción id 2670: Inversor inválido
2026-08-05 21:00:07,086 | WARNING |  Transacción id 2673: Inversor inválido
2026-08-05 21:00:07,087 | WARNING |  Transacción id 2676: Inversor inválido
2026-08-05 21:00:07,087 | WARNING |  Transacción id 2687: Monto <= 0
2026-08-05 21:00:07,087 | WARNING |  Transacción id 2689: Inversor inválido
2026-08-05 21:00:07,087 | WARNING |  Transacción id 2694: Monto <= 0
2026-08-05 21:00:07,087 | WARNING |  Transacción id 2698: Monto <= 0
2026-08-05 21:00:07,087 | WARNING |  Transacción id 2699: Monto <= 0
2026-08-05 21:00:07,087 | WARNING |  Transacción id 2701: Monto <= 0
2026-08-05 21:00:07,087 | WARNING |  Transacción id 2703: Monto <= 0
2026-08-05 21:00:07,087 | WARNING |  Transacción id 2708: Inversor inválido
2026-08-05 21:00:07,087 | WARNING |  Transacción id 2712: Inversor inválido
2026-08-05 21:00:07,087 | WARNING |  Transacción id 2714: Monto <= 0
2026-08-05 21:00:07,088 | WARNING |  Transacción id 2717: Monto <= 0
2026-08-05 21:00:07,088 | WARNING |  Transacción id 2722: Monto <= 0
2026-08-05 21:00:07,088 | WARNING |  Transacción id 2725: Monto <= 0
2026-08-05 21:00:07,088 | WARNING |  Transacción id 2727: Inversor inválido
2026-08-05 21:00:07,088 | WARNING |  Transacción id 2728: Monto <= 0
2026-08-05 21:00:07,088 | WARNING |  Transacción id 2730: Inversor inválido
2026-08-05 21:00:07,088 | WARNING |  Transacción id 2737: Inversor inválido
2026-08-05 21:00:07,088 | WARNING |  Transacción id 2741: Inversor inválido
2026-08-05 21:00:07,088 | WARNING |  Transacción id 2743: Monto <= 0
2026-08-05 21:00:07,088 | WARNING |  Transacción id 2750: Inversor inválido
2026-08-05 21:00:07,088 | WARNING |  Transacción id 2753: Monto <= 0
2026-08-05 21:00:07,089 | WARNING |  Transacción id 2754: Monto <= 0
2026-08-05 21:00:07,089 | WARNING |  Transacción id 2755: Monto <= 0
2026-08-05 21:00:07,089 | WARNING |  Transacción id 2756: Monto <= 0
2026-08-05 21:00:07,089 | WARNING |  Transacción id 2759: Inversor inválido
2026-08-05 21:00:07,089 | WARNING |  Transacción id 2765: Inversor inválido
2026-08-05 21:00:07,089 | WARNING |  Transacción id 2766: Monto <= 0
2026-08-05 21:00:07,089 | WARNING |  Transacción id 2770: Monto <= 0
2026-08-05 21:00:07,089 | WARNING |  Transacción id 2772: Monto <= 0
2026-08-05 21:00:07,089 | WARNING |  Transacción id 2773: Inversor inválido
2026-08-05 21:00:07,090 | WARNING |  Transacción id 2781: Inversor inválido
2026-08-05 21:00:07,090 | WARNING |  Transacción id 2782: Monto <= 0
2026-08-05 21:00:07,090 | WARNING |  Transacción id 2791: Monto <= 0
2026-08-05 21:00:07,090 | WARNING |  Transacción id 2794: Inversor inválido
2026-08-05 21:00:07,090 | WARNING |  Transacción id 2795: Monto <= 0
2026-08-05 21:00:07,090 | WARNING |  Transacción id 2799: Inversor inválido
2026-08-05 21:00:07,090 | WARNING |  Transacción id 2800: Monto <= 0
2026-08-05 21:00:07,090 | WARNING |  Transacción id 2803: Monto <= 0
2026-08-05 21:00:07,090 | WARNING |  Transacción id 2804: Monto <= 0
2026-08-05 21:00:07,090 | WARNING |  Transacción id 2806: Inversor inválido
2026-08-05 21:00:07,090 | WARNING |  Transacción id 2822: Inversor inválido
2026-08-05 21:00:07,091 | WARNING |  Transacción id 2836: Monto <= 0
2026-08-05 21:00:07,091 | WARNING |  Transacción id 2837: Inversor inválido
2026-08-05 21:00:07,091 | WARNING |  Transacción id 2838: Inversor inválido
2026-08-05 21:00:07,091 | WARNING |  Transacción id 2842: Monto <= 0
2026-08-05 21:00:07,091 | WARNING |  Transacción id 2847: Monto <= 0
2026-08-05 21:00:07,091 | WARNING |  Transacción id 2852: Monto <= 0
2026-08-05 21:00:07,091 | WARNING |  Transacción id 2855: Inversor inválido
2026-08-05 21:00:07,091 | WARNING |  Transacción id 2856: Inversor inválido
2026-08-05 21:00:07,091 | WARNING |  Transacción id 2859: Inversor inválido
2026-08-05 21:00:07,091 | WARNING |  Transacción id 2862: Monto <= 0
2026-08-05 21:00:07,092 | WARNING |  Transacción id 2864: Monto <= 0
2026-08-05 21:00:07,092 | WARNING |  Transacción id 2867: Monto <= 0
2026-08-05 21:00:07,092 | WARNING |  Transacción id 2869: Inversor inválido
2026-08-05 21:00:07,092 | WARNING |  Transacción id 2872: Inversor inválido
2026-08-05 21:00:07,092 | WARNING |  Transacción id 2874: Monto <= 0
2026-08-05 21:00:07,092 | WARNING |  Transacción id 2878: Monto <= 0
2026-08-05 21:00:07,092 | WARNING |  Transacción id 2880: Inversor inválido
2026-08-05 21:00:07,092 | WARNING |  Transacción id 2882: Monto <= 0
2026-08-05 21:00:07,092 | WARNING |  Transacción id 2883: Monto <= 0
2026-08-05 21:00:07,092 | WARNING |  Transacción id 2900: Monto <= 0
2026-08-05 21:00:07,092 | WARNING |  Transacción id 2901: Monto <= 0
2026-08-05 21:00:07,093 | WARNING |  Transacción id 2913: Monto <= 0
2026-08-05 21:00:07,093 | WARNING |  Transacción id 2914: Inversor inválido
2026-08-05 21:00:07,093 | WARNING |  Transacción id 2915: Inversor inválido
2026-08-05 21:00:07,093 | WARNING |  Transacción id 2919: Monto <= 0
2026-08-05 21:00:07,093 | WARNING |  Transacción id 2921: Inversor inválido
2026-08-05 21:00:07,093 | WARNING |  Transacción id 2926: Monto <= 0
2026-08-05 21:00:07,093 | WARNING |  Transacción id 2927: Monto <= 0
2026-08-05 21:00:07,093 | WARNING |  Transacción id 2928: Inversor inválido
2026-08-05 21:00:07,093 | WARNING |  Transacción id 2930: Monto <= 0
2026-08-05 21:00:07,093 | WARNING |  Transacción id 2931: Monto <= 0
2026-08-05 21:00:07,093 | WARNING |  Transacción id 2932: Monto <= 0
2026-08-05 21:00:07,094 | WARNING |  Transacción id 2934: Inversor inválido
2026-08-05 21:00:07,094 | WARNING |  Transacción id 2935: Inversor inválido
2026-08-05 21:00:07,094 | WARNING |  Transacción id 2936: Monto <= 0
2026-08-05 21:00:07,094 | WARNING |  Transacción id 2941: Inversor inválido
2026-08-05 21:00:07,094 | WARNING |  Transacción id 2944: Inversor inválido
2026-08-05 21:00:07,094 | WARNING |  Transacción id 2945: Monto <= 0
2026-08-05 21:00:07,094 | WARNING |  Transacción id 2949: Monto <= 0
2026-08-05 21:00:07,094 | WARNING |  Transacción id 2950: Monto <= 0
2026-08-05 21:00:07,094 | WARNING |  Transacción id 2951: Monto <= 0
2026-08-05 21:00:07,094 | WARNING |  Transacción id 2953: Monto <= 0
2026-08-05 21:00:07,095 | WARNING |  Transacción id 2954: Monto <= 0
2026-08-05 21:00:07,095 | WARNING |  Transacción id 2956: Monto <= 0
2026-08-05 21:00:07,095 | WARNING |  Transacción id 2958: Monto <= 0
2026-08-05 21:00:07,095 | WARNING |  Transacción id 2962: Inversor inválido
2026-08-05 21:00:07,095 | WARNING |  Transacción id 2963: Monto <= 0
2026-08-05 21:00:07,095 | WARNING |  Transacción id 2965: Inversor inválido
2026-08-05 21:00:07,095 | WARNING |  Transacción id 2970: Monto <= 0
2026-08-05 21:00:07,096 | WARNING |  Transacción id 2971: Inversor inválido
2026-08-05 21:00:07,096 | WARNING |  Transacción id 2977: Monto <= 0
2026-08-05 21:00:07,096 | WARNING |  Transacción id 2979: Inversor inválido
2026-08-05 21:00:07,096 | WARNING |  Transacción id 2980: Monto <= 0
2026-08-05 21:00:07,096 | WARNING |  Transacción id 2986: Inversor inválido
2026-08-05 21:00:07,096 | WARNING |  Transacción id 2989: Monto <= 0
2026-08-05 21:00:07,096 | WARNING |  Transacción id 2990: Monto <= 0
2026-08-05 21:00:07,096 | WARNING |  Transacción id 2991: Monto <= 0
2026-08-05 21:00:07,096 | WARNING |  Transacción id 2994: Inversor inválido
2026-08-05 21:00:07,096 | WARNING |  Transacción id 2995: Monto <= 0
2026-08-05 21:00:07,097 | WARNING |  Transacción id 2996: Monto <= 0
2026-08-05 21:00:07,097 | WARNING |  Transacción id 2997: Inversor inválido
2026-08-05 21:00:07,097 | WARNING |  Transacción id 2998: Inversor inválido
2026-08-05 21:00:07,097 | WARNING |  Transacción id 3000: Inversor inválido
2026-08-05 21:00:07,097 | WARNING |  Transacción id 3003: Inversor inválido
2026-08-05 21:00:07,097 | WARNING |  Transacción id 3004: Inversor inválido
2026-08-05 21:00:07,097 | WARNING |  Transacción id 3007: Monto <= 0
2026-08-05 21:00:07,097 | WARNING |  Transacción id 3011: Monto <= 0
2026-08-05 21:00:07,097 | WARNING |  Transacción id 3015: Monto <= 0
2026-08-05 21:00:07,097 | WARNING |  Transacción id 3016: Monto <= 0
2026-08-05 21:00:07,097 | WARNING |  Transacción id 3020: Monto <= 0
2026-08-05 21:00:07,098 | WARNING |  Transacción id 3021: Inversor inválido
2026-08-05 21:00:07,098 | WARNING |  Transacción id 3022: Monto <= 0
2026-08-05 21:00:07,098 | WARNING |  Transacción id 3026: Monto <= 0
2026-08-05 21:00:07,098 | WARNING |  Transacción id 3028: Monto <= 0
2026-08-05 21:00:07,098 | WARNING |  Transacción id 3038: Monto <= 0
2026-08-05 21:00:07,098 | WARNING |  Transacción id 3041: Monto <= 0
2026-08-05 21:00:07,098 | WARNING |  Transacción id 3042: Monto <= 0
2026-08-05 21:00:07,098 | WARNING |  Transacción id 3046: Inversor inválido
2026-08-05 21:00:07,098 | WARNING |  Transacción id 3048: Monto <= 0
2026-08-05 21:00:07,098 | WARNING |  Transacción id 3052: Inversor inválido
2026-08-05 21:00:07,098 | WARNING |  Transacción id 3059: Inversor inválido
2026-08-05 21:00:07,098 | WARNING |  Transacción id 3062: Inversor inválido
2026-08-05 21:00:07,099 | WARNING |  Transacción id 3065: Monto <= 0
2026-08-05 21:00:07,099 | WARNING |  Transacción id 3072: Inversor inválido
2026-08-05 21:00:07,099 | WARNING |  Transacción id 3074: Inversor inválido
2026-08-05 21:00:07,099 | WARNING |  Transacción id 3075: Monto <= 0
2026-08-05 21:00:07,099 | WARNING |  Transacción id 3077: Monto <= 0
2026-08-05 21:00:07,099 | WARNING |  Transacción id 3079: Monto <= 0
2026-08-05 21:00:07,099 | WARNING |  Transacción id 3080: Monto <= 0
2026-08-05 21:00:07,099 | WARNING |  Transacción id 3081: Inversor inválido
2026-08-05 21:00:07,099 | WARNING |  Transacción id 3084: Monto <= 0
2026-08-05 21:00:07,100 | WARNING |  Transacción id 3085: Inversor inválido
2026-08-05 21:00:07,100 | WARNING |  Transacción id 3088: Inversor inválido
2026-08-05 21:00:07,100 | WARNING |  Transacción id 3094: Monto <= 0
2026-08-05 21:00:07,100 | WARNING |  Transacción id 3095: Inversor inválido
2026-08-05 21:00:07,100 | WARNING |  Transacción id 3097: Inversor inválido
2026-08-05 21:00:07,100 | WARNING |  Transacción id 3099: Inversor inválido
2026-08-05 21:00:07,100 | WARNING |  Transacción id 3102: Monto <= 0
2026-08-05 21:00:07,100 | WARNING |  Transacción id 3103: Monto <= 0
2026-08-05 21:00:07,100 | WARNING |  Transacción id 3107: Monto <= 0
2026-08-05 21:00:07,101 | WARNING |  Transacción id 3109: Inversor inválido
2026-08-05 21:00:07,101 | WARNING |  Transacción id 3112: Monto <= 0
2026-08-05 21:00:07,101 | WARNING |  Transacción id 3118: Monto <= 0
2026-08-05 21:00:07,101 | WARNING |  Transacción id 3123: Monto <= 0
2026-08-05 21:00:07,101 | WARNING |  Transacción id 3127: Monto <= 0
2026-08-05 21:00:07,101 | WARNING |  Transacción id 3128: Inversor inválido
2026-08-05 21:00:07,101 | WARNING |  Transacción id 3132: Monto <= 0
2026-08-05 21:00:07,101 | WARNING |  Transacción id 3133: Inversor inválido
2026-08-05 21:00:07,101 | WARNING |  Transacción id 3135: Monto <= 0
2026-08-05 21:00:07,101 | WARNING |  Transacción id 3137: Inversor inválido
2026-08-05 21:00:07,101 | WARNING |  Transacción id 3138: Monto <= 0
2026-08-05 21:00:07,101 | WARNING |  Transacción id 3140: Monto <= 0
2026-08-05 21:00:07,102 | WARNING |  Transacción id 3146: Monto <= 0
2026-08-05 21:00:07,102 | WARNING |  Transacción id 3148: Inversor inválido
2026-08-05 21:00:07,102 | WARNING |  Transacción id 3152: Monto <= 0
2026-08-05 21:00:07,102 | WARNING |  Transacción id 3154: Monto <= 0
2026-08-05 21:00:07,102 | WARNING |  Transacción id 3160: Monto <= 0
2026-08-05 21:00:07,102 | WARNING |  Transacción id 3172: Monto <= 0
2026-08-05 21:00:07,102 | WARNING |  Transacción id 3174: Monto <= 0
2026-08-05 21:00:07,102 | WARNING |  Transacción id 3185: Monto <= 0
2026-08-05 21:00:07,102 | WARNING |  Transacción id 3187: Monto <= 0
2026-08-05 21:00:07,102 | WARNING |  Transacción id 3188: Inversor inválido
2026-08-05 21:00:07,102 | WARNING |  Transacción id 3189: Inversor inválido
2026-08-05 21:00:07,103 | WARNING |  Transacción id 3195: Inversor inválido
2026-08-05 21:00:07,103 | WARNING |  Transacción id 3197: Inversor inválido
2026-08-05 21:00:07,103 | WARNING |  Transacción id 3200: Inversor inválido
2026-08-05 21:00:07,103 | WARNING |  Transacción id 3201: Inversor inválido
2026-08-05 21:00:07,103 | WARNING |  Transacción id 3207: Inversor inválido
2026-08-05 21:00:07,103 | WARNING |  Transacción id 3208: Monto <= 0
2026-08-05 21:00:07,103 | WARNING |  Transacción id 3213: Inversor inválido
2026-08-05 21:00:07,103 | WARNING |  Transacción id 3218: Monto <= 0
2026-08-05 21:00:07,103 | WARNING |  Transacción id 3219: Monto <= 0
2026-08-05 21:00:07,103 | WARNING |  Transacción id 3221: Inversor inválido
2026-08-05 21:00:07,103 | WARNING |  Transacción id 3222: Inversor inválido
2026-08-05 21:00:07,104 | WARNING |  Transacción id 3223: Monto <= 0
2026-08-05 21:00:07,104 | WARNING |  Transacción id 3226: Monto <= 0
2026-08-05 21:00:07,104 | WARNING |  Transacción id 3229: Inversor inválido
2026-08-05 21:00:07,104 | WARNING |  Transacción id 3231: Monto <= 0
2026-08-05 21:00:07,104 | WARNING |  Transacción id 3232: Monto <= 0
2026-08-05 21:00:07,104 | WARNING |  Transacción id 3233: Monto <= 0
2026-08-05 21:00:07,104 | WARNING |  Transacción id 3234: Inversor inválido
2026-08-05 21:00:07,104 | WARNING |  Transacción id 3235: Monto <= 0
2026-08-05 21:00:07,104 | WARNING |  Transacción id 3239: Monto <= 0
2026-08-05 21:00:07,104 | WARNING |  Transacción id 3240: Monto <= 0
2026-08-05 21:00:07,105 | WARNING |  Transacción id 3242: Inversor inválido
2026-08-05 21:00:07,105 | WARNING |  Transacción id 3244: Inversor inválido
2026-08-05 21:00:07,105 | WARNING |  Transacción id 3245: Monto <= 0
2026-08-05 21:00:07,105 | WARNING |  Transacción id 3249: Monto <= 0
2026-08-05 21:00:07,105 | WARNING |  Transacción id 3252: Monto <= 0
2026-08-05 21:00:07,105 | WARNING |  Transacción id 3254: Inversor inválido
2026-08-05 21:00:07,105 | WARNING |  Transacción id 3256: Monto <= 0
2026-08-05 21:00:07,105 | WARNING |  Transacción id 3261: Monto <= 0
2026-08-05 21:00:07,105 | WARNING |  Transacción id 3271: Monto <= 0
2026-08-05 21:00:07,105 | WARNING |  Transacción id 3274: Inversor inválido
2026-08-05 21:00:07,105 | WARNING |  Transacción id 3278: Monto <= 0
2026-08-05 21:00:07,106 | WARNING |  Transacción id 3279: Monto <= 0
2026-08-05 21:00:07,106 | WARNING |  Transacción id 3285: Inversor inválido
2026-08-05 21:00:07,106 | WARNING |  Transacción id 3290: Monto <= 0
2026-08-05 21:00:07,106 | WARNING |  Transacción id 3296: Inversor inválido
2026-08-05 21:00:07,106 | WARNING |  Transacción id 3297: Monto <= 0
2026-08-05 21:00:07,106 | WARNING |  Transacción id 3304: Inversor inválido
2026-08-05 21:00:07,106 | WARNING |  Transacción id 3307: Inversor inválido
2026-08-05 21:00:07,106 | WARNING |  Transacción id 3311: Monto <= 0
2026-08-05 21:00:07,106 | WARNING |  Transacción id 3314: Inversor inválido
2026-08-05 21:00:07,106 | WARNING |  Transacción id 3318: Inversor inválido
2026-08-05 21:00:07,106 | WARNING |  Transacción id 3323: Inversor inválido
2026-08-05 21:00:07,107 | WARNING |  Transacción id 3326: Monto <= 0
2026-08-05 21:00:07,107 | WARNING |  Transacción id 3332: Inversor inválido
2026-08-05 21:00:07,107 | WARNING |  Transacción id 3338: Monto <= 0
2026-08-05 21:00:07,107 | WARNING |  Transacción id 3340: Monto <= 0
2026-08-05 21:00:07,107 | WARNING |  Transacción id 3344: Monto <= 0
2026-08-05 21:00:07,107 | WARNING |  Transacción id 3347: Inversor inválido
2026-08-05 21:00:07,107 | WARNING |  Transacción id 3351: Monto <= 0
2026-08-05 21:00:07,107 | WARNING |  Transacción id 3356: Inversor inválido
2026-08-05 21:00:07,107 | WARNING |  Transacción id 3357: Monto <= 0
2026-08-05 21:00:07,107 | WARNING |  Transacción id 3359: Inversor inválido
2026-08-05 21:00:07,107 | WARNING |  Transacción id 3361: Monto <= 0
2026-08-05 21:00:07,107 | WARNING |  Transacción id 3363: Monto <= 0
2026-08-05 21:00:07,108 | WARNING |  Transacción id 3365: Monto <= 0
2026-08-05 21:00:07,108 | WARNING |  Transacción id 3366: Inversor inválido
2026-08-05 21:00:07,108 | WARNING |  Transacción id 3370: Monto <= 0
2026-08-05 21:00:07,108 | WARNING |  Transacción id 3371: Monto <= 0
2026-08-05 21:00:07,108 | WARNING |  Transacción id 3372: Monto <= 0
2026-08-05 21:00:07,108 | WARNING |  Transacción id 3373: Inversor inválido
2026-08-05 21:00:07,108 | WARNING |  Transacción id 3375: Inversor inválido
2026-08-05 21:00:07,108 | WARNING |  Transacción id 3378: Monto <= 0
2026-08-05 21:00:07,108 | WARNING |  Transacción id 3380: Inversor inválido
2026-08-05 21:00:07,108 | WARNING |  Transacción id 3387: Monto <= 0
2026-08-05 21:00:07,108 | WARNING |  Transacción id 3388: Monto <= 0
2026-08-05 21:00:07,109 | WARNING |  Transacción id 3391: Inversor inválido
2026-08-05 21:00:07,109 | WARNING |  Transacción id 3392: Monto <= 0
2026-08-05 21:00:07,109 | WARNING |  Transacción id 3395: Monto <= 0
2026-08-05 21:00:07,109 | WARNING |  Transacción id 3397: Monto <= 0
2026-08-05 21:00:07,109 | WARNING |  Transacción id 3398: Monto <= 0
2026-08-05 21:00:07,109 | WARNING |  Transacción id 3408: Monto <= 0
2026-08-05 21:00:07,109 | WARNING |  Transacción id 3410: Inversor inválido
2026-08-05 21:00:07,109 | WARNING |  Transacción id 3414: Monto <= 0
2026-08-05 21:00:07,109 | WARNING |  Transacción id 3415: Monto <= 0
2026-08-05 21:00:07,110 | WARNING |  Transacción id 3416: Monto <= 0
2026-08-05 21:00:07,110 | WARNING |  Transacción id 3422: Inversor inválido
2026-08-05 21:00:07,110 | WARNING |  Transacción id 3425: Monto <= 0
2026-08-05 21:00:07,110 | WARNING |  Transacción id 3427: Monto <= 0
2026-08-05 21:00:07,110 | WARNING |  Transacción id 3429: Inversor inválido
2026-08-05 21:00:07,110 | WARNING |  Transacción id 3433: Monto <= 0
2026-08-05 21:00:07,110 | WARNING |  Transacción id 3438: Monto <= 0
2026-08-05 21:00:07,110 | WARNING |  Transacción id 3439: Inversor inválido
2026-08-05 21:00:07,111 | WARNING |  Transacción id 3448: Monto <= 0
2026-08-05 21:00:07,111 | WARNING |  Transacción id 3450: Inversor inválido
2026-08-05 21:00:07,111 | WARNING |  Transacción id 3451: Inversor inválido
2026-08-05 21:00:07,111 | WARNING |  Transacción id 3453: Monto <= 0
2026-08-05 21:00:07,111 | WARNING |  Transacción id 3454: Inversor inválido
2026-08-05 21:00:07,111 | WARNING |  Transacción id 3456: Inversor inválido
2026-08-05 21:00:07,111 | WARNING |  Transacción id 3457: Inversor inválido
2026-08-05 21:00:07,111 | WARNING |  Transacción id 3459: Monto <= 0
2026-08-05 21:00:07,111 | WARNING |  Transacción id 3462: Inversor inválido
2026-08-05 21:00:07,112 | WARNING |  Transacción id 3465: Monto <= 0
2026-08-05 21:00:07,112 | WARNING |  Transacción id 3467: Monto <= 0
2026-08-05 21:00:07,112 | WARNING |  Transacción id 3471: Inversor inválido
2026-08-05 21:00:07,112 | WARNING |  Transacción id 3472: Monto <= 0
2026-08-05 21:00:07,112 | WARNING |  Transacción id 3474: Monto <= 0
2026-08-05 21:00:07,112 | WARNING |  Transacción id 3475: Monto <= 0
2026-08-05 21:00:07,112 | WARNING |  Transacción id 3477: Inversor inválido
2026-08-05 21:00:07,112 | WARNING |  Transacción id 3479: Monto <= 0
2026-08-05 21:00:07,113 | WARNING |  Transacción id 3480: Monto <= 0
2026-08-05 21:00:07,113 | WARNING |  Transacción id 3482: Monto <= 0
2026-08-05 21:00:07,113 | WARNING |  Transacción id 3483: Monto <= 0
2026-08-05 21:00:07,113 | WARNING |  Transacción id 3486: Monto <= 0
2026-08-05 21:00:07,113 | WARNING |  Transacción id 3491: Inversor inválido
2026-08-05 21:00:07,113 | WARNING |  Transacción id 3494: Inversor inválido
2026-08-05 21:00:07,113 | WARNING |  Transacción id 3500: Monto <= 0
2026-08-05 21:00:07,113 | WARNING |  Transacción id 3502: Monto <= 0
2026-08-05 21:00:07,113 | WARNING |  Transacción id 3503: Monto <= 0
2026-08-05 21:00:07,113 | WARNING |  Transacción id 3505: Inversor inválido
2026-08-05 21:00:07,113 | WARNING |  Transacción id 3509: Inversor inválido
2026-08-05 21:00:07,114 | WARNING |  Transacción id 3511: Monto <= 0
2026-08-05 21:00:07,114 | WARNING |  Transacción id 3516: Monto <= 0
2026-08-05 21:00:07,114 | WARNING |  Transacción id 3517: Inversor inválido
2026-08-05 21:00:07,114 | WARNING |  Transacción id 3518: Inversor inválido
2026-08-05 21:00:07,114 | WARNING |  Transacción id 3522: Inversor inválido
2026-08-05 21:00:07,114 | WARNING |  Transacción id 3529: Inversor inválido
2026-08-05 21:00:07,114 | WARNING |  Transacción id 3531: Monto <= 0
2026-08-05 21:00:07,114 | WARNING |  Transacción id 3540: Monto <= 0
2026-08-05 21:00:07,114 | WARNING |  Transacción id 3541: Monto <= 0
2026-08-05 21:00:07,114 | WARNING |  Transacción id 3547: Monto <= 0
2026-08-05 21:00:07,115 | WARNING |  Transacción id 3556: Monto <= 0
2026-08-05 21:00:07,115 | WARNING |  Transacción id 3557: Inversor inválido
2026-08-05 21:00:07,115 | WARNING |  Transacción id 3559: Inversor inválido
2026-08-05 21:00:07,115 | WARNING |  Transacción id 3560: Inversor inválido
2026-08-05 21:00:07,115 | WARNING |  Transacción id 3564: Inversor inválido
2026-08-05 21:00:07,115 | WARNING |  Transacción id 3574: Monto <= 0
2026-08-05 21:00:07,115 | WARNING |  Transacción id 3577: Monto <= 0
2026-08-05 21:00:07,115 | WARNING |  Transacción id 3579: Monto <= 0
2026-08-05 21:00:07,115 | WARNING |  Transacción id 3584: Monto <= 0
2026-08-05 21:00:07,115 | WARNING |  Transacción id 3589: Monto <= 0
2026-08-05 21:00:07,116 | WARNING |  Transacción id 3593: Inversor inválido
2026-08-05 21:00:07,116 | WARNING |  Transacción id 3594: Inversor inválido
2026-08-05 21:00:07,116 | WARNING |  Transacción id 3599: Monto <= 0
2026-08-05 21:00:07,116 | WARNING |  Transacción id 3601: Monto <= 0
2026-08-05 21:00:07,116 | WARNING |  Transacción id 3606: Monto <= 0
2026-08-05 21:00:07,116 | WARNING |  Transacción id 3607: Inversor inválido
2026-08-05 21:00:07,116 | WARNING |  Transacción id 3609: Monto <= 0
2026-08-05 21:00:07,116 | WARNING |  Transacción id 3612: Monto <= 0
2026-08-05 21:00:07,116 | WARNING |  Transacción id 3613: Monto <= 0
2026-08-05 21:00:07,116 | WARNING |  Transacción id 3619: Inversor inválido
2026-08-05 21:00:07,116 | WARNING |  Transacción id 3622: Monto <= 0
2026-08-05 21:00:07,117 | WARNING |  Transacción id 3623: Inversor inválido
2026-08-05 21:00:07,117 | WARNING |  Transacción id 3629: Monto <= 0
2026-08-05 21:00:07,117 | WARNING |  Transacción id 3630: Monto <= 0
2026-08-05 21:00:07,117 | WARNING |  Transacción id 3631: Monto <= 0
2026-08-05 21:00:07,117 | WARNING |  Transacción id 3634: Monto <= 0
2026-08-05 21:00:07,117 | WARNING |  Transacción id 3635: Monto <= 0
2026-08-05 21:00:07,117 | WARNING |  Transacción id 3636: Monto <= 0
2026-08-05 21:00:07,117 | WARNING |  Transacción id 3637: Inversor inválido
2026-08-05 21:00:07,117 | WARNING |  Transacción id 3642: Inversor inválido
2026-08-05 21:00:07,117 | WARNING |  Transacción id 3651: Monto <= 0
2026-08-05 21:00:07,118 | WARNING |  Transacción id 3652: Monto <= 0
2026-08-05 21:00:07,118 | WARNING |  Transacción id 3653: Monto <= 0
2026-08-05 21:00:07,118 | WARNING |  Transacción id 3659: Monto <= 0
2026-08-05 21:00:07,118 | WARNING |  Transacción id 3660: Monto <= 0
2026-08-05 21:00:07,118 | WARNING |  Transacción id 3665: Inversor inválido
2026-08-05 21:00:07,118 | WARNING |  Transacción id 3666: Monto <= 0
2026-08-05 21:00:07,118 | WARNING |  Transacción id 3667: Inversor inválido
2026-08-05 21:00:07,118 | WARNING |  Transacción id 3668: Inversor inválido
2026-08-05 21:00:07,118 | WARNING |  Transacción id 3669: Monto <= 0
2026-08-05 21:00:07,118 | WARNING |  Transacción id 3670: Monto <= 0
2026-08-05 21:00:07,118 | WARNING |  Transacción id 3673: Monto <= 0
2026-08-05 21:00:07,118 | WARNING |  Transacción id 3675: Monto <= 0
2026-08-05 21:00:07,119 | WARNING |  Transacción id 3691: Monto <= 0
2026-08-05 21:00:07,119 | WARNING |  Transacción id 3693: Monto <= 0
2026-08-05 21:00:07,119 | WARNING |  Transacción id 3695: Monto <= 0
2026-08-05 21:00:07,119 | WARNING |  Transacción id 3697: Monto <= 0
2026-08-05 21:00:07,119 | WARNING |  Transacción id 3699: Monto <= 0
2026-08-05 21:00:07,119 | WARNING |  Transacción id 3703: Inversor inválido
2026-08-05 21:00:07,119 | WARNING |  Transacción id 3709: Monto <= 0
2026-08-05 21:00:07,119 | WARNING |  Transacción id 3712: Inversor inválido
2026-08-05 21:00:07,119 | WARNING |  Transacción id 3714: Inversor inválido
2026-08-05 21:00:07,120 | WARNING |  Transacción id 3715: Inversor inválido
2026-08-05 21:00:07,120 | WARNING |  Transacción id 3717: Monto <= 0
2026-08-05 21:00:07,120 | WARNING |  Transacción id 3721: Monto <= 0
2026-08-05 21:00:07,120 | WARNING |  Transacción id 3724: Inversor inválido
2026-08-05 21:00:07,120 | WARNING |  Transacción id 3726: Inversor inválido
2026-08-05 21:00:07,120 | WARNING |  Transacción id 3730: Monto <= 0
2026-08-05 21:00:07,120 | WARNING |  Transacción id 3734: Monto <= 0
2026-08-05 21:00:07,120 | WARNING |  Transacción id 3737: Monto <= 0
2026-08-05 21:00:07,120 | WARNING |  Transacción id 3742: Monto <= 0
2026-08-05 21:00:07,121 | WARNING |  Transacción id 3743: Inversor inválido
2026-08-05 21:00:07,121 | WARNING |  Transacción id 3744: Monto <= 0
2026-08-05 21:00:07,121 | WARNING |  Transacción id 3747: Inversor inválido
2026-08-05 21:00:07,121 | WARNING |  Transacción id 3749: Inversor inválido
2026-08-05 21:00:07,121 | WARNING |  Transacción id 3751: Monto <= 0
2026-08-05 21:00:07,121 | WARNING |  Transacción id 3759: Monto <= 0
2026-08-05 21:00:07,121 | WARNING |  Transacción id 3762: Monto <= 0
2026-08-05 21:00:07,121 | WARNING |  Transacción id 3763: Monto <= 0
2026-08-05 21:00:07,121 | WARNING |  Transacción id 3767: Monto <= 0
2026-08-05 21:00:07,121 | WARNING |  Transacción id 3768: Inversor inválido
2026-08-05 21:00:07,121 | WARNING |  Transacción id 3773: Inversor inválido
2026-08-05 21:00:07,122 | WARNING |  Transacción id 3779: Monto <= 0
2026-08-05 21:00:07,122 | WARNING |  Transacción id 3782: Monto <= 0
2026-08-05 21:00:07,122 | WARNING |  Transacción id 3783: Inversor inválido
2026-08-05 21:00:07,122 | WARNING |  Transacción id 3788: Monto <= 0
2026-08-05 21:00:07,122 | WARNING |  Transacción id 3795: Inversor inválido
2026-08-05 21:00:07,122 | WARNING |  Transacción id 3799: Monto <= 0
2026-08-05 21:00:07,122 | WARNING |  Transacción id 3800: Inversor inválido
2026-08-05 21:00:07,122 | WARNING |  Transacción id 3802: Monto <= 0
2026-08-05 21:00:07,122 | WARNING |  Transacción id 3807: Monto <= 0
2026-08-05 21:00:07,122 | WARNING |  Transacción id 3811: Monto <= 0
2026-08-05 21:00:07,122 | WARNING |  Transacción id 3814: Monto <= 0
2026-08-05 21:00:07,123 | WARNING |  Transacción id 3827: Inversor inválido
2026-08-05 21:00:07,123 | WARNING |  Transacción id 3828: Inversor inválido
2026-08-05 21:00:07,123 | WARNING |  Transacción id 3830: Monto <= 0
2026-08-05 21:00:07,123 | WARNING |  Transacción id 3832: Inversor inválido
2026-08-05 21:00:07,123 | WARNING |  Transacción id 3834: Inversor inválido
2026-08-05 21:00:07,123 | WARNING |  Transacción id 3836: Monto <= 0
2026-08-05 21:00:07,123 | WARNING |  Transacción id 3838: Inversor inválido
2026-08-05 21:00:07,123 | WARNING |  Transacción id 3845: Monto <= 0
2026-08-05 21:00:07,123 | WARNING |  Transacción id 3847: Monto <= 0
2026-08-05 21:00:07,123 | WARNING |  Transacción id 3848: Inversor inválido
2026-08-05 21:00:07,123 | WARNING |  Transacción id 3850: Monto <= 0
2026-08-05 21:00:07,123 | WARNING |  Transacción id 3855: Monto <= 0
2026-08-05 21:00:07,124 | WARNING |  Transacción id 3856: Monto <= 0
2026-08-05 21:00:07,124 | WARNING |  Transacción id 3865: Monto <= 0
2026-08-05 21:00:07,124 | WARNING |  Transacción id 3871: Monto <= 0
2026-08-05 21:00:07,124 | WARNING |  Transacción id 3873: Monto <= 0
2026-08-05 21:00:07,124 | WARNING |  Transacción id 3877: Monto <= 0
2026-08-05 21:00:07,124 | WARNING |  Transacción id 3882: Monto <= 0
2026-08-05 21:00:07,124 | WARNING |  Transacción id 3883: Inversor inválido
2026-08-05 21:00:07,124 | WARNING |  Transacción id 3893: Monto <= 0
2026-08-05 21:00:07,124 | WARNING |  Transacción id 3895: Monto <= 0
2026-08-05 21:00:07,125 | WARNING |  Transacción id 3898: Monto <= 0
2026-08-05 21:00:07,125 | WARNING |  Transacción id 3899: Monto <= 0
2026-08-05 21:00:07,125 | WARNING |  Transacción id 3900: Monto <= 0
2026-08-05 21:00:07,125 | WARNING |  Transacción id 3904: Monto <= 0
2026-08-05 21:00:07,125 | WARNING |  Transacción id 3905: Inversor inválido
2026-08-05 21:00:07,125 | WARNING |  Transacción id 3906: Inversor inválido
2026-08-05 21:00:07,125 | WARNING |  Transacción id 3910: Inversor inválido
2026-08-05 21:00:07,125 | WARNING |  Transacción id 3916: Inversor inválido
2026-08-05 21:00:07,125 | WARNING |  Transacción id 3918: Monto <= 0
2026-08-05 21:00:07,125 | WARNING |  Transacción id 3919: Monto <= 0
2026-08-05 21:00:07,126 | WARNING |  Transacción id 3921: Monto <= 0
2026-08-05 21:00:07,126 | WARNING |  Transacción id 3926: Inversor inválido
2026-08-05 21:00:07,126 | WARNING |  Transacción id 3930: Inversor inválido
2026-08-05 21:00:07,126 | WARNING |  Transacción id 3934: Inversor inválido
2026-08-05 21:00:07,126 | WARNING |  Transacción id 3943: Monto <= 0
2026-08-05 21:00:07,126 | WARNING |  Transacción id 3944: Monto <= 0
2026-08-05 21:00:07,126 | WARNING |  Transacción id 3945: Monto <= 0
2026-08-05 21:00:07,126 | WARNING |  Transacción id 3955: Monto <= 0
2026-08-05 21:00:07,126 | WARNING |  Transacción id 3959: Monto <= 0
2026-08-05 21:00:07,126 | WARNING |  Transacción id 3963: Inversor inválido
2026-08-05 21:00:07,126 | WARNING |  Transacción id 3965: Monto <= 0
2026-08-05 21:00:07,127 | WARNING |  Transacción id 3972: Monto <= 0
2026-08-05 21:00:07,127 | WARNING |  Transacción id 3974: Monto <= 0
2026-08-05 21:00:07,127 | WARNING |  Transacción id 3977: Inversor inválido
2026-08-05 21:00:07,127 | WARNING |  Transacción id 3978: Monto <= 0
2026-08-05 21:00:07,127 | WARNING |  Transacción id 3983: Monto <= 0
2026-08-05 21:00:07,127 | WARNING |  Transacción id 3988: Monto <= 0
2026-08-05 21:00:07,127 | WARNING |  Transacción id 3989: Monto <= 0
2026-08-05 21:00:07,127 | WARNING |  Transacción id 3990: Monto <= 0
2026-08-05 21:00:07,127 | WARNING |  Transacción id 3991: Inversor inválido
2026-08-05 21:00:07,127 | WARNING |  Transacción id 3994: Inversor inválido
2026-08-05 21:00:07,127 | WARNING |  Transacción id 4006: Inversor inválido
2026-08-05 21:00:07,127 | WARNING |  Transacción id 4008: Monto <= 0
2026-08-05 21:00:07,128 | WARNING |  Transacción id 4011: Inversor inválido
2026-08-05 21:00:07,128 | WARNING |  Transacción id 4012: Inversor inválido
2026-08-05 21:00:07,128 | WARNING |  Transacción id 4015: Monto <= 0
2026-08-05 21:00:07,128 | WARNING |  Transacción id 4017: Inversor inválido
2026-08-05 21:00:07,128 | WARNING |  Transacción id 4021: Monto <= 0
2026-08-05 21:00:07,128 | WARNING |  Transacción id 4026: Monto <= 0
2026-08-05 21:00:07,128 | WARNING |  Transacción id 4028: Monto <= 0
2026-08-05 21:00:07,129 | WARNING |  Transacción id 4037: Inversor inválido
2026-08-05 21:00:07,129 | WARNING |  Transacción id 4038: Monto <= 0
2026-08-05 21:00:07,129 | WARNING |  Transacción id 4044: Monto <= 0
2026-08-05 21:00:07,129 | WARNING |  Transacción id 4045: Inversor inválido
2026-08-05 21:00:07,129 | WARNING |  Transacción id 4049: Monto <= 0
2026-08-05 21:00:07,129 | WARNING |  Transacción id 4050: Monto <= 0
2026-08-05 21:00:07,129 | WARNING |  Transacción id 4051: Monto <= 0
2026-08-05 21:00:07,130 | WARNING |  Transacción id 4052: Monto <= 0
2026-08-05 21:00:07,130 | WARNING |  Transacción id 4055: Inversor inválido
2026-08-05 21:00:07,130 | WARNING |  Transacción id 4061: Monto <= 0
2026-08-05 21:00:07,130 | WARNING |  Transacción id 4064: Monto <= 0
2026-08-05 21:00:07,130 | WARNING |  Transacción id 4065: Monto <= 0
2026-08-05 21:00:07,130 | WARNING |  Transacción id 4066: Monto <= 0
2026-08-05 21:00:07,130 | WARNING |  Transacción id 4067: Monto <= 0
2026-08-05 21:00:07,130 | WARNING |  Transacción id 4071: Monto <= 0
2026-08-05 21:00:07,130 | WARNING |  Transacción id 4073: Inversor inválido
2026-08-05 21:00:07,131 | WARNING |  Transacción id 4075: Monto <= 0
2026-08-05 21:00:07,131 | WARNING |  Transacción id 4080: Monto <= 0
2026-08-05 21:00:07,131 | WARNING |  Transacción id 4082: Inversor inválido
2026-08-05 21:00:07,131 | WARNING |  Transacción id 4083: Inversor inválido
2026-08-05 21:00:07,131 | WARNING |  Transacción id 4084: Inversor inválido
2026-08-05 21:00:07,131 | WARNING |  Transacción id 4085: Monto <= 0
2026-08-05 21:00:07,131 | WARNING |  Transacción id 4088: Inversor inválido
2026-08-05 21:00:07,131 | WARNING |  Transacción id 4089: Monto <= 0
2026-08-05 21:00:07,131 | WARNING |  Transacción id 4092: Inversor inválido
2026-08-05 21:00:07,131 | WARNING |  Transacción id 4093: Monto <= 0
2026-08-05 21:00:07,131 | WARNING |  Transacción id 4095: Inversor inválido
2026-08-05 21:00:07,132 | WARNING |  Transacción id 4096: Monto <= 0
2026-08-05 21:00:07,132 | WARNING |  Transacción id 4109: Monto <= 0
2026-08-05 21:00:07,132 | WARNING |  Transacción id 4111: Inversor inválido
2026-08-05 21:00:07,132 | WARNING |  Transacción id 4118: Inversor inválido
2026-08-05 21:00:07,132 | WARNING |  Transacción id 4122: Monto <= 0
2026-08-05 21:00:07,132 | WARNING |  Transacción id 4125: Monto <= 0
2026-08-05 21:00:07,132 | WARNING |  Transacción id 4130: Inversor inválido
2026-08-05 21:00:07,132 | WARNING |  Transacción id 4131: Monto <= 0
2026-08-05 21:00:07,132 | WARNING |  Transacción id 4141: Inversor inválido
2026-08-05 21:00:07,132 | WARNING |  Transacción id 4149: Monto <= 0
2026-08-05 21:00:07,132 | WARNING |  Transacción id 4152: Monto <= 0
2026-08-05 21:00:07,132 | WARNING |  Transacción id 4153: Inversor inválido
2026-08-05 21:00:07,133 | WARNING |  Transacción id 4154: Monto <= 0
2026-08-05 21:00:07,133 | WARNING |  Transacción id 4157: Monto <= 0
2026-08-05 21:00:07,133 | WARNING |  Transacción id 4159: Monto <= 0
2026-08-05 21:00:07,133 | WARNING |  Transacción id 4168: Monto <= 0
2026-08-05 21:00:07,133 | WARNING |  Transacción id 4169: Inversor inválido
2026-08-05 21:00:07,133 | WARNING |  Transacción id 4173: Monto <= 0
2026-08-05 21:00:07,133 | WARNING |  Transacción id 4174: Monto <= 0
2026-08-05 21:00:07,133 | WARNING |  Transacción id 4181: Inversor inválido
2026-08-05 21:00:07,133 | WARNING |  Transacción id 4185: Inversor inválido
2026-08-05 21:00:07,133 | WARNING |  Transacción id 4189: Inversor inválido
2026-08-05 21:00:07,133 | WARNING |  Transacción id 4193: Inversor inválido
2026-08-05 21:00:07,133 | WARNING |  Transacción id 4203: Inversor inválido
2026-08-05 21:00:07,134 | WARNING |  Transacción id 4207: Inversor inválido
2026-08-05 21:00:07,134 | WARNING |  Transacción id 4209: Monto <= 0
2026-08-05 21:00:07,134 | WARNING |  Transacción id 4211: Monto <= 0
2026-08-05 21:00:07,134 | WARNING |  Transacción id 4219: Monto <= 0
2026-08-05 21:00:07,134 | WARNING |  Transacción id 4225: Inversor inválido
2026-08-05 21:00:07,134 | WARNING |  Transacción id 4228: Monto <= 0
2026-08-05 21:00:07,134 | WARNING |  Transacción id 4230: Monto <= 0
2026-08-05 21:00:07,134 | WARNING |  Transacción id 4231: Monto <= 0
2026-08-05 21:00:07,134 | WARNING |  Transacción id 4232: Inversor inválido
2026-08-05 21:00:07,135 | WARNING |  Transacción id 4233: Inversor inválido
2026-08-05 21:00:07,135 | WARNING |  Transacción id 4234: Monto <= 0
2026-08-05 21:00:07,135 | WARNING |  Transacción id 4235: Inversor inválido
2026-08-05 21:00:07,135 | WARNING |  Transacción id 4244: Monto <= 0
2026-08-05 21:00:07,135 | WARNING |  Transacción id 4249: Monto <= 0
2026-08-05 21:00:07,135 | WARNING |  Transacción id 4252: Inversor inválido
2026-08-05 21:00:07,135 | WARNING |  Transacción id 4255: Monto <= 0
2026-08-05 21:00:07,135 | WARNING |  Transacción id 4256: Inversor inválido
2026-08-05 21:00:07,136 | WARNING |  Transacción id 4260: Monto <= 0
2026-08-05 21:00:07,136 | WARNING |  Transacción id 4261: Monto <= 0
2026-08-05 21:00:07,136 | WARNING |  Transacción id 4264: Monto <= 0
2026-08-05 21:00:07,136 | WARNING |  Transacción id 4268: Monto <= 0
2026-08-05 21:00:07,136 | WARNING |  Transacción id 4269: Monto <= 0
2026-08-05 21:00:07,136 | WARNING |  Transacción id 4270: Monto <= 0
2026-08-05 21:00:07,136 | WARNING |  Transacción id 4273: Monto <= 0
2026-08-05 21:00:07,136 | WARNING |  Transacción id 4276: Monto <= 0
2026-08-05 21:00:07,136 | WARNING |  Transacción id 4278: Monto <= 0
2026-08-05 21:00:07,136 | WARNING |  Transacción id 4282: Monto <= 0
2026-08-05 21:00:07,137 | WARNING |  Transacción id 4284: Monto <= 0
2026-08-05 21:00:07,137 | WARNING |  Transacción id 4285: Monto <= 0
2026-08-05 21:00:07,137 | WARNING |  Transacción id 4287: Inversor inválido
2026-08-05 21:00:07,137 | WARNING |  Transacción id 4290: Monto <= 0
2026-08-05 21:00:07,137 | WARNING |  Transacción id 4292: Inversor inválido
2026-08-05 21:00:07,137 | WARNING |  Transacción id 4294: Monto <= 0
2026-08-05 21:00:07,137 | WARNING |  Transacción id 4299: Monto <= 0
2026-08-05 21:00:07,137 | WARNING |  Transacción id 4306: Inversor inválido
2026-08-05 21:00:07,137 | WARNING |  Transacción id 4307: Monto <= 0
2026-08-05 21:00:07,138 | WARNING |  Transacción id 4313: Inversor inválido
2026-08-05 21:00:07,138 | WARNING |  Transacción id 4314: Inversor inválido
2026-08-05 21:00:07,138 | WARNING |  Transacción id 4316: Inversor inválido
2026-08-05 21:00:07,138 | WARNING |  Transacción id 4318: Monto <= 0
2026-08-05 21:00:07,138 | WARNING |  Transacción id 4321: Inversor inválido
2026-08-05 21:00:07,138 | WARNING |  Transacción id 4322: Monto <= 0
2026-08-05 21:00:07,138 | WARNING |  Transacción id 4324: Monto <= 0
2026-08-05 21:00:07,138 | WARNING |  Transacción id 4325: Inversor inválido
2026-08-05 21:00:07,138 | WARNING |  Transacción id 4326: Monto <= 0
2026-08-05 21:00:07,138 | WARNING |  Transacción id 4329: Monto <= 0
2026-08-05 21:00:07,138 | WARNING |  Transacción id 4330: Monto <= 0
2026-08-05 21:00:07,139 | WARNING |  Transacción id 4331: Monto <= 0
2026-08-05 21:00:07,139 | WARNING |  Transacción id 4332: Inversor inválido
2026-08-05 21:00:07,139 | WARNING |  Transacción id 4343: Monto <= 0
2026-08-05 21:00:07,139 | WARNING |  Transacción id 4346: Monto <= 0
2026-08-05 21:00:07,139 | WARNING |  Transacción id 4350: Inversor inválido
2026-08-05 21:00:07,139 | WARNING |  Transacción id 4352: Monto <= 0
2026-08-05 21:00:07,139 | WARNING |  Transacción id 4353: Inversor inválido
2026-08-05 21:00:07,139 | WARNING |  Transacción id 4354: Monto <= 0
2026-08-05 21:00:07,139 | WARNING |  Transacción id 4357: Monto <= 0
2026-08-05 21:00:07,139 | WARNING |  Transacción id 4360: Monto <= 0
2026-08-05 21:00:07,140 | WARNING |  Transacción id 4370: Monto <= 0
2026-08-05 21:00:07,140 | WARNING |  Transacción id 4374: Monto <= 0
2026-08-05 21:00:07,140 | WARNING |  Transacción id 4376: Monto <= 0
2026-08-05 21:00:07,140 | WARNING |  Transacción id 4380: Inversor inválido
2026-08-05 21:00:07,140 | WARNING |  Transacción id 4383: Inversor inválido
2026-08-05 21:00:07,140 | WARNING |  Transacción id 4384: Monto <= 0
2026-08-05 21:00:07,140 | WARNING |  Transacción id 4385: Monto <= 0
2026-08-05 21:00:07,140 | WARNING |  Transacción id 4390: Inversor inválido
2026-08-05 21:00:07,140 | WARNING |  Transacción id 4399: Monto <= 0
2026-08-05 21:00:07,141 | WARNING |  Transacción id 4400: Monto <= 0
2026-08-05 21:00:07,141 | WARNING |  Transacción id 4401: Inversor inválido
2026-08-05 21:00:07,141 | WARNING |  Transacción id 4404: Monto <= 0
2026-08-05 21:00:07,141 | WARNING |  Transacción id 4410: Monto <= 0
2026-08-05 21:00:07,141 | WARNING |  Transacción id 4415: Monto <= 0
2026-08-05 21:00:07,141 | WARNING |  Transacción id 4419: Monto <= 0
2026-08-05 21:00:07,141 | WARNING |  Transacción id 4420: Monto <= 0
2026-08-05 21:00:07,141 | WARNING |  Transacción id 4421: Monto <= 0
2026-08-05 21:00:07,141 | WARNING |  Transacción id 4428: Inversor inválido
2026-08-05 21:00:07,141 | WARNING |  Transacción id 4431: Monto <= 0
2026-08-05 21:00:07,141 | WARNING |  Transacción id 4433: Monto <= 0
2026-08-05 21:00:07,141 | WARNING |  Transacción id 4438: Monto <= 0
2026-08-05 21:00:07,142 | WARNING |  Transacción id 4439: Monto <= 0
2026-08-05 21:00:07,142 | WARNING |  Transacción id 4448: Monto <= 0
2026-08-05 21:00:07,142 | WARNING |  Transacción id 4453: Monto <= 0
2026-08-05 21:00:07,142 | WARNING |  Transacción id 4454: Inversor inválido
2026-08-05 21:00:07,142 | WARNING |  Transacción id 4456: Inversor inválido
2026-08-05 21:00:07,142 | WARNING |  Transacción id 4458: Monto <= 0
2026-08-05 21:00:07,142 | WARNING |  Transacción id 4461: Inversor inválido
2026-08-05 21:00:07,142 | WARNING |  Transacción id 4462: Inversor inválido
2026-08-05 21:00:07,142 | WARNING |  Transacción id 4463: Monto <= 0
2026-08-05 21:00:07,142 | WARNING |  Transacción id 4472: Inversor inválido
2026-08-05 21:00:07,142 | WARNING |  Transacción id 4473: Inversor inválido
2026-08-05 21:00:07,143 | WARNING |  Transacción id 4476: Monto <= 0
2026-08-05 21:00:07,143 | WARNING |  Transacción id 4477: Inversor inválido
2026-08-05 21:00:07,143 | WARNING |  Transacción id 4484: Monto <= 0
2026-08-05 21:00:07,143 | WARNING |  Transacción id 4485: Inversor inválido
2026-08-05 21:00:07,143 | WARNING |  Transacción id 4488: Inversor inválido
2026-08-05 21:00:07,143 | WARNING |  Transacción id 4489: Monto <= 0
2026-08-05 21:00:07,143 | WARNING |  Transacción id 4511: Monto <= 0
2026-08-05 21:00:07,143 | WARNING |  Transacción id 4512: Inversor inválido
2026-08-05 21:00:07,143 | WARNING |  Transacción id 4514: Inversor inválido
2026-08-05 21:00:07,143 | WARNING |  Transacción id 4516: Inversor inválido
2026-08-05 21:00:07,143 | WARNING |  Transacción id 4521: Monto <= 0
2026-08-05 21:00:07,143 | WARNING |  Transacción id 4523: Monto <= 0
2026-08-05 21:00:07,144 | WARNING |  Transacción id 4525: Monto <= 0
2026-08-05 21:00:07,144 | WARNING |  Transacción id 4526: Inversor inválido
2026-08-05 21:00:07,144 | WARNING |  Transacción id 4527: Inversor inválido
2026-08-05 21:00:07,144 | WARNING |  Transacción id 4529: Monto <= 0
2026-08-05 21:00:07,144 | WARNING |  Transacción id 4531: Monto <= 0
2026-08-05 21:00:07,144 | WARNING |  Transacción id 4532: Monto <= 0
2026-08-05 21:00:07,144 | WARNING |  Transacción id 4534: Inversor inválido
2026-08-05 21:00:07,144 | WARNING |  Transacción id 4538: Monto <= 0
2026-08-05 21:00:07,144 | WARNING |  Transacción id 4544: Inversor inválido
2026-08-05 21:00:07,145 | WARNING |  Transacción id 4546: Inversor inválido
2026-08-05 21:00:07,145 | WARNING |  Transacción id 4550: Monto <= 0
2026-08-05 21:00:07,145 | WARNING |  Transacción id 4552: Inversor inválido
2026-08-05 21:00:07,145 | WARNING |  Transacción id 4558: Monto <= 0
2026-08-05 21:00:07,145 | WARNING |  Transacción id 4559: Monto <= 0
2026-08-05 21:00:07,145 | WARNING |  Transacción id 4566: Monto <= 0
2026-08-05 21:00:07,145 | WARNING |  Transacción id 4570: Monto <= 0
2026-08-05 21:00:07,145 | WARNING |  Transacción id 4572: Monto <= 0
2026-08-05 21:00:07,146 | WARNING |  Transacción id 4580: Inversor inválido
2026-08-05 21:00:07,146 | WARNING |  Transacción id 4584: Monto <= 0
2026-08-05 21:00:07,146 | WARNING |  Transacción id 4587: Monto <= 0
2026-08-05 21:00:07,146 | WARNING |  Transacción id 4589: Inversor inválido
2026-08-05 21:00:07,146 | WARNING |  Transacción id 4595: Monto <= 0
2026-08-05 21:00:07,146 | WARNING |  Transacción id 4603: Monto <= 0
2026-08-05 21:00:07,146 | WARNING |  Transacción id 4607: Monto <= 0
2026-08-05 21:00:07,146 | WARNING |  Transacción id 4608: Inversor inválido
2026-08-05 21:00:07,146 | WARNING |  Transacción id 4609: Inversor inválido
2026-08-05 21:00:07,146 | WARNING |  Transacción id 4616: Inversor inválido
2026-08-05 21:00:07,147 | WARNING |  Transacción id 4618: Monto <= 0
2026-08-05 21:00:07,147 | WARNING |  Transacción id 4621: Monto <= 0
2026-08-05 21:00:07,147 | WARNING |  Transacción id 4622: Monto <= 0
2026-08-05 21:00:07,147 | WARNING |  Transacción id 4632: Monto <= 0
2026-08-05 21:00:07,147 | WARNING |  Transacción id 4634: Inversor inválido
2026-08-05 21:00:07,147 | WARNING |  Transacción id 4637: Inversor inválido
2026-08-05 21:00:07,147 | WARNING |  Transacción id 4638: Monto <= 0
2026-08-05 21:00:07,147 | WARNING |  Transacción id 4639: Inversor inválido
2026-08-05 21:00:07,147 | WARNING |  Transacción id 4640: Monto <= 0
2026-08-05 21:00:07,147 | WARNING |  Transacción id 4641: Inversor inválido
2026-08-05 21:00:07,147 | WARNING |  Transacción id 4643: Monto <= 0
2026-08-05 21:00:07,148 | WARNING |  Transacción id 4645: Monto <= 0
2026-08-05 21:00:07,148 | WARNING |  Transacción id 4648: Monto <= 0
2026-08-05 21:00:07,148 | WARNING |  Transacción id 4650: Inversor inválido
2026-08-05 21:00:07,148 | WARNING |  Transacción id 4651: Inversor inválido
2026-08-05 21:00:07,148 | WARNING |  Transacción id 4653: Inversor inválido
2026-08-05 21:00:07,148 | WARNING |  Transacción id 4655: Inversor inválido
2026-08-05 21:00:07,148 | WARNING |  Transacción id 4660: Monto <= 0
2026-08-05 21:00:07,148 | WARNING |  Transacción id 4664: Inversor inválido
2026-08-05 21:00:07,148 | WARNING |  Transacción id 4665: Monto <= 0
2026-08-05 21:00:07,148 | WARNING |  Transacción id 4670: Inversor inválido
2026-08-05 21:00:07,148 | WARNING |  Transacción id 4672: Monto <= 0
2026-08-05 21:00:07,149 | WARNING |  Transacción id 4683: Monto <= 0
2026-08-05 21:00:07,149 | WARNING |  Transacción id 4684: Inversor inválido
2026-08-05 21:00:07,149 | WARNING |  Transacción id 4688: Monto <= 0
2026-08-05 21:00:07,149 | WARNING |  Transacción id 4694: Monto <= 0
2026-08-05 21:00:07,149 | WARNING |  Transacción id 4698: Inversor inválido
2026-08-05 21:00:07,149 | WARNING |  Transacción id 4699: Inversor inválido
2026-08-05 21:00:07,149 | WARNING |  Transacción id 4701: Monto <= 0
2026-08-05 21:00:07,149 | WARNING |  Transacción id 4702: Monto <= 0
2026-08-05 21:00:07,149 | WARNING |  Transacción id 4705: Inversor inválido
2026-08-05 21:00:07,150 | WARNING |  Transacción id 4712: Monto <= 0
2026-08-05 21:00:07,150 | WARNING |  Transacción id 4714: Monto <= 0
2026-08-05 21:00:07,150 | WARNING |  Transacción id 4716: Inversor inválido
2026-08-05 21:00:07,150 | WARNING |  Transacción id 4718: Monto <= 0
2026-08-05 21:00:07,150 | WARNING |  Transacción id 4721: Monto <= 0
2026-08-05 21:00:07,150 | WARNING |  Transacción id 4724: Inversor inválido
2026-08-05 21:00:07,150 | WARNING |  Transacción id 4728: Monto <= 0
2026-08-05 21:00:07,151 | WARNING |  Transacción id 4731: Monto <= 0
2026-08-05 21:00:07,151 | WARNING |  Transacción id 4732: Monto <= 0
2026-08-05 21:00:07,152 | WARNING |  Transacción id 4734: Monto <= 0
2026-08-05 21:00:07,152 | WARNING |  Transacción id 4741: Monto <= 0
2026-08-05 21:00:07,152 | WARNING |  Transacción id 4750: Monto <= 0
2026-08-05 21:00:07,152 | WARNING |  Transacción id 4756: Inversor inválido
2026-08-05 21:00:07,152 | WARNING |  Transacción id 4757: Monto <= 0
2026-08-05 21:00:07,152 | WARNING |  Transacción id 4758: Inversor inválido
2026-08-05 21:00:07,152 | WARNING |  Transacción id 4760: Monto <= 0
2026-08-05 21:00:07,152 | WARNING |  Transacción id 4762: Monto <= 0
2026-08-05 21:00:07,153 | WARNING |  Transacción id 4765: Monto <= 0
2026-08-05 21:00:07,153 | WARNING |  Transacción id 4766: Monto <= 0
2026-08-05 21:00:07,153 | WARNING |  Transacción id 4767: Monto <= 0
2026-08-05 21:00:07,153 | WARNING |  Transacción id 4768: Monto <= 0
2026-08-05 21:00:07,153 | WARNING |  Transacción id 4770: Inversor inválido
2026-08-05 21:00:07,153 | WARNING |  Transacción id 4771: Monto <= 0
2026-08-05 21:00:07,153 | WARNING |  Transacción id 4773: Inversor inválido
2026-08-05 21:00:07,153 | WARNING |  Transacción id 4782: Monto <= 0
2026-08-05 21:00:07,153 | WARNING |  Transacción id 4784: Inversor inválido
2026-08-05 21:00:07,153 | WARNING |  Transacción id 4787: Monto <= 0
2026-08-05 21:00:07,154 | WARNING |  Transacción id 4789: Monto <= 0
2026-08-05 21:00:07,154 | WARNING |  Transacción id 4791: Monto <= 0
2026-08-05 21:00:07,154 | WARNING |  Transacción id 4794: Monto <= 0
2026-08-05 21:00:07,154 | WARNING |  Transacción id 4796: Monto <= 0
2026-08-05 21:00:07,154 | WARNING |  Transacción id 4799: Monto <= 0
2026-08-05 21:00:07,154 | WARNING |  Transacción id 4800: Monto <= 0
2026-08-05 21:00:07,154 | WARNING |  Transacción id 4801: Inversor inválido
2026-08-05 21:00:07,154 | WARNING |  Transacción id 4804: Inversor inválido
2026-08-05 21:00:07,155 | WARNING |  Transacción id 4806: Monto <= 0
2026-08-05 21:00:07,155 | WARNING |  Transacción id 4810: Monto <= 0
2026-08-05 21:00:07,155 | WARNING |  Transacción id 4812: Inversor inválido
2026-08-05 21:00:07,155 | WARNING |  Transacción id 4813: Inversor inválido
2026-08-05 21:00:07,155 | WARNING |  Transacción id 4816: Inversor inválido
2026-08-05 21:00:07,155 | WARNING |  Transacción id 4819: Monto <= 0
2026-08-05 21:00:07,155 | WARNING |  Transacción id 4822: Inversor inválido
2026-08-05 21:00:07,156 | WARNING |  Transacción id 4823: Monto <= 0
2026-08-05 21:00:07,156 | WARNING |  Transacción id 4827: Inversor inválido
2026-08-05 21:00:07,156 | WARNING |  Transacción id 4828: Monto <= 0
2026-08-05 21:00:07,156 | WARNING |  Transacción id 4834: Inversor inválido
2026-08-05 21:00:07,156 | WARNING |  Transacción id 4839: Monto <= 0
2026-08-05 21:00:07,156 | WARNING |  Transacción id 4841: Monto <= 0
2026-08-05 21:00:07,156 | WARNING |  Transacción id 4853: Monto <= 0
2026-08-05 21:00:07,157 | WARNING |  Transacción id 4854: Monto <= 0
2026-08-05 21:00:07,157 | WARNING |  Transacción id 4855: Inversor inválido
2026-08-05 21:00:07,157 | WARNING |  Transacción id 4859: Monto <= 0
2026-08-05 21:00:07,157 | WARNING |  Transacción id 4863: Monto <= 0
2026-08-05 21:00:07,157 | WARNING |  Transacción id 4865: Monto <= 0
2026-08-05 21:00:07,157 | WARNING |  Transacción id 4871: Monto <= 0
2026-08-05 21:00:07,157 | WARNING |  Transacción id 4872: Monto <= 0
2026-08-05 21:00:07,157 | WARNING |  Transacción id 4887: Monto <= 0
2026-08-05 21:00:07,158 | WARNING |  Transacción id 4891: Monto <= 0
2026-08-05 21:00:07,158 | WARNING |  Transacción id 4899: Monto <= 0
2026-08-05 21:00:07,158 | WARNING |  Transacción id 4900: Monto <= 0
2026-08-05 21:00:07,158 | WARNING |  Transacción id 4901: Monto <= 0
2026-08-05 21:00:07,158 | WARNING |  Transacción id 4903: Inversor inválido
2026-08-05 21:00:07,158 | WARNING |  Transacción id 4905: Monto <= 0
2026-08-05 21:00:07,158 | WARNING |  Transacción id 4907: Monto <= 0
2026-08-05 21:00:07,158 | WARNING |  Transacción id 4908: Monto <= 0
2026-08-05 21:00:07,158 | WARNING |  Transacción id 4909: Inversor inválido
2026-08-05 21:00:07,158 | WARNING |  Transacción id 4918: Monto <= 0
2026-08-05 21:00:07,159 | WARNING |  Transacción id 4919: Monto <= 0
2026-08-05 21:00:07,159 | WARNING |  Transacción id 4926: Monto <= 0
2026-08-05 21:00:07,159 | WARNING |  Transacción id 4934: Monto <= 0
2026-08-05 21:00:07,159 | WARNING |  Transacción id 4937: Inversor inválido
2026-08-05 21:00:07,159 | WARNING |  Transacción id 4943: Monto <= 0
2026-08-05 21:00:07,159 | WARNING |  Transacción id 4944: Inversor inválido
2026-08-05 21:00:07,159 | WARNING |  Transacción id 4945: Monto <= 0
2026-08-05 21:00:07,159 | WARNING |  Transacción id 4948: Monto <= 0
2026-08-05 21:00:07,160 | WARNING |  Transacción id 4951: Inversor inválido
2026-08-05 21:00:07,160 | WARNING |  Transacción id 4952: Monto <= 0
2026-08-05 21:00:07,160 | WARNING |  Transacción id 4953: Monto <= 0
2026-08-05 21:00:07,160 | WARNING |  Transacción id 4954: Monto <= 0
2026-08-05 21:00:07,160 | WARNING |  Transacción id 4957: Inversor inválido
2026-08-05 21:00:07,160 | WARNING |  Transacción id 4959: Monto <= 0
2026-08-05 21:00:07,160 | WARNING |  Transacción id 4960: Monto <= 0
2026-08-05 21:00:07,161 | WARNING |  Transacción id 4964: Inversor inválido
2026-08-05 21:00:07,161 | WARNING |  Transacción id 4965: Monto <= 0
2026-08-05 21:00:07,161 | WARNING |  Transacción id 4966: Monto <= 0
2026-08-05 21:00:07,161 | WARNING |  Transacción id 4973: Inversor inválido
2026-08-05 21:00:07,161 | WARNING |  Transacción id 4975: Inversor inválido
2026-08-05 21:00:07,162 | WARNING |  Transacción id 4977: Monto <= 0
2026-08-05 21:00:07,162 | WARNING |  Transacción id 4978: Monto <= 0
2026-08-05 21:00:07,162 | WARNING |  Transacción id 4983: Inversor inválido
2026-08-05 21:00:07,162 | WARNING |  Transacción id 4986: Monto <= 0
2026-08-05 21:00:07,162 | WARNING |  Transacción id 4991: Monto <= 0
2026-08-05 21:00:07,162 | WARNING |  Transacción id 4994: Monto <= 0
2026-08-05 21:00:07,163 | WARNING |  Transacción id 4997: Inversor inválido
2026-08-05 21:00:07,163 | WARNING |  Transacción id 5000: Monto <= 0
2026-08-05 21:00:07,163 | WARNING |  Transacción id 5002: Monto <= 0
2026-08-05 21:00:07,163 | WARNING |  Transacción id 5010: Inversor inválido
2026-08-05 21:00:07,163 | WARNING |  Transacción id 5011: Inversor inválido
2026-08-05 21:00:07,163 | WARNING |  Transacción id 5012: Monto <= 0
2026-08-05 21:00:07,164 | WARNING |  Transacción id 5014: Monto <= 0
2026-08-05 21:00:07,164 | WARNING |  Transacción id 5018: Monto <= 0
2026-08-05 21:00:07,164 | WARNING |  Transacción id 5023: Inversor inválido
2026-08-05 21:00:07,164 | WARNING |  Transacción id 5025: Monto <= 0
2026-08-05 21:00:07,164 | WARNING |  Transacción id 5031: Inversor inválido
2026-08-05 21:00:07,164 | WARNING |  Transacción id 5032: Monto <= 0
2026-08-05 21:00:07,164 | WARNING |  Transacción id 5043: Inversor inválido
2026-08-05 21:00:07,165 | WARNING |  Transacción id 5053: Inversor inválido
2026-08-05 21:00:07,165 | WARNING |  Transacción id 5062: Monto <= 0
2026-08-05 21:00:07,165 | WARNING |  Transacción id 5064: Inversor inválido
2026-08-05 21:00:07,165 | WARNING |  Transacción id 5067: Monto <= 0
2026-08-05 21:00:07,165 | WARNING |  Transacción id 5069: Monto <= 0
2026-08-05 21:00:07,165 | WARNING |  Transacción id 5070: Inversor inválido
2026-08-05 21:00:07,165 | WARNING |  Transacción id 5072: Monto <= 0
2026-08-05 21:00:07,166 | WARNING |  Transacción id 5079: Monto <= 0
2026-08-05 21:00:07,166 | WARNING |  Transacción id 5083: Inversor inválido
2026-08-05 21:00:07,166 | WARNING |  Transacción id 5086: Inversor inválido
2026-08-05 21:00:07,166 | WARNING |  Transacción id 5089: Inversor inválido
2026-08-05 21:00:07,166 | WARNING |  Transacción id 5090: Monto <= 0
2026-08-05 21:00:07,166 | WARNING |  Transacción id 5091: Monto <= 0
2026-08-05 21:00:07,166 | WARNING |  Transacción id 5093: Inversor inválido
2026-08-05 21:00:07,166 | WARNING |  Transacción id 5096: Inversor inválido
2026-08-05 21:00:07,167 | WARNING |  Transacción id 5099: Monto <= 0
2026-08-05 21:00:07,167 | WARNING |  Transacción id 5101: Inversor inválido
2026-08-05 21:00:07,167 | WARNING |  Transacción id 5106: Monto <= 0
2026-08-05 21:00:07,167 | WARNING |  Transacción id 5107: Monto <= 0
2026-08-05 21:00:07,167 | WARNING |  Transacción id 5110: Inversor inválido
2026-08-05 21:00:07,167 | WARNING |  Transacción id 5111: Inversor inválido
2026-08-05 21:00:07,167 | WARNING |  Transacción id 5112: Inversor inválido
2026-08-05 21:00:07,168 | WARNING |  Transacción id 5116: Inversor inválido
2026-08-05 21:00:07,168 | WARNING |  Transacción id 5117: Monto <= 0
2026-08-05 21:00:07,168 | WARNING |  Transacción id 5118: Inversor inválido
2026-08-05 21:00:07,168 | WARNING |  Transacción id 5122: Monto <= 0
2026-08-05 21:00:07,168 | WARNING |  Transacción id 5127: Inversor inválido
2026-08-05 21:00:07,168 | WARNING |  Transacción id 5130: Inversor inválido
2026-08-05 21:00:07,169 | WARNING |  Transacción id 5131: Monto <= 0
2026-08-05 21:00:07,169 | WARNING |  Transacción id 5132: Inversor inválido
2026-08-05 21:00:07,169 | WARNING |  Transacción id 5136: Inversor inválido
2026-08-05 21:00:07,169 | WARNING |  Transacción id 5137: Monto <= 0
2026-08-05 21:00:07,169 | WARNING |  Transacción id 5138: Monto <= 0
2026-08-05 21:00:07,169 | WARNING |  Transacción id 5142: Monto <= 0
2026-08-05 21:00:07,169 | WARNING |  Transacción id 5151: Monto <= 0
2026-08-05 21:00:07,169 | WARNING |  Transacción id 5155: Monto <= 0
2026-08-05 21:00:07,169 | WARNING |  Transacción id 5156: Monto <= 0
2026-08-05 21:00:07,170 | WARNING |  Transacción id 5159: Inversor inválido
2026-08-05 21:00:07,170 | WARNING |  Transacción id 5160: Inversor inválido
2026-08-05 21:00:07,170 | WARNING |  Transacción id 5169: Monto <= 0
2026-08-05 21:00:07,170 | WARNING |  Transacción id 5173: Monto <= 0
2026-08-05 21:00:07,170 | WARNING |  Transacción id 5175: Monto <= 0
2026-08-05 21:00:07,170 | WARNING |  Transacción id 5176: Inversor inválido
2026-08-05 21:00:07,170 | WARNING |  Transacción id 5180: Inversor inválido
2026-08-05 21:00:07,170 | WARNING |  Transacción id 5181: Monto <= 0
2026-08-05 21:00:07,170 | WARNING |  Transacción id 5190: Monto <= 0
2026-08-05 21:00:07,171 | WARNING |  Transacción id 5191: Monto <= 0
2026-08-05 21:00:07,171 | WARNING |  Transacción id 5201: Monto <= 0
2026-08-05 21:00:07,171 | WARNING |  Transacción id 5203: Monto <= 0
2026-08-05 21:00:07,171 | WARNING |  Transacción id 5205: Monto <= 0
2026-08-05 21:00:07,171 | WARNING |  Transacción id 5209: Monto <= 0
2026-08-05 21:00:07,171 | WARNING |  Transacción id 5211: Monto <= 0
2026-08-05 21:00:07,171 | WARNING |  Transacción id 5213: Monto <= 0
2026-08-05 21:00:07,171 | WARNING |  Transacción id 5214: Monto <= 0
2026-08-05 21:00:07,171 | WARNING |  Transacción id 5216: Monto <= 0
2026-08-05 21:00:07,172 | WARNING |  Transacción id 5217: Monto <= 0
2026-08-05 21:00:07,172 | WARNING |  Transacción id 5219: Inversor inválido
2026-08-05 21:00:07,172 | WARNING |  Transacción id 5226: Monto <= 0
2026-08-05 21:00:07,172 | WARNING |  Transacción id 5230: Monto <= 0
2026-08-05 21:00:07,172 | WARNING |  Transacción id 5243: Inversor inválido
2026-08-05 21:00:07,172 | WARNING |  Transacción id 5249: Monto <= 0
2026-08-05 21:00:07,172 | WARNING |  Transacción id 5251: Monto <= 0
2026-08-05 21:00:07,172 | WARNING |  Transacción id 5255: Monto <= 0
2026-08-05 21:00:07,172 | WARNING |  Transacción id 5257: Inversor inválido
2026-08-05 21:00:07,172 | WARNING |  Transacción id 5258: Monto <= 0
2026-08-05 21:00:07,173 | WARNING |  Transacción id 5261: Monto <= 0
2026-08-05 21:00:07,173 | WARNING |  Transacción id 5265: Monto <= 0
2026-08-05 21:00:07,173 | WARNING |  Transacción id 5267: Monto <= 0
2026-08-05 21:00:07,173 | WARNING |  Transacción id 5271: Inversor inválido
2026-08-05 21:00:07,173 | WARNING |  Transacción id 5277: Inversor inválido
2026-08-05 21:00:07,173 | WARNING |  Transacción id 5290: Inversor inválido
2026-08-05 21:00:07,173 | WARNING |  Transacción id 5298: Monto <= 0
2026-08-05 21:00:07,174 | WARNING |  Transacción id 5299: Monto <= 0
2026-08-05 21:00:07,174 | WARNING |  Transacción id 5300: Monto <= 0
2026-08-05 21:00:07,174 | WARNING |  Transacción id 5303: Inversor inválido
2026-08-05 21:00:07,174 | WARNING |  Transacción id 5307: Monto <= 0
2026-08-05 21:00:07,174 | WARNING |  Transacción id 5309: Monto <= 0
2026-08-05 21:00:07,174 | WARNING |  Transacción id 5310: Monto <= 0
2026-08-05 21:00:07,174 | WARNING |  Transacción id 5312: Monto <= 0
2026-08-05 21:00:07,175 | WARNING |  Transacción id 5316: Inversor inválido
2026-08-05 21:00:07,175 | WARNING |  Transacción id 5318: Inversor inválido
2026-08-05 21:00:07,175 | WARNING |  Transacción id 5321: Monto <= 0
2026-08-05 21:00:07,175 | WARNING |  Transacción id 5322: Monto <= 0
2026-08-05 21:00:07,175 | WARNING |  Transacción id 5325: Inversor inválido
2026-08-05 21:00:07,175 | WARNING |  Transacción id 5334: Monto <= 0
2026-08-05 21:00:07,175 | WARNING |  Transacción id 5340: Monto <= 0
2026-08-05 21:00:07,176 | WARNING |  Transacción id 5346: Monto <= 0
2026-08-05 21:00:07,176 | WARNING |  Transacción id 5347: Inversor inválido
2026-08-05 21:00:07,176 | WARNING |  Transacción id 5348: Monto <= 0
2026-08-05 21:00:07,176 | WARNING |  Transacción id 5349: Inversor inválido
2026-08-05 21:00:07,176 | WARNING |  Transacción id 5350: Inversor inválido
2026-08-05 21:00:07,176 | WARNING |  Transacción id 5356: Inversor inválido
2026-08-05 21:00:07,176 | WARNING |  Transacción id 5363: Monto <= 0
2026-08-05 21:00:07,176 | WARNING |  Transacción id 5364: Monto <= 0
2026-08-05 21:00:07,177 | WARNING |  Transacción id 5366: Inversor inválido
2026-08-05 21:00:07,177 | WARNING |  Transacción id 5368: Inversor inválido
2026-08-05 21:00:07,177 | WARNING |  Transacción id 5369: Monto <= 0
2026-08-05 21:00:07,177 | WARNING |  Transacción id 5381: Monto <= 0
2026-08-05 21:00:07,177 | WARNING |  Transacción id 5383: Monto <= 0
2026-08-05 21:00:07,177 | WARNING |  Transacción id 5384: Inversor inválido
2026-08-05 21:00:07,177 | WARNING |  Transacción id 5385: Inversor inválido
2026-08-05 21:00:07,177 | WARNING |  Transacción id 5387: Monto <= 0
2026-08-05 21:00:07,177 | WARNING |  Transacción id 5388: Monto <= 0
2026-08-05 21:00:07,177 | WARNING |  Transacción id 5391: Monto <= 0
2026-08-05 21:00:07,178 | WARNING |  Transacción id 5392: Monto <= 0
2026-08-05 21:00:07,178 | WARNING |  Transacción id 5397: Monto <= 0
2026-08-05 21:00:07,178 | WARNING |  Transacción id 5399: Monto <= 0
2026-08-05 21:00:07,178 | WARNING |  Transacción id 5403: Monto <= 0
2026-08-05 21:00:07,178 | WARNING |  Transacción id 5404: Monto <= 0
2026-08-05 21:00:07,178 | WARNING |  Transacción id 5405: Monto <= 0
2026-08-05 21:00:07,178 | WARNING |  Transacción id 5409: Monto <= 0
2026-08-05 21:00:07,179 | WARNING |  Transacción id 5410: Monto <= 0
2026-08-05 21:00:07,179 | WARNING |  Transacción id 5411: Inversor inválido
2026-08-05 21:00:07,179 | WARNING |  Transacción id 5418: Monto <= 0
2026-08-05 21:00:07,179 | WARNING |  Transacción id 5420: Inversor inválido
2026-08-05 21:00:07,179 | WARNING |  Transacción id 5421: Monto <= 0
2026-08-05 21:00:07,179 | WARNING |  Transacción id 5422: Inversor inválido
2026-08-05 21:00:07,179 | WARNING |  Transacción id 5424: Monto <= 0
2026-08-05 21:00:07,179 | WARNING |  Transacción id 5425: Monto <= 0
2026-08-05 21:00:07,180 | WARNING |  Transacción id 5432: Monto <= 0
2026-08-05 21:00:07,180 | WARNING |  Transacción id 5436: Inversor inválido
2026-08-05 21:00:07,180 | WARNING |  Transacción id 5437: Monto <= 0
2026-08-05 21:00:07,180 | WARNING |  Transacción id 5439: Monto <= 0
2026-08-05 21:00:07,180 | WARNING |  Transacción id 5440: Monto <= 0
2026-08-05 21:00:07,180 | WARNING |  Transacción id 5443: Monto <= 0
2026-08-05 21:00:07,180 | WARNING |  Transacción id 5448: Inversor inválido
2026-08-05 21:00:07,180 | WARNING |  Transacción id 5450: Monto <= 0
2026-08-05 21:00:07,180 | WARNING |  Transacción id 5453: Monto <= 0
2026-08-05 21:00:07,180 | WARNING |  Transacción id 5458: Monto <= 0
2026-08-05 21:00:07,181 | WARNING |  Transacción id 5459: Monto <= 0
2026-08-05 21:00:07,181 | WARNING |  Transacción id 5463: Monto <= 0
2026-08-05 21:00:07,181 | WARNING |  Transacción id 5468: Inversor inválido
2026-08-05 21:00:07,181 | WARNING |  Transacción id 5469: Inversor inválido
2026-08-05 21:00:07,181 | WARNING |  Transacción id 5470: Monto <= 0
2026-08-05 21:00:07,181 | WARNING |  Transacción id 5476: Monto <= 0
2026-08-05 21:00:07,181 | WARNING |  Transacción id 5477: Monto <= 0
2026-08-05 21:00:07,181 | WARNING |  Transacción id 5483: Monto <= 0
2026-08-05 21:00:07,181 | WARNING |  Transacción id 5487: Inversor inválido
2026-08-05 21:00:07,181 | WARNING |  Transacción id 5489: Monto <= 0
2026-08-05 21:00:07,182 | WARNING |  Transacción id 5491: Monto <= 0
2026-08-05 21:00:07,182 | WARNING |  Transacción id 5493: Inversor inválido
2026-08-05 21:00:07,182 | WARNING |  Transacción id 5498: Monto <= 0
2026-08-05 21:00:07,182 | WARNING |  Transacción id 5505: Monto <= 0
2026-08-05 21:00:07,182 | WARNING |  Transacción id 5509: Inversor inválido
2026-08-05 21:00:07,182 | WARNING |  Transacción id 5511: Monto <= 0
2026-08-05 21:00:07,182 | WARNING |  Transacción id 5514: Monto <= 0
2026-08-05 21:00:07,182 | WARNING |  Transacción id 5522: Monto <= 0
2026-08-05 21:00:07,182 | WARNING |  Transacción id 5524: Monto <= 0
2026-08-05 21:00:07,182 | WARNING |  Transacción id 5529: Monto <= 0
2026-08-05 21:00:07,182 | WARNING |  Transacción id 5531: Inversor inválido
2026-08-05 21:00:07,182 | WARNING |  Transacción id 5534: Monto <= 0
2026-08-05 21:00:07,183 | WARNING |  Transacción id 5539: Monto <= 0
2026-08-05 21:00:07,183 | WARNING |  Transacción id 5545: Inversor inválido
2026-08-05 21:00:07,183 | WARNING |  Transacción id 5546: Inversor inválido
2026-08-05 21:00:07,183 | WARNING |  Transacción id 5548: Monto <= 0
2026-08-05 21:00:07,183 | WARNING |  Transacción id 5551: Inversor inválido
2026-08-05 21:00:07,183 | WARNING |  Transacción id 5552: Monto <= 0
2026-08-05 21:00:07,183 | WARNING |  Transacción id 5558: Monto <= 0
2026-08-05 21:00:07,183 | WARNING |  Transacción id 5563: Inversor inválido
2026-08-05 21:00:07,183 | WARNING |  Transacción id 5564: Inversor inválido
2026-08-05 21:00:07,183 | WARNING |  Transacción id 5567: Inversor inválido
2026-08-05 21:00:07,184 | WARNING |  Transacción id 5569: Monto <= 0
2026-08-05 21:00:07,184 | WARNING |  Transacción id 5577: Monto <= 0
2026-08-05 21:00:07,184 | WARNING |  Transacción id 5578: Inversor inválido
2026-08-05 21:00:07,184 | WARNING |  Transacción id 5581: Monto <= 0
2026-08-05 21:00:07,184 | WARNING |  Transacción id 5586: Monto <= 0
2026-08-05 21:00:07,184 | WARNING |  Transacción id 5588: Monto <= 0
2026-08-05 21:00:07,184 | WARNING |  Transacción id 5590: Monto <= 0
2026-08-05 21:00:07,184 | WARNING |  Transacción id 5591: Monto <= 0
2026-08-05 21:00:07,184 | WARNING |  Transacción id 5592: Inversor inválido
2026-08-05 21:00:07,184 | WARNING |  Transacción id 5600: Monto <= 0
2026-08-05 21:00:07,184 | WARNING |  Transacción id 5603: Inversor inválido
2026-08-05 21:00:07,185 | WARNING |  Transacción id 5606: Monto <= 0
2026-08-05 21:00:07,185 | WARNING |  Transacción id 5610: Monto <= 0
2026-08-05 21:00:07,185 | WARNING |  Transacción id 5612: Inversor inválido
2026-08-05 21:00:07,185 | WARNING |  Transacción id 5625: Monto <= 0
2026-08-05 21:00:07,185 | WARNING |  Transacción id 5630: Monto <= 0
2026-08-05 21:00:07,185 | WARNING |  Transacción id 5633: Monto <= 0
2026-08-05 21:00:07,185 | WARNING |  Transacción id 5636: Monto <= 0
2026-08-05 21:00:07,185 | WARNING |  Transacción id 5637: Monto <= 0
2026-08-05 21:00:07,185 | WARNING |  Transacción id 5644: Inversor inválido
2026-08-05 21:00:07,186 | WARNING |  Transacción id 5646: Monto <= 0
2026-08-05 21:00:07,186 | WARNING |  Transacción id 5647: Monto <= 0
2026-08-05 21:00:07,186 | WARNING |  Transacción id 5648: Monto <= 0
2026-08-05 21:00:07,186 | WARNING |  Transacción id 5649: Inversor inválido
2026-08-05 21:00:07,186 | WARNING |  Transacción id 5652: Monto <= 0
2026-08-05 21:00:07,186 | WARNING |  Transacción id 5659: Monto <= 0
2026-08-05 21:00:07,186 | WARNING |  Transacción id 5662: Inversor inválido
2026-08-05 21:00:07,186 | WARNING |  Transacción id 5671: Monto <= 0
2026-08-05 21:00:07,186 | WARNING |  Transacción id 5672: Monto <= 0
2026-08-05 21:00:07,186 | WARNING |  Transacción id 5676: Monto <= 0
2026-08-05 21:00:07,186 | WARNING |  Transacción id 5680: Inversor inválido
2026-08-05 21:00:07,187 | WARNING |  Transacción id 5684: Inversor inválido
2026-08-05 21:00:07,187 | WARNING |  Transacción id 5685: Inversor inválido
2026-08-05 21:00:07,187 | WARNING |  Transacción id 5689: Monto <= 0
2026-08-05 21:00:07,187 | WARNING |  Transacción id 5691: Monto <= 0
2026-08-05 21:00:07,187 | WARNING |  Transacción id 5694: Inversor inválido
2026-08-05 21:00:07,187 | WARNING |  Transacción id 5697: Inversor inválido
2026-08-05 21:00:07,187 | WARNING |  Transacción id 5698: Monto <= 0
2026-08-05 21:00:07,187 | WARNING |  Transacción id 5700: Monto <= 0
2026-08-05 21:00:07,187 | WARNING |  Transacción id 5702: Inversor inválido
2026-08-05 21:00:07,187 | WARNING |  Transacción id 5703: Monto <= 0
2026-08-05 21:00:07,188 | WARNING |  Transacción id 5709: Monto <= 0
2026-08-05 21:00:07,188 | WARNING |  Transacción id 5711: Monto <= 0
2026-08-05 21:00:07,188 | WARNING |  Transacción id 5713: Inversor inválido
2026-08-05 21:00:07,188 | WARNING |  Transacción id 5714: Monto <= 0
2026-08-05 21:00:07,188 | WARNING |  Transacción id 5716: Monto <= 0
2026-08-05 21:00:07,188 | WARNING |  Transacción id 5729: Monto <= 0
2026-08-05 21:00:07,188 | WARNING |  Transacción id 5731: Monto <= 0
2026-08-05 21:00:07,188 | WARNING |  Transacción id 5732: Monto <= 0
2026-08-05 21:00:07,188 | WARNING |  Transacción id 5735: Monto <= 0
2026-08-05 21:00:07,188 | WARNING |  Transacción id 5737: Monto <= 0
2026-08-05 21:00:07,189 | WARNING |  Transacción id 5739: Monto <= 0
2026-08-05 21:00:07,189 | WARNING |  Transacción id 5740: Inversor inválido
2026-08-05 21:00:07,189 | WARNING |  Transacción id 5742: Monto <= 0
2026-08-05 21:00:07,189 | WARNING |  Transacción id 5744: Monto <= 0
2026-08-05 21:00:07,189 | WARNING |  Transacción id 5748: Monto <= 0
2026-08-05 21:00:07,189 | WARNING |  Transacción id 5754: Inversor inválido
2026-08-05 21:00:07,189 | WARNING |  Transacción id 5757: Monto <= 0
2026-08-05 21:00:07,189 | WARNING |  Transacción id 5761: Monto <= 0
2026-08-05 21:00:07,189 | WARNING |  Transacción id 5763: Monto <= 0
2026-08-05 21:00:07,189 | WARNING |  Transacción id 5764: Inversor inválido
2026-08-05 21:00:07,190 | WARNING |  Transacción id 5766: Inversor inválido
2026-08-05 21:00:07,190 | WARNING |  Transacción id 5770: Monto <= 0
2026-08-05 21:00:07,190 | WARNING |  Transacción id 5774: Monto <= 0
2026-08-05 21:00:07,190 | WARNING |  Transacción id 5780: Monto <= 0
2026-08-05 21:00:07,190 | WARNING |  Transacción id 5782: Inversor inválido
2026-08-05 21:00:07,190 | WARNING |  Transacción id 5783: Monto <= 0
2026-08-05 21:00:07,190 | WARNING |  Transacción id 5793: Inversor inválido
2026-08-05 21:00:07,190 | WARNING |  Transacción id 5794: Monto <= 0
2026-08-05 21:00:07,191 | WARNING |  Transacción id 5795: Inversor inválido
2026-08-05 21:00:07,191 | WARNING |  Transacción id 5799: Inversor inválido
2026-08-05 21:00:07,191 | WARNING |  Transacción id 5800: Inversor inválido
2026-08-05 21:00:07,191 | WARNING |  Transacción id 5807: Monto <= 0
2026-08-05 21:00:07,191 | WARNING |  Transacción id 5808: Monto <= 0
2026-08-05 21:00:07,191 | WARNING |  Transacción id 5810: Monto <= 0
2026-08-05 21:00:07,191 | WARNING |  Transacción id 5814: Monto <= 0
2026-08-05 21:00:07,191 | WARNING |  Transacción id 5818: Monto <= 0
2026-08-05 21:00:07,191 | WARNING |  Transacción id 5823: Inversor inválido
2026-08-05 21:00:07,191 | WARNING |  Transacción id 5831: Inversor inválido
2026-08-05 21:00:07,191 | WARNING |  Transacción id 5832: Monto <= 0
2026-08-05 21:00:07,192 | WARNING |  Transacción id 5834: Monto <= 0
2026-08-05 21:00:07,192 | WARNING |  Transacción id 5836: Monto <= 0
2026-08-05 21:00:07,192 | WARNING |  Transacción id 5838: Monto <= 0
2026-08-05 21:00:07,192 | WARNING |  Transacción id 5843: Monto <= 0
2026-08-05 21:00:07,192 | WARNING |  Transacción id 5845: Inversor inválido
2026-08-05 21:00:07,192 | WARNING |  Transacción id 5847: Monto <= 0
2026-08-05 21:00:07,192 | WARNING |  Transacción id 5850: Monto <= 0
2026-08-05 21:00:07,192 | WARNING |  Transacción id 5851: Monto <= 0
2026-08-05 21:00:07,192 | WARNING |  Transacción id 5859: Inversor inválido
2026-08-05 21:00:07,192 | WARNING |  Transacción id 5860: Inversor inválido
2026-08-05 21:00:07,192 | WARNING |  Transacción id 5862: Monto <= 0
2026-08-05 21:00:07,192 | WARNING |  Transacción id 5864: Monto <= 0
2026-08-05 21:00:07,193 | WARNING |  Transacción id 5867: Monto <= 0
2026-08-05 21:00:07,193 | WARNING |  Transacción id 5868: Inversor inválido
2026-08-05 21:00:07,193 | WARNING |  Transacción id 5871: Inversor inválido
2026-08-05 21:00:07,193 | WARNING |  Transacción id 5873: Monto <= 0
2026-08-05 21:00:07,193 | WARNING |  Transacción id 5879: Monto <= 0
2026-08-05 21:00:07,193 | WARNING |  Transacción id 5881: Monto <= 0
2026-08-05 21:00:07,193 | WARNING |  Transacción id 5883: Inversor inválido
2026-08-05 21:00:07,193 | WARNING |  Transacción id 5884: Inversor inválido
2026-08-05 21:00:07,193 | WARNING |  Transacción id 5885: Monto <= 0
2026-08-05 21:00:07,193 | WARNING |  Transacción id 5887: Monto <= 0
2026-08-05 21:00:07,194 | WARNING |  Transacción id 5892: Monto <= 0
2026-08-05 21:00:07,194 | WARNING |  Transacción id 5893: Monto <= 0
2026-08-05 21:00:07,194 | WARNING |  Transacción id 5897: Monto <= 0
2026-08-05 21:00:07,194 | WARNING |  Transacción id 5899: Monto <= 0
2026-08-05 21:00:07,194 | WARNING |  Transacción id 5900: Monto <= 0
2026-08-05 21:00:07,194 | WARNING |  Transacción id 5905: Monto <= 0
2026-08-05 21:00:07,194 | WARNING |  Transacción id 5906: Monto <= 0
2026-08-05 21:00:07,194 | WARNING |  Transacción id 5913: Monto <= 0
2026-08-05 21:00:07,194 | WARNING |  Transacción id 5917: Inversor inválido
2026-08-05 21:00:07,195 | WARNING |  Transacción id 5918: Monto <= 0
2026-08-05 21:00:07,195 | WARNING |  Transacción id 5924: Monto <= 0
2026-08-05 21:00:07,195 | WARNING |  Transacción id 5925: Inversor inválido
2026-08-05 21:00:07,195 | WARNING |  Transacción id 5926: Monto <= 0
2026-08-05 21:00:07,195 | WARNING |  Transacción id 5932: Monto <= 0
2026-08-05 21:00:07,195 | WARNING |  Transacción id 5933: Inversor inválido
2026-08-05 21:00:07,195 | WARNING |  Transacción id 5934: Monto <= 0
2026-08-05 21:00:07,195 | WARNING |  Transacción id 5936: Monto <= 0
2026-08-05 21:00:07,196 | WARNING |  Transacción id 5937: Monto <= 0
2026-08-05 21:00:07,196 | WARNING |  Transacción id 5947: Monto <= 0
2026-08-05 21:00:07,196 | WARNING |  Transacción id 5952: Monto <= 0
2026-08-05 21:00:07,196 | WARNING |  Transacción id 5958: Monto <= 0
2026-08-05 21:00:07,196 | WARNING |  Transacción id 5965: Monto <= 0
2026-08-05 21:00:07,196 | WARNING |  Transacción id 5967: Inversor inválido
2026-08-05 21:00:07,196 | WARNING |  Transacción id 5968: Monto <= 0
2026-08-05 21:00:07,196 | WARNING |  Transacción id 5971: Monto <= 0
2026-08-05 21:00:07,197 | WARNING |  Transacción id 5975: Monto <= 0
2026-08-05 21:00:07,197 | WARNING |  Transacción id 5976: Monto <= 0
2026-08-05 21:00:07,197 | WARNING |  Transacción id 5977: Inversor inválido
2026-08-05 21:00:07,197 | WARNING |  Transacción id 5979: Monto <= 0
2026-08-05 21:00:07,197 | WARNING |  Transacción id 5980: Inversor inválido
2026-08-05 21:00:07,197 | WARNING |  Transacción id 5981: Inversor inválido
2026-08-05 21:00:07,197 | WARNING |  Transacción id 5982: Monto <= 0
2026-08-05 21:00:07,197 | WARNING |  Transacción id 5985: Inversor inválido
2026-08-05 21:00:07,197 | WARNING |  Transacción id 5986: Monto <= 0
2026-08-05 21:00:07,197 | WARNING |  Transacción id 5988: Monto <= 0
2026-08-05 21:00:07,198 | WARNING |  Transacción id 5992: Inversor inválido
2026-08-05 21:00:07,198 | WARNING |  Transacción id 5993: Monto <= 0
2026-08-05 21:00:07,198 | WARNING |  Transacción id 5995: Monto <= 0
2026-08-05 21:00:07,198 | WARNING |  Transacción id 5996: Monto <= 0
2026-08-05 21:00:07,198 | WARNING |  Transacción id 6002: Monto <= 0
2026-08-05 21:00:07,198 | WARNING |  Transacción id 6009: Monto <= 0
2026-08-05 21:00:07,198 | WARNING |  Transacción id 6010: Inversor inválido
2026-08-05 21:00:07,198 | WARNING |  Transacción id 6015: Monto <= 0
2026-08-05 21:00:07,198 | WARNING |  Transacción id 6018: Inversor inválido
2026-08-05 21:00:07,198 | WARNING |  Transacción id 6019: Monto <= 0
2026-08-05 21:00:07,198 | WARNING |  Transacción id 6025: Monto <= 0
2026-08-05 21:00:07,199 | WARNING |  Transacción id 6028: Monto <= 0
2026-08-05 21:00:07,199 | WARNING |  Transacción id 6029: Inversor inválido
2026-08-05 21:00:07,199 | WARNING |  Transacción id 6030: Inversor inválido
2026-08-05 21:00:07,199 | WARNING |  Transacción id 6031: Monto <= 0
2026-08-05 21:00:07,199 | WARNING |  Transacción id 6032: Monto <= 0
2026-08-05 21:00:07,199 | WARNING |  Transacción id 6034: Monto <= 0
2026-08-05 21:00:07,199 | WARNING |  Transacción id 6038: Inversor inválido
2026-08-05 21:00:07,199 | WARNING |  Transacción id 6039: Inversor inválido
2026-08-05 21:00:07,199 | WARNING |  Transacción id 6047: Monto <= 0
2026-08-05 21:00:07,199 | WARNING |  Transacción id 6050: Monto <= 0
2026-08-05 21:00:07,200 | WARNING |  Transacción id 6051: Monto <= 0
2026-08-05 21:00:07,200 | WARNING |  Transacción id 6057: Monto <= 0
2026-08-05 21:00:07,200 | WARNING |  Transacción id 6060: Monto <= 0
2026-08-05 21:00:07,200 | WARNING |  Transacción id 6061: Inversor inválido
2026-08-05 21:00:07,200 | WARNING |  Transacción id 6062: Inversor inválido
2026-08-05 21:00:07,200 | WARNING |  Transacción id 6065: Monto <= 0
2026-08-05 21:00:07,200 | WARNING |  Transacción id 6067: Inversor inválido
2026-08-05 21:00:07,200 | WARNING |  Transacción id 6070: Monto <= 0
2026-08-05 21:00:07,200 | WARNING |  Transacción id 6072: Inversor inválido
2026-08-05 21:00:07,200 | WARNING |  Transacción id 6077: Monto <= 0
2026-08-05 21:00:07,201 | WARNING |  Transacción id 6079: Monto <= 0
2026-08-05 21:00:07,201 | WARNING |  Transacción id 6080: Inversor inválido
2026-08-05 21:00:07,201 | WARNING |  Transacción id 6086: Monto <= 0
2026-08-05 21:00:07,201 | WARNING |  Transacción id 6093: Monto <= 0
2026-08-05 21:00:07,201 | WARNING |  Transacción id 6100: Monto <= 0
2026-08-05 21:00:07,201 | WARNING |  Transacción id 6104: Inversor inválido
2026-08-05 21:00:07,201 | WARNING |  Transacción id 6105: Inversor inválido
2026-08-05 21:00:07,201 | WARNING |  Transacción id 6108: Monto <= 0
2026-08-05 21:00:07,201 | WARNING |  Transacción id 6113: Inversor inválido
2026-08-05 21:00:07,201 | WARNING |  Transacción id 6119: Inversor inválido
2026-08-05 21:00:07,202 | WARNING |  Transacción id 6124: Inversor inválido
2026-08-05 21:00:07,202 | WARNING |  Transacción id 6125: Inversor inválido
2026-08-05 21:00:07,202 | WARNING |  Transacción id 6129: Inversor inválido
2026-08-05 21:00:07,202 | WARNING |  Transacción id 6131: Monto <= 0
2026-08-05 21:00:07,202 | WARNING |  Transacción id 6140: Monto <= 0
2026-08-05 21:00:07,202 | WARNING |  Transacción id 6142: Monto <= 0
2026-08-05 21:00:07,202 | WARNING |  Transacción id 6145: Inversor inválido
2026-08-05 21:00:07,202 | WARNING |  Transacción id 6147: Monto <= 0
2026-08-05 21:00:07,202 | WARNING |  Transacción id 6159: Monto <= 0
2026-08-05 21:00:07,202 | WARNING |  Transacción id 6163: Monto <= 0
2026-08-05 21:00:07,203 | WARNING |  Transacción id 6164: Monto <= 0
2026-08-05 21:00:07,203 | WARNING |  Transacción id 6170: Inversor inválido
2026-08-05 21:00:07,203 | WARNING |  Transacción id 6174: Inversor inválido
2026-08-05 21:00:07,203 | WARNING |  Transacción id 6181: Monto <= 0
2026-08-05 21:00:07,203 | WARNING |  Transacción id 6182: Monto <= 0
2026-08-05 21:00:07,203 | WARNING |  Transacción id 6183: Monto <= 0
2026-08-05 21:00:07,203 | WARNING |  Transacción id 6184: Monto <= 0
2026-08-05 21:00:07,203 | WARNING |  Transacción id 6185: Monto <= 0
2026-08-05 21:00:07,203 | WARNING |  Transacción id 6189: Monto <= 0
2026-08-05 21:00:07,203 | WARNING |  Transacción id 6196: Monto <= 0
2026-08-05 21:00:07,204 | WARNING |  Transacción id 6200: Inversor inválido
2026-08-05 21:00:07,204 | WARNING |  Transacción id 6201: Monto <= 0
2026-08-05 21:00:07,204 | WARNING |  Transacción id 6203: Monto <= 0
2026-08-05 21:00:07,204 | WARNING |  Transacción id 6206: Monto <= 0
2026-08-05 21:00:07,204 | WARNING |  Transacción id 6210: Inversor inválido
2026-08-05 21:00:07,204 | WARNING |  Transacción id 6212: Monto <= 0
2026-08-05 21:00:07,204 | WARNING |  Transacción id 6213: Monto <= 0
2026-08-05 21:00:07,204 | WARNING |  Transacción id 6215: Monto <= 0
2026-08-05 21:00:07,204 | WARNING |  Transacción id 6218: Monto <= 0
2026-08-05 21:00:07,204 | WARNING |  Transacción id 6225: Monto <= 0
2026-08-05 21:00:07,205 | WARNING |  Transacción id 6226: Monto <= 0
2026-08-05 21:00:07,205 | WARNING |  Transacción id 6227: Monto <= 0
2026-08-05 21:00:07,205 | WARNING |  Transacción id 6237: Inversor inválido
2026-08-05 21:00:07,205 | WARNING |  Transacción id 6238: Inversor inválido
2026-08-05 21:00:07,205 | WARNING |  Transacción id 6239: Inversor inválido
2026-08-05 21:00:07,205 | WARNING |  Transacción id 6242: Monto <= 0
2026-08-05 21:00:07,205 | WARNING |  Transacción id 6245: Inversor inválido
2026-08-05 21:00:07,205 | WARNING |  Transacción id 6246: Inversor inválido
2026-08-05 21:00:07,206 | WARNING |  Transacción id 6251: Inversor inválido
2026-08-05 21:00:07,206 | WARNING |  Transacción id 6252: Monto <= 0
2026-08-05 21:00:07,206 | WARNING |  Transacción id 6253: Monto <= 0
2026-08-05 21:00:07,206 | WARNING |  Transacción id 6254: Monto <= 0
2026-08-05 21:00:07,206 | WARNING |  Transacción id 6256: Monto <= 0
2026-08-05 21:00:07,206 | WARNING |  Transacción id 6263: Inversor inválido
2026-08-05 21:00:07,206 | WARNING |  Transacción id 6267: Monto <= 0
2026-08-05 21:00:07,206 | WARNING |  Transacción id 6268: Monto <= 0
2026-08-05 21:00:07,206 | WARNING |  Transacción id 6269: Monto <= 0
2026-08-05 21:00:07,206 | WARNING |  Transacción id 6270: Monto <= 0
2026-08-05 21:00:07,206 | WARNING |  Transacción id 6272: Inversor inválido
2026-08-05 21:00:07,207 | WARNING |  Transacción id 6276: Inversor inválido
2026-08-05 21:00:07,207 | WARNING |  Transacción id 6280: Monto <= 0
2026-08-05 21:00:07,207 | WARNING |  Transacción id 6284: Monto <= 0
2026-08-05 21:00:07,207 | WARNING |  Transacción id 6287: Inversor inválido
2026-08-05 21:00:07,207 | WARNING |  Transacción id 6289: Monto <= 0
2026-08-05 21:00:07,207 | WARNING |  Transacción id 6293: Inversor inválido
2026-08-05 21:00:07,207 | WARNING |  Transacción id 6299: Inversor inválido
2026-08-05 21:00:07,207 | WARNING |  Transacción id 6302: Monto <= 0
2026-08-05 21:00:07,207 | WARNING |  Transacción id 6304: Monto <= 0
2026-08-05 21:00:07,207 | WARNING |  Transacción id 6305: Inversor inválido
2026-08-05 21:00:07,208 | WARNING |  Transacción id 6308: Monto <= 0
2026-08-05 21:00:07,208 | WARNING |  Transacción id 6311: Monto <= 0
2026-08-05 21:00:07,208 | WARNING |  Transacción id 6316: Monto <= 0
2026-08-05 21:00:07,208 | WARNING |  Transacción id 6320: Monto <= 0
2026-08-05 21:00:07,208 | WARNING |  Transacción id 6326: Monto <= 0
2026-08-05 21:00:07,208 | WARNING |  Transacción id 6327: Monto <= 0
2026-08-05 21:00:07,208 | WARNING |  Transacción id 6336: Inversor inválido
2026-08-05 21:00:07,208 | WARNING |  Transacción id 6339: Monto <= 0
2026-08-05 21:00:07,208 | WARNING |  Transacción id 6353: Monto <= 0
2026-08-05 21:00:07,208 | WARNING |  Transacción id 6357: Monto <= 0
2026-08-05 21:00:07,208 | WARNING |  Transacción id 6359: Monto <= 0
2026-08-05 21:00:07,209 | WARNING |  Transacción id 6364: Inversor inválido
2026-08-05 21:00:07,209 | WARNING |  Transacción id 6366: Monto <= 0
2026-08-05 21:00:07,209 | WARNING |  Transacción id 6374: Inversor inválido
2026-08-05 21:00:07,209 | WARNING |  Transacción id 6375: Inversor inválido
2026-08-05 21:00:07,209 | WARNING |  Transacción id 6376: Monto <= 0
2026-08-05 21:00:07,209 | WARNING |  Transacción id 6377: Monto <= 0
2026-08-05 21:00:07,209 | WARNING |  Transacción id 6378: Monto <= 0
2026-08-05 21:00:07,209 | WARNING |  Transacción id 6389: Monto <= 0
2026-08-05 21:00:07,209 | WARNING |  Transacción id 6390: Inversor inválido
2026-08-05 21:00:07,210 | WARNING |  Transacción id 6392: Monto <= 0
2026-08-05 21:00:07,210 | WARNING |  Transacción id 6401: Monto <= 0
2026-08-05 21:00:07,210 | WARNING |  Transacción id 6403: Inversor inválido
2026-08-05 21:00:07,210 | WARNING |  Transacción id 6410: Monto <= 0
2026-08-05 21:00:07,210 | WARNING |  Transacción id 6411: Monto <= 0
2026-08-05 21:00:07,210 | WARNING |  Transacción id 6413: Inversor inválido
2026-08-05 21:00:07,210 | WARNING |  Transacción id 6417: Monto <= 0
2026-08-05 21:00:07,210 | WARNING |  Transacción id 6419: Monto <= 0
2026-08-05 21:00:07,210 | WARNING |  Transacción id 6420: Inversor inválido
2026-08-05 21:00:07,210 | WARNING |  Transacción id 6424: Inversor inválido
2026-08-05 21:00:07,211 | WARNING |  Transacción id 6425: Monto <= 0
2026-08-05 21:00:07,211 | WARNING |  Transacción id 6428: Inversor inválido
2026-08-05 21:00:07,211 | WARNING |  Transacción id 6432: Monto <= 0
2026-08-05 21:00:07,211 | WARNING |  Transacción id 6433: Inversor inválido
2026-08-05 21:00:07,211 | WARNING |  Transacción id 6437: Monto <= 0
2026-08-05 21:00:07,211 | WARNING |  Transacción id 6439: Monto <= 0
2026-08-05 21:00:07,211 | WARNING |  Transacción id 6444: Inversor inválido
2026-08-05 21:00:07,211 | WARNING |  Transacción id 6447: Monto <= 0
2026-08-05 21:00:07,211 | WARNING |  Transacción id 6450: Inversor inválido
2026-08-05 21:00:07,211 | WARNING |  Transacción id 6452: Monto <= 0
2026-08-05 21:00:07,212 | WARNING |  Transacción id 6459: Inversor inválido
2026-08-05 21:00:07,212 | WARNING |  Transacción id 6461: Monto <= 0
2026-08-05 21:00:07,212 | WARNING |  Transacción id 6463: Inversor inválido
2026-08-05 21:00:07,212 | WARNING |  Transacción id 6465: Monto <= 0
2026-08-05 21:00:07,212 | WARNING |  Transacción id 6466: Monto <= 0
2026-08-05 21:00:07,212 | WARNING |  Transacción id 6471: Inversor inválido
2026-08-05 21:00:07,212 | WARNING |  Transacción id 6473: Inversor inválido
2026-08-05 21:00:07,212 | WARNING |  Transacción id 6474: Inversor inválido
2026-08-05 21:00:07,212 | WARNING |  Transacción id 6478: Monto <= 0
2026-08-05 21:00:07,213 | WARNING |  Transacción id 6480: Inversor inválido
2026-08-05 21:00:07,213 | WARNING |  Transacción id 6483: Inversor inválido
2026-08-05 21:00:07,213 | WARNING |  Transacción id 6486: Monto <= 0
2026-08-05 21:00:07,213 | WARNING |  Transacción id 6489: Monto <= 0
2026-08-05 21:00:07,213 | WARNING |  Transacción id 6491: Inversor inválido
2026-08-05 21:00:07,213 | WARNING |  Transacción id 6492: Inversor inválido
2026-08-05 21:00:07,213 | WARNING |  Transacción id 6493: Monto <= 0
2026-08-05 21:00:07,213 | WARNING |  Transacción id 6494: Monto <= 0
2026-08-05 21:00:07,213 | WARNING |  Transacción id 6501: Monto <= 0
2026-08-05 21:00:07,213 | WARNING |  Transacción id 6514: Monto <= 0
2026-08-05 21:00:07,213 | WARNING |  Transacción id 6515: Monto <= 0
2026-08-05 21:00:07,214 | WARNING |  Transacción id 6517: Monto <= 0
2026-08-05 21:00:07,214 | WARNING |  Transacción id 6519: Monto <= 0
2026-08-05 21:00:07,214 | WARNING |  Transacción id 6521: Inversor inválido
2026-08-05 21:00:07,214 | WARNING |  Transacción id 6522: Inversor inválido
2026-08-05 21:00:07,214 | WARNING |  Transacción id 6527: Inversor inválido
2026-08-05 21:00:07,214 | WARNING |  Transacción id 6530: Monto <= 0
2026-08-05 21:00:07,214 | WARNING |  Transacción id 6531: Inversor inválido
2026-08-05 21:00:07,214 | WARNING |  Transacción id 6533: Monto <= 0
2026-08-05 21:00:07,214 | WARNING |  Transacción id 6537: Inversor inválido
2026-08-05 21:00:07,214 | WARNING |  Transacción id 6539: Monto <= 0
2026-08-05 21:00:07,215 | WARNING |  Transacción id 6540: Monto <= 0
2026-08-05 21:00:07,215 | WARNING |  Transacción id 6544: Monto <= 0
2026-08-05 21:00:07,215 | WARNING |  Transacción id 6550: Monto <= 0
2026-08-05 21:00:07,215 | WARNING |  Transacción id 6552: Inversor inválido
2026-08-05 21:00:07,215 | WARNING |  Transacción id 6553: Monto <= 0
2026-08-05 21:00:07,215 | WARNING |  Transacción id 6556: Monto <= 0
2026-08-05 21:00:07,215 | WARNING |  Transacción id 6557: Monto <= 0
2026-08-05 21:00:07,215 | WARNING |  Transacción id 6559: Monto <= 0
2026-08-05 21:00:07,215 | WARNING |  Transacción id 6560: Monto <= 0
2026-08-05 21:00:07,215 | WARNING |  Transacción id 6561: Monto <= 0
2026-08-05 21:00:07,215 | WARNING |  Transacción id 6564: Monto <= 0
2026-08-05 21:00:07,216 | WARNING |  Transacción id 6566: Inversor inválido
2026-08-05 21:00:07,216 | WARNING |  Transacción id 6567: Inversor inválido
2026-08-05 21:00:07,216 | WARNING |  Transacción id 6568: Inversor inválido
2026-08-05 21:00:07,216 | WARNING |  Transacción id 6570: Monto <= 0
2026-08-05 21:00:07,216 | WARNING |  Transacción id 6575: Monto <= 0
2026-08-05 21:00:07,216 | WARNING |  Transacción id 6576: Monto <= 0
2026-08-05 21:00:07,216 | WARNING |  Transacción id 6584: Inversor inválido
2026-08-05 21:00:07,216 | WARNING |  Transacción id 6592: Inversor inválido
2026-08-05 21:00:07,216 | WARNING |  Transacción id 6604: Monto <= 0
2026-08-05 21:00:07,216 | WARNING |  Transacción id 6606: Monto <= 0
2026-08-05 21:00:07,216 | WARNING |  Transacción id 6613: Monto <= 0
2026-08-05 21:00:07,216 | WARNING |  Transacción id 6615: Monto <= 0
2026-08-05 21:00:07,217 | WARNING |  Transacción id 6618: Monto <= 0
2026-08-05 21:00:07,217 | WARNING |  Transacción id 6623: Monto <= 0
2026-08-05 21:00:07,217 | WARNING |  Transacción id 6624: Monto <= 0
2026-08-05 21:00:07,217 | WARNING |  Transacción id 6628: Monto <= 0
2026-08-05 21:00:07,217 | WARNING |  Transacción id 6629: Monto <= 0
2026-08-05 21:00:07,217 | WARNING |  Transacción id 6630: Inversor inválido
2026-08-05 21:00:07,217 | WARNING |  Transacción id 6636: Monto <= 0
2026-08-05 21:00:07,217 | WARNING |  Transacción id 6637: Monto <= 0
2026-08-05 21:00:07,217 | WARNING |  Transacción id 6638: Monto <= 0
2026-08-05 21:00:07,217 | WARNING |  Transacción id 6643: Inversor inválido
2026-08-05 21:00:07,217 | WARNING |  Transacción id 6644: Monto <= 0
2026-08-05 21:00:07,217 | WARNING |  Transacción id 6645: Monto <= 0
2026-08-05 21:00:07,217 | WARNING |  Transacción id 6653: Inversor inválido
2026-08-05 21:00:07,217 | WARNING |  Transacción id 6654: Monto <= 0
2026-08-05 21:00:07,218 | WARNING |  Transacción id 6661: Inversor inválido
2026-08-05 21:00:07,218 | WARNING |  Transacción id 6663: Monto <= 0
2026-08-05 21:00:07,218 | WARNING |  Transacción id 6667: Monto <= 0
2026-08-05 21:00:07,218 | WARNING |  Transacción id 6672: Monto <= 0
2026-08-05 21:00:07,218 | WARNING |  Transacción id 6676: Monto <= 0
2026-08-05 21:00:07,218 | WARNING |  Transacción id 6679: Monto <= 0
2026-08-05 21:00:07,218 | WARNING |  Transacción id 6680: Monto <= 0
2026-08-05 21:00:07,218 | WARNING |  Transacción id 6681: Monto <= 0
2026-08-05 21:00:07,218 | WARNING |  Transacción id 6682: Monto <= 0
2026-08-05 21:00:07,218 | WARNING |  Transacción id 6684: Monto <= 0
2026-08-05 21:00:07,218 | WARNING |  Transacción id 6689: Monto <= 0
2026-08-05 21:00:07,218 | WARNING |  Transacción id 6691: Monto <= 0
2026-08-05 21:00:07,218 | WARNING |  Transacción id 6692: Monto <= 0
2026-08-05 21:00:07,219 | WARNING |  Transacción id 6693: Monto <= 0
2026-08-05 21:00:07,219 | WARNING |  Transacción id 6700: Monto <= 0
2026-08-05 21:00:07,219 | WARNING |  Transacción id 6702: Monto <= 0
2026-08-05 21:00:07,219 | WARNING |  Transacción id 6707: Monto <= 0
2026-08-05 21:00:07,219 | WARNING |  Transacción id 6710: Inversor inválido
2026-08-05 21:00:07,219 | WARNING |  Transacción id 6722: Monto <= 0
2026-08-05 21:00:07,219 | WARNING |  Transacción id 6725: Monto <= 0
2026-08-05 21:00:07,219 | WARNING |  Transacción id 6726: Monto <= 0
2026-08-05 21:00:07,219 | WARNING |  Transacción id 6728: Monto <= 0
2026-08-05 21:00:07,219 | WARNING |  Transacción id 6732: Monto <= 0
2026-08-05 21:00:07,220 | WARNING |  Transacción id 6734: Inversor inválido
2026-08-05 21:00:07,220 | WARNING |  Transacción id 6737: Inversor inválido
2026-08-05 21:00:07,220 | WARNING |  Transacción id 6738: Inversor inválido
2026-08-05 21:00:07,220 | WARNING |  Transacción id 6739: Monto <= 0
2026-08-05 21:00:07,220 | WARNING |  Transacción id 6743: Monto <= 0
2026-08-05 21:00:07,220 | WARNING |  Transacción id 6744: Monto <= 0
2026-08-05 21:00:07,220 | WARNING |  Transacción id 6747: Monto <= 0
2026-08-05 21:00:07,220 | WARNING |  Transacción id 6751: Monto <= 0
2026-08-05 21:00:07,220 | WARNING |  Transacción id 6754: Monto <= 0
2026-08-05 21:00:07,220 | WARNING |  Transacción id 6762: Monto <= 0
2026-08-05 21:00:07,220 | WARNING |  Transacción id 6764: Monto <= 0
2026-08-05 21:00:07,221 | WARNING |  Transacción id 6769: Monto <= 0
2026-08-05 21:00:07,221 | WARNING |  Transacción id 6771: Monto <= 0
2026-08-05 21:00:07,221 | WARNING |  Transacción id 6772: Inversor inválido
2026-08-05 21:00:07,221 | WARNING |  Transacción id 6774: Inversor inválido
2026-08-05 21:00:07,221 | WARNING |  Transacción id 6777: Monto <= 0
2026-08-05 21:00:07,221 | WARNING |  Transacción id 6779: Monto <= 0
2026-08-05 21:00:07,221 | WARNING |  Transacción id 6783: Monto <= 0
2026-08-05 21:00:07,221 | WARNING |  Transacción id 6792: Inversor inválido
2026-08-05 21:00:07,221 | WARNING |  Transacción id 6795: Monto <= 0
2026-08-05 21:00:07,221 | WARNING |  Transacción id 6797: Inversor inválido
2026-08-05 21:00:07,221 | WARNING |  Transacción id 6800: Inversor inválido
2026-08-05 21:00:07,221 | WARNING |  Transacción id 6801: Monto <= 0
2026-08-05 21:00:07,221 | WARNING |  Transacción id 6805: Inversor inválido
2026-08-05 21:00:07,222 | WARNING |  Transacción id 6814: Inversor inválido
2026-08-05 21:00:07,222 | WARNING |  Transacción id 6827: Monto <= 0
2026-08-05 21:00:07,222 | WARNING |  Transacción id 6829: Monto <= 0
2026-08-05 21:00:07,222 | WARNING |  Transacción id 6830: Monto <= 0
2026-08-05 21:00:07,222 | WARNING |  Transacción id 6831: Inversor inválido
2026-08-05 21:00:07,222 | WARNING |  Transacción id 6835: Monto <= 0
2026-08-05 21:00:07,222 | WARNING |  Transacción id 6842: Inversor inválido
2026-08-05 21:00:07,222 | WARNING |  Transacción id 6844: Monto <= 0
2026-08-05 21:00:07,222 | WARNING |  Transacción id 6846: Inversor inválido
2026-08-05 21:00:07,222 | WARNING |  Transacción id 6847: Monto <= 0
2026-08-05 21:00:07,222 | WARNING |  Transacción id 6849: Inversor inválido
2026-08-05 21:00:07,222 | WARNING |  Transacción id 6858: Monto <= 0
2026-08-05 21:00:07,222 | WARNING |  Transacción id 6865: Monto <= 0
2026-08-05 21:00:07,223 | WARNING |  Transacción id 6866: Inversor inválido
2026-08-05 21:00:07,223 | WARNING |  Transacción id 6867: Monto <= 0
2026-08-05 21:00:07,223 | WARNING |  Transacción id 6868: Monto <= 0
2026-08-05 21:00:07,223 | WARNING |  Transacción id 6871: Monto <= 0
2026-08-05 21:00:07,223 | WARNING |  Transacción id 6873: Monto <= 0
2026-08-05 21:00:07,223 | WARNING |  Transacción id 6875: Inversor inválido
2026-08-05 21:00:07,223 | WARNING |  Transacción id 6878: Inversor inválido
2026-08-05 21:00:07,223 | WARNING |  Transacción id 6883: Inversor inválido
2026-08-05 21:00:07,223 | WARNING |  Transacción id 6884: Monto <= 0
2026-08-05 21:00:07,223 | WARNING |  Transacción id 6887: Monto <= 0
2026-08-05 21:00:07,223 | WARNING |  Transacción id 6888: Monto <= 0
2026-08-05 21:00:07,223 | WARNING |  Transacción id 6902: Monto <= 0
2026-08-05 21:00:07,223 | WARNING |  Transacción id 6903: Inversor inválido
2026-08-05 21:00:07,224 | WARNING |  Transacción id 6905: Inversor inválido
2026-08-05 21:00:07,224 | WARNING |  Transacción id 6907: Inversor inválido
2026-08-05 21:00:07,224 | WARNING |  Transacción id 6911: Monto <= 0
2026-08-05 21:00:07,224 | WARNING |  Transacción id 6913: Monto <= 0
2026-08-05 21:00:07,224 | WARNING |  Transacción id 6926: Monto <= 0
2026-08-05 21:00:07,224 | WARNING |  Transacción id 6927: Monto <= 0
2026-08-05 21:00:07,224 | WARNING |  Transacción id 6930: Inversor inválido
2026-08-05 21:00:07,224 | WARNING |  Transacción id 6931: Monto <= 0
2026-08-05 21:00:07,224 | WARNING |  Transacción id 6933: Inversor inválido
2026-08-05 21:00:07,224 | WARNING |  Transacción id 6935: Monto <= 0
2026-08-05 21:00:07,225 | WARNING |  Transacción id 6936: Monto <= 0
2026-08-05 21:00:07,225 | WARNING |  Transacción id 6940: Monto <= 0
2026-08-05 21:00:07,225 | WARNING |  Transacción id 6941: Monto <= 0
2026-08-05 21:00:07,225 | WARNING |  Transacción id 6949: Monto <= 0
2026-08-05 21:00:07,225 | WARNING |  Transacción id 6951: Monto <= 0
2026-08-05 21:00:07,225 | WARNING |  Transacción id 6957: Inversor inválido
2026-08-05 21:00:07,225 | WARNING |  Transacción id 6960: Inversor inválido
2026-08-05 21:00:07,225 | WARNING |  Transacción id 6961: Inversor inválido
2026-08-05 21:00:07,225 | WARNING |  Transacción id 6966: Monto <= 0
2026-08-05 21:00:07,225 | WARNING |  Transacción id 6968: Monto <= 0
2026-08-05 21:00:07,226 | WARNING |  Transacción id 6980: Monto <= 0
2026-08-05 21:00:07,226 | WARNING |  Transacción id 6981: Inversor inválido
2026-08-05 21:00:07,226 | WARNING |  Transacción id 6982: Monto <= 0
2026-08-05 21:00:07,226 | WARNING |  Transacción id 6991: Inversor inválido
2026-08-05 21:00:07,226 | WARNING |  Transacción id 6995: Monto <= 0
2026-08-05 21:00:07,226 | WARNING |  Transacción id 6998: Monto <= 0
2026-08-05 21:00:07,226 | WARNING |  Transacción id 7002: Inversor inválido
2026-08-05 21:00:07,226 | WARNING |  Transacción id 7009: Monto <= 0
2026-08-05 21:00:07,226 | WARNING |  Transacción id 7014: Inversor inválido
2026-08-05 21:00:07,226 | WARNING |  Transacción id 7019: Monto <= 0
2026-08-05 21:00:07,226 | WARNING |  Transacción id 7022: Inversor inválido
2026-08-05 21:00:07,227 | WARNING |  Transacción id 7023: Inversor inválido
2026-08-05 21:00:07,227 | WARNING |  Transacción id 7030: Inversor inválido
2026-08-05 21:00:07,227 | WARNING |  Transacción id 7031: Inversor inválido
2026-08-05 21:00:07,227 | WARNING |  Transacción id 7040: Inversor inválido
2026-08-05 21:00:07,227 | WARNING |  Transacción id 7049: Monto <= 0
2026-08-05 21:00:07,227 | WARNING |  Transacción id 7054: Inversor inválido
2026-08-05 21:00:07,227 | WARNING |  Transacción id 7056: Monto <= 0
2026-08-05 21:00:07,227 | WARNING |  Transacción id 7059: Monto <= 0
2026-08-05 21:00:07,227 | WARNING |  Transacción id 7061: Monto <= 0
2026-08-05 21:00:07,227 | WARNING |  Transacción id 7062: Inversor inválido
2026-08-05 21:00:07,227 | WARNING |  Transacción id 7064: Monto <= 0
2026-08-05 21:00:07,228 | WARNING |  Transacción id 7068: Inversor inválido
2026-08-05 21:00:07,228 | WARNING |  Transacción id 7069: Monto <= 0
2026-08-05 21:00:07,228 | WARNING |  Transacción id 7070: Monto <= 0
2026-08-05 21:00:07,228 | WARNING |  Transacción id 7071: Inversor inválido
2026-08-05 21:00:07,228 | WARNING |  Transacción id 7072: Monto <= 0
2026-08-05 21:00:07,228 | WARNING |  Transacción id 7073: Monto <= 0
2026-08-05 21:00:07,228 | WARNING |  Transacción id 7075: Monto <= 0
2026-08-05 21:00:07,228 | WARNING |  Transacción id 7077: Monto <= 0
2026-08-05 21:00:07,229 | WARNING |  Transacción id 7080: Inversor inválido
2026-08-05 21:00:07,229 | WARNING |  Transacción id 7085: Monto <= 0
2026-08-05 21:00:07,229 | WARNING |  Transacción id 7086: Inversor inválido
2026-08-05 21:00:07,229 | WARNING |  Transacción id 7092: Monto <= 0
2026-08-05 21:00:07,229 | WARNING |  Transacción id 7098: Monto <= 0
2026-08-05 21:00:07,229 | WARNING |  Transacción id 7099: Monto <= 0
2026-08-05 21:00:07,229 | WARNING |  Transacción id 7104: Inversor inválido
2026-08-05 21:00:07,230 | WARNING |  Transacción id 7105: Monto <= 0
2026-08-05 21:00:07,230 | WARNING |  Transacción id 7106: Monto <= 0
2026-08-05 21:00:07,230 | WARNING |  Transacción id 7108: Inversor inválido
2026-08-05 21:00:07,230 | WARNING |  Transacción id 7113: Monto <= 0
2026-08-05 21:00:07,230 | WARNING |  Transacción id 7117: Monto <= 0
2026-08-05 21:00:07,230 | WARNING |  Transacción id 7118: Monto <= 0
2026-08-05 21:00:07,230 | WARNING |  Transacción id 7119: Monto <= 0
2026-08-05 21:00:07,230 | WARNING |  Transacción id 7120: Monto <= 0
2026-08-05 21:00:07,230 | WARNING |  Transacción id 7123: Inversor inválido
2026-08-05 21:00:07,230 | WARNING |  Transacción id 7128: Monto <= 0
2026-08-05 21:00:07,231 | WARNING |  Transacción id 7129: Monto <= 0
2026-08-05 21:00:07,231 | WARNING |  Transacción id 7132: Monto <= 0
2026-08-05 21:00:07,231 | WARNING |  Transacción id 7134: Monto <= 0
2026-08-05 21:00:07,231 | WARNING |  Transacción id 7136: Monto <= 0
2026-08-05 21:00:07,231 | WARNING |  Transacción id 7139: Monto <= 0
2026-08-05 21:00:07,231 | WARNING |  Transacción id 7141: Monto <= 0
2026-08-05 21:00:07,231 | WARNING |  Transacción id 7143: Inversor inválido
2026-08-05 21:00:07,231 | WARNING |  Transacción id 7144: Monto <= 0
2026-08-05 21:00:07,231 | WARNING |  Transacción id 7145: Monto <= 0
2026-08-05 21:00:07,231 | WARNING |  Transacción id 7150: Inversor inválido
2026-08-05 21:00:07,231 | WARNING |  Transacción id 7155: Monto <= 0
2026-08-05 21:00:07,232 | WARNING |  Transacción id 7156: Monto <= 0
2026-08-05 21:00:07,232 | WARNING |  Transacción id 7158: Monto <= 0
2026-08-05 21:00:07,232 | WARNING |  Transacción id 7166: Inversor inválido
2026-08-05 21:00:07,232 | WARNING |  Transacción id 7167: Monto <= 0
2026-08-05 21:00:07,232 | WARNING |  Transacción id 7172: Inversor inválido
2026-08-05 21:00:07,232 | WARNING |  Transacción id 7173: Monto <= 0
2026-08-05 21:00:07,232 | WARNING |  Transacción id 7177: Monto <= 0
2026-08-05 21:00:07,232 | WARNING |  Transacción id 7179: Monto <= 0
2026-08-05 21:00:07,232 | WARNING |  Transacción id 7193: Inversor inválido
2026-08-05 21:00:07,232 | WARNING |  Transacción id 7195: Monto <= 0
2026-08-05 21:00:07,232 | WARNING |  Transacción id 7199: Monto <= 0
2026-08-05 21:00:07,232 | WARNING |  Transacción id 7200: Monto <= 0
2026-08-05 21:00:07,233 | WARNING |  Transacción id 7201: Monto <= 0
2026-08-05 21:00:07,233 | WARNING |  Transacción id 7202: Monto <= 0
2026-08-05 21:00:07,233 | WARNING |  Transacción id 7215: Monto <= 0
2026-08-05 21:00:07,233 | WARNING |  Transacción id 7216: Monto <= 0
2026-08-05 21:00:07,233 | WARNING |  Transacción id 7219: Inversor inválido
2026-08-05 21:00:07,233 | WARNING |  Transacción id 7225: Inversor inválido
2026-08-05 21:00:07,233 | WARNING |  Transacción id 7226: Monto <= 0
2026-08-05 21:00:07,233 | WARNING |  Transacción id 7227: Monto <= 0
2026-08-05 21:00:07,233 | WARNING |  Transacción id 7228: Monto <= 0
2026-08-05 21:00:07,233 | WARNING |  Transacción id 7232: Monto <= 0
2026-08-05 21:00:07,234 | WARNING |  Transacción id 7233: Monto <= 0
2026-08-05 21:00:07,234 | WARNING |  Transacción id 7234: Monto <= 0
2026-08-05 21:00:07,234 | WARNING |  Transacción id 7238: Monto <= 0
2026-08-05 21:00:07,234 | WARNING |  Transacción id 7239: Inversor inválido
2026-08-05 21:00:07,234 | WARNING |  Transacción id 7241: Inversor inválido
2026-08-05 21:00:07,234 | WARNING |  Transacción id 7247: Inversor inválido
2026-08-05 21:00:07,234 | WARNING |  Transacción id 7248: Monto <= 0
2026-08-05 21:00:07,234 | WARNING |  Transacción id 7249: Monto <= 0
2026-08-05 21:00:07,234 | WARNING |  Transacción id 7257: Monto <= 0
2026-08-05 21:00:07,235 | WARNING |  Transacción id 7260: Inversor inválido
2026-08-05 21:00:07,235 | WARNING |  Transacción id 7261: Monto <= 0
2026-08-05 21:00:07,235 | WARNING |  Transacción id 7262: Inversor inválido
2026-08-05 21:00:07,235 | WARNING |  Transacción id 7265: Monto <= 0
2026-08-05 21:00:07,235 | WARNING |  Transacción id 7270: Monto <= 0
2026-08-05 21:00:07,235 | WARNING |  Transacción id 7273: Monto <= 0
2026-08-05 21:00:07,235 | WARNING |  Transacción id 7276: Monto <= 0
2026-08-05 21:00:07,235 | WARNING |  Transacción id 7281: Inversor inválido
2026-08-05 21:00:07,236 | WARNING |  Transacción id 7287: Monto <= 0
2026-08-05 21:00:07,236 | WARNING |  Transacción id 7289: Inversor inválido
2026-08-05 21:00:07,236 | WARNING |  Transacción id 7290: Monto <= 0
2026-08-05 21:00:07,236 | WARNING |  Transacción id 7292: Monto <= 0
2026-08-05 21:00:07,236 | WARNING |  Transacción id 7295: Inversor inválido
2026-08-05 21:00:07,236 | WARNING |  Transacción id 7299: Monto <= 0
2026-08-05 21:00:07,236 | WARNING |  Transacción id 7300: Inversor inválido
2026-08-05 21:00:07,236 | WARNING |  Transacción id 7301: Monto <= 0
2026-08-05 21:00:07,236 | WARNING |  Transacción id 7302: Monto <= 0
2026-08-05 21:00:07,236 | WARNING |  Transacción id 7304: Monto <= 0
2026-08-05 21:00:07,237 | WARNING |  Transacción id 7308: Monto <= 0
2026-08-05 21:00:07,237 | WARNING |  Transacción id 7313: Monto <= 0
2026-08-05 21:00:07,237 | WARNING |  Transacción id 7318: Monto <= 0
2026-08-05 21:00:07,237 | WARNING |  Transacción id 7319: Monto <= 0
2026-08-05 21:00:07,237 | WARNING |  Transacción id 7329: Monto <= 0
2026-08-05 21:00:07,237 | WARNING |  Transacción id 7332: Monto <= 0
2026-08-05 21:00:07,237 | WARNING |  Transacción id 7339: Monto <= 0
2026-08-05 21:00:07,237 | WARNING |  Transacción id 7343: Monto <= 0
2026-08-05 21:00:07,237 | WARNING |  Transacción id 7344: Inversor inválido
2026-08-05 21:00:07,237 | WARNING |  Transacción id 7347: Monto <= 0
2026-08-05 21:00:07,238 | WARNING |  Transacción id 7360: Monto <= 0
2026-08-05 21:00:07,238 | WARNING |  Transacción id 7365: Monto <= 0
2026-08-05 21:00:07,238 | WARNING |  Transacción id 7367: Inversor inválido
2026-08-05 21:00:07,238 | WARNING |  Transacción id 7368: Monto <= 0
2026-08-05 21:00:07,238 | WARNING |  Transacción id 7371: Inversor inválido
2026-08-05 21:00:07,238 | WARNING |  Transacción id 7374: Monto <= 0
2026-08-05 21:00:07,238 | WARNING |  Transacción id 7376: Monto <= 0
2026-08-05 21:00:07,238 | WARNING |  Transacción id 7380: Inversor inválido
2026-08-05 21:00:07,238 | WARNING |  Transacción id 7384: Inversor inválido
2026-08-05 21:00:07,238 | WARNING |  Transacción id 7386: Monto <= 0
2026-08-05 21:00:07,238 | WARNING |  Transacción id 7398: Monto <= 0
2026-08-05 21:00:07,238 | WARNING |  Transacción id 7400: Inversor inválido
2026-08-05 21:00:07,239 | WARNING |  Transacción id 7403: Monto <= 0
2026-08-05 21:00:07,239 | WARNING |  Transacción id 7405: Inversor inválido
2026-08-05 21:00:07,239 | WARNING |  Transacción id 7416: Inversor inválido
2026-08-05 21:00:07,239 | WARNING |  Transacción id 7418: Monto <= 0
2026-08-05 21:00:07,239 | WARNING |  Transacción id 7421: Monto <= 0
2026-08-05 21:00:07,239 | WARNING |  Transacción id 7430: Monto <= 0
2026-08-05 21:00:07,239 | WARNING |  Transacción id 7435: Inversor inválido
2026-08-05 21:00:07,239 | WARNING |  Transacción id 7438: Inversor inválido
2026-08-05 21:00:07,239 | WARNING |  Transacción id 7440: Monto <= 0
2026-08-05 21:00:07,240 | WARNING |  Transacción id 7441: Monto <= 0
2026-08-05 21:00:07,240 | WARNING |  Transacción id 7442: Monto <= 0
2026-08-05 21:00:07,240 | WARNING |  Transacción id 7444: Monto <= 0
2026-08-05 21:00:07,240 | WARNING |  Transacción id 7445: Inversor inválido
2026-08-05 21:00:07,240 | WARNING |  Transacción id 7448: Monto <= 0
2026-08-05 21:00:07,240 | WARNING |  Transacción id 7454: Inversor inválido
2026-08-05 21:00:07,240 | WARNING |  Transacción id 7461: Inversor inválido
2026-08-05 21:00:07,240 | WARNING |  Transacción id 7463: Monto <= 0
2026-08-05 21:00:07,240 | WARNING |  Transacción id 7464: Inversor inválido
2026-08-05 21:00:07,240 | WARNING |  Transacción id 7466: Monto <= 0
2026-08-05 21:00:07,240 | WARNING |  Transacción id 7469: Inversor inválido
2026-08-05 21:00:07,241 | WARNING |  Transacción id 7472: Inversor inválido
2026-08-05 21:00:07,241 | WARNING |  Transacción id 7476: Inversor inválido
2026-08-05 21:00:07,241 | WARNING |  Transacción id 7479: Inversor inválido
2026-08-05 21:00:07,241 | WARNING |  Transacción id 7480: Monto <= 0
2026-08-05 21:00:07,241 | WARNING |  Transacción id 7481: Monto <= 0
2026-08-05 21:00:07,241 | WARNING |  Transacción id 7483: Inversor inválido
2026-08-05 21:00:07,241 | WARNING |  Transacción id 7486: Monto <= 0
2026-08-05 21:00:07,241 | WARNING |  Transacción id 7490: Monto <= 0
2026-08-05 21:00:07,241 | WARNING |  Transacción id 7492: Monto <= 0
2026-08-05 21:00:07,241 | WARNING |  Transacción id 7494: Monto <= 0
2026-08-05 21:00:07,241 | WARNING |  Transacción id 7499: Monto <= 0
2026-08-05 21:00:07,241 | WARNING |  Transacción id 7501: Monto <= 0
2026-08-05 21:00:07,242 | WARNING |  Transacción id 7508: Monto <= 0
2026-08-05 21:00:07,242 | WARNING |  Transacción id 7520: Inversor inválido
2026-08-05 21:00:07,242 | WARNING |  Transacción id 7524: Inversor inválido
2026-08-05 21:00:07,242 | WARNING |  Transacción id 7530: Monto <= 0
2026-08-05 21:00:07,242 | WARNING |  Transacción id 7532: Monto <= 0
2026-08-05 21:00:07,242 | WARNING |  Transacción id 7535: Inversor inválido
2026-08-05 21:00:07,242 | WARNING |  Transacción id 7536: Monto <= 0
2026-08-05 21:00:07,242 | WARNING |  Transacción id 7540: Monto <= 0
2026-08-05 21:00:07,242 | WARNING |  Transacción id 7541: Monto <= 0
2026-08-05 21:00:07,242 | WARNING |  Transacción id 7542: Monto <= 0
2026-08-05 21:00:07,242 | WARNING |  Transacción id 7548: Monto <= 0
2026-08-05 21:00:07,243 | WARNING |  Transacción id 7549: Monto <= 0
2026-08-05 21:00:07,243 | WARNING |  Transacción id 7553: Monto <= 0
2026-08-05 21:00:07,243 | WARNING |  Transacción id 7554: Inversor inválido
2026-08-05 21:00:07,243 | WARNING |  Transacción id 7558: Monto <= 0
2026-08-05 21:00:07,243 | WARNING |  Transacción id 7567: Monto <= 0
2026-08-05 21:00:07,243 | WARNING |  Transacción id 7568: Monto <= 0
2026-08-05 21:00:07,243 | WARNING |  Transacción id 7571: Monto <= 0
2026-08-05 21:00:07,243 | WARNING |  Transacción id 7577: Monto <= 0
2026-08-05 21:00:07,243 | WARNING |  Transacción id 7579: Monto <= 0
2026-08-05 21:00:07,243 | WARNING |  Transacción id 7581: Monto <= 0
2026-08-05 21:00:07,243 | WARNING |  Transacción id 7582: Monto <= 0
2026-08-05 21:00:07,243 | WARNING |  Transacción id 7590: Monto <= 0
2026-08-05 21:00:07,244 | WARNING |  Transacción id 7593: Monto <= 0
2026-08-05 21:00:07,244 | WARNING |  Transacción id 7597: Monto <= 0
2026-08-05 21:00:07,244 | WARNING |  Transacción id 7599: Inversor inválido
2026-08-05 21:00:07,244 | WARNING |  Transacción id 7600: Monto <= 0
2026-08-05 21:00:07,244 | WARNING |  Transacción id 7601: Monto <= 0
2026-08-05 21:00:07,244 | WARNING |  Transacción id 7604: Monto <= 0
2026-08-05 21:00:07,244 | WARNING |  Transacción id 7606: Monto <= 0
2026-08-05 21:00:07,244 | WARNING |  Transacción id 7610: Monto <= 0
2026-08-05 21:00:07,245 | WARNING |  Transacción id 7613: Monto <= 0
2026-08-05 21:00:07,245 | WARNING |  Transacción id 7618: Monto <= 0
2026-08-05 21:00:07,245 | WARNING |  Transacción id 7619: Monto <= 0
2026-08-05 21:00:07,245 | WARNING |  Transacción id 7621: Inversor inválido
2026-08-05 21:00:07,245 | WARNING |  Transacción id 7622: Inversor inválido
2026-08-05 21:00:07,245 | WARNING |  Transacción id 7626: Inversor inválido
2026-08-05 21:00:07,245 | WARNING |  Transacción id 7630: Inversor inválido
2026-08-05 21:00:07,245 | WARNING |  Transacción id 7632: Monto <= 0
2026-08-05 21:00:07,246 | WARNING |  Transacción id 7633: Inversor inválido
2026-08-05 21:00:07,246 | WARNING |  Transacción id 7638: Monto <= 0
2026-08-05 21:00:07,246 | WARNING |  Transacción id 7644: Monto <= 0
2026-08-05 21:00:07,246 | WARNING |  Transacción id 7650: Monto <= 0
2026-08-05 21:00:07,246 | WARNING |  Transacción id 7657: Monto <= 0
2026-08-05 21:00:07,246 | WARNING |  Transacción id 7667: Inversor inválido
2026-08-05 21:00:07,246 | WARNING |  Transacción id 7670: Monto <= 0
2026-08-05 21:00:07,246 | WARNING |  Transacción id 7675: Monto <= 0
2026-08-05 21:00:07,246 | WARNING |  Transacción id 7683: Monto <= 0
2026-08-05 21:00:07,247 | WARNING |  Transacción id 7685: Inversor inválido
2026-08-05 21:00:07,247 | WARNING |  Transacción id 7693: Inversor inválido
2026-08-05 21:00:07,247 | WARNING |  Transacción id 7694: Monto <= 0
2026-08-05 21:00:07,247 | WARNING |  Transacción id 7697: Monto <= 0
2026-08-05 21:00:07,247 | WARNING |  Transacción id 7702: Monto <= 0
2026-08-05 21:00:07,247 | WARNING |  Transacción id 7704: Monto <= 0
2026-08-05 21:00:07,247 | WARNING |  Transacción id 7713: Monto <= 0
2026-08-05 21:00:07,247 | WARNING |  Transacción id 7715: Inversor inválido
2026-08-05 21:00:07,247 | WARNING |  Transacción id 7718: Inversor inválido
2026-08-05 21:00:07,247 | WARNING |  Transacción id 7724: Monto <= 0
2026-08-05 21:00:07,247 | WARNING |  Transacción id 7726: Monto <= 0
2026-08-05 21:00:07,248 | WARNING |  Transacción id 7728: Monto <= 0
2026-08-05 21:00:07,248 | WARNING |  Transacción id 7729: Monto <= 0
2026-08-05 21:00:07,248 | WARNING |  Transacción id 7732: Monto <= 0
2026-08-05 21:00:07,248 | WARNING |  Transacción id 7733: Inversor inválido
2026-08-05 21:00:07,248 | WARNING |  Transacción id 7740: Monto <= 0
2026-08-05 21:00:07,248 | WARNING |  Transacción id 7752: Inversor inválido
2026-08-05 21:00:07,248 | WARNING |  Transacción id 7753: Monto <= 0
2026-08-05 21:00:07,248 | WARNING |  Transacción id 7755: Monto <= 0
2026-08-05 21:00:07,248 | WARNING |  Transacción id 7756: Inversor inválido
2026-08-05 21:00:07,248 | WARNING |  Transacción id 7758: Monto <= 0
2026-08-05 21:00:07,248 | WARNING |  Transacción id 7759: Inversor inválido
2026-08-05 21:00:07,249 | WARNING |  Transacción id 7761: Monto <= 0
2026-08-05 21:00:07,249 | WARNING |  Transacción id 7762: Inversor inválido
2026-08-05 21:00:07,249 | WARNING |  Transacción id 7765: Inversor inválido
2026-08-05 21:00:07,249 | WARNING |  Transacción id 7768: Inversor inválido
2026-08-05 21:00:07,249 | WARNING |  Transacción id 7777: Monto <= 0
2026-08-05 21:00:07,249 | WARNING |  Transacción id 7778: Monto <= 0
2026-08-05 21:00:07,249 | WARNING |  Transacción id 7779: Monto <= 0
2026-08-05 21:00:07,249 | WARNING |  Transacción id 7782: Monto <= 0
2026-08-05 21:00:07,249 | WARNING |  Transacción id 7786: Monto <= 0
2026-08-05 21:00:07,249 | WARNING |  Transacción id 7790: Monto <= 0
2026-08-05 21:00:07,250 | WARNING |  Transacción id 7792: Inversor inválido
2026-08-05 21:00:07,250 | WARNING |  Transacción id 7795: Monto <= 0
2026-08-05 21:00:07,250 | WARNING |  Transacción id 7799: Inversor inválido
2026-08-05 21:00:07,250 | WARNING |  Transacción id 7803: Monto <= 0
2026-08-05 21:00:07,250 | WARNING |  Transacción id 7807: Monto <= 0
2026-08-05 21:00:07,250 | WARNING |  Transacción id 7813: Inversor inválido
2026-08-05 21:00:07,250 | WARNING |  Transacción id 7816: Monto <= 0
2026-08-05 21:00:07,250 | WARNING |  Transacción id 7820: Monto <= 0
2026-08-05 21:00:07,250 | WARNING |  Transacción id 7821: Inversor inválido
2026-08-05 21:00:07,250 | WARNING |  Transacción id 7824: Monto <= 0
2026-08-05 21:00:07,251 | WARNING |  Transacción id 7833: Monto <= 0
2026-08-05 21:00:07,251 | WARNING |  Transacción id 7836: Inversor inválido
2026-08-05 21:00:07,251 | WARNING |  Transacción id 7843: Inversor inválido
2026-08-05 21:00:07,251 | WARNING |  Transacción id 7853: Inversor inválido
2026-08-05 21:00:07,251 | WARNING |  Transacción id 7854: Monto <= 0
2026-08-05 21:00:07,251 | WARNING |  Transacción id 7858: Inversor inválido
2026-08-05 21:00:07,251 | WARNING |  Transacción id 7859: Monto <= 0
2026-08-05 21:00:07,251 | WARNING |  Transacción id 7867: Monto <= 0
2026-08-05 21:00:07,251 | WARNING |  Transacción id 7869: Monto <= 0
2026-08-05 21:00:07,251 | WARNING |  Transacción id 7870: Inversor inválido
2026-08-05 21:00:07,252 | WARNING |  Transacción id 7871: Monto <= 0
2026-08-05 21:00:07,252 | WARNING |  Transacción id 7873: Inversor inválido
2026-08-05 21:00:07,252 | WARNING |  Transacción id 7874: Inversor inválido
2026-08-05 21:00:07,252 | WARNING |  Transacción id 7884: Inversor inválido
2026-08-05 21:00:07,252 | WARNING |  Transacción id 7886: Inversor inválido
2026-08-05 21:00:07,252 | WARNING |  Transacción id 7888: Monto <= 0
2026-08-05 21:00:07,252 | WARNING |  Transacción id 7889: Inversor inválido
2026-08-05 21:00:07,252 | WARNING |  Transacción id 7890: Inversor inválido
2026-08-05 21:00:07,252 | WARNING |  Transacción id 7891: Monto <= 0
2026-08-05 21:00:07,252 | WARNING |  Transacción id 7892: Inversor inválido
2026-08-05 21:00:07,252 | WARNING |  Transacción id 7894: Monto <= 0
2026-08-05 21:00:07,253 | WARNING |  Transacción id 7895: Monto <= 0
2026-08-05 21:00:07,253 | WARNING |  Transacción id 7898: Monto <= 0
2026-08-05 21:00:07,253 | WARNING |  Transacción id 7901: Inversor inválido
2026-08-05 21:00:07,253 | WARNING |  Transacción id 7902: Monto <= 0
2026-08-05 21:00:07,253 | WARNING |  Transacción id 7905: Inversor inválido
2026-08-05 21:00:07,253 | WARNING |  Transacción id 7907: Monto <= 0
2026-08-05 21:00:07,253 | WARNING |  Transacción id 7908: Monto <= 0
2026-08-05 21:00:07,253 | WARNING |  Transacción id 7915: Inversor inválido
2026-08-05 21:00:07,253 | WARNING |  Transacción id 7919: Monto <= 0
2026-08-05 21:00:07,253 | WARNING |  Transacción id 7920: Inversor inválido
2026-08-05 21:00:07,253 | WARNING |  Transacción id 7926: Monto <= 0
2026-08-05 21:00:07,254 | WARNING |  Transacción id 7927: Inversor inválido
2026-08-05 21:00:07,254 | WARNING |  Transacción id 7929: Inversor inválido
2026-08-05 21:00:07,254 | WARNING |  Transacción id 7933: Inversor inválido
2026-08-05 21:00:07,254 | WARNING |  Transacción id 7934: Monto <= 0
2026-08-05 21:00:07,254 | WARNING |  Transacción id 7936: Inversor inválido
2026-08-05 21:00:07,254 | WARNING |  Transacción id 7940: Monto <= 0
2026-08-05 21:00:07,254 | WARNING |  Transacción id 7947: Monto <= 0
2026-08-05 21:00:07,254 | WARNING |  Transacción id 7948: Inversor inválido
2026-08-05 21:00:07,254 | WARNING |  Transacción id 7951: Inversor inválido
2026-08-05 21:00:07,255 | WARNING |  Transacción id 7954: Monto <= 0
2026-08-05 21:00:07,255 | WARNING |  Transacción id 7957: Monto <= 0
2026-08-05 21:00:07,255 | WARNING |  Transacción id 7967: Monto <= 0
2026-08-05 21:00:07,255 | WARNING |  Transacción id 7969: Monto <= 0
2026-08-05 21:00:07,255 | WARNING |  Transacción id 7975: Monto <= 0
2026-08-05 21:00:07,255 | WARNING |  Transacción id 7978: Monto <= 0
2026-08-05 21:00:07,255 | WARNING |  Transacción id 7981: Monto <= 0
2026-08-05 21:00:07,255 | WARNING |  Transacción id 7983: Inversor inválido
2026-08-05 21:00:07,255 | WARNING |  Transacción id 7984: Monto <= 0
2026-08-05 21:00:07,256 | WARNING |  Transacción id 7989: Monto <= 0
2026-08-05 21:00:07,256 | WARNING |  Transacción id 7991: Monto <= 0
2026-08-05 21:00:07,256 | WARNING |  Transacción id 7994: Monto <= 0
2026-08-05 21:00:07,256 | WARNING |  Transacción id 7997: Monto <= 0
2026-08-05 21:00:07,256 | WARNING |  Transacción id 8001: Inversor inválido
2026-08-05 21:00:07,256 | WARNING |  Transacción id 8002: Monto <= 0
2026-08-05 21:00:07,256 | WARNING |  Transacción id 8003: Inversor inválido
2026-08-05 21:00:07,256 | WARNING |  Transacción id 8004: Monto <= 0
2026-08-05 21:00:07,256 | WARNING |  Transacción id 8014: Inversor inválido
2026-08-05 21:00:07,256 | WARNING |  Transacción id 8016: Inversor inválido
2026-08-05 21:00:07,256 | WARNING |  Transacción id 8017: Monto <= 0
2026-08-05 21:00:07,256 | WARNING |  Transacción id 8022: Monto <= 0
2026-08-05 21:00:07,257 | WARNING |  Transacción id 8024: Inversor inválido
2026-08-05 21:00:07,257 | WARNING |  Transacción id 8025: Monto <= 0
2026-08-05 21:00:07,257 | WARNING |  Transacción id 8027: Monto <= 0
2026-08-05 21:00:07,257 | WARNING |  Transacción id 8039: Monto <= 0
2026-08-05 21:00:07,257 | WARNING |  Transacción id 8043: Inversor inválido
2026-08-05 21:00:07,257 | WARNING |  Transacción id 8044: Inversor inválido
2026-08-05 21:00:07,257 | WARNING |  Transacción id 8046: Inversor inválido
2026-08-05 21:00:07,257 | WARNING |  Transacción id 8048: Monto <= 0
2026-08-05 21:00:07,257 | WARNING |  Transacción id 8055: Inversor inválido
2026-08-05 21:00:07,257 | WARNING |  Transacción id 8059: Monto <= 0
2026-08-05 21:00:07,257 | WARNING |  Transacción id 8063: Inversor inválido
2026-08-05 21:00:07,258 | WARNING |  Transacción id 8065: Monto <= 0
2026-08-05 21:00:07,258 | WARNING |  Transacción id 8066: Monto <= 0
2026-08-05 21:00:07,258 | WARNING |  Transacción id 8070: Inversor inválido
2026-08-05 21:00:07,258 | WARNING |  Transacción id 8072: Monto <= 0
2026-08-05 21:00:07,258 | WARNING |  Transacción id 8075: Monto <= 0
2026-08-05 21:00:07,258 | WARNING |  Transacción id 8076: Inversor inválido
2026-08-05 21:00:07,258 | WARNING |  Transacción id 8078: Inversor inválido
2026-08-05 21:00:07,258 | WARNING |  Transacción id 8079: Inversor inválido
2026-08-05 21:00:07,258 | WARNING |  Transacción id 8080: Monto <= 0
2026-08-05 21:00:07,258 | WARNING |  Transacción id 8085: Monto <= 0
2026-08-05 21:00:07,258 | WARNING |  Transacción id 8086: Monto <= 0
2026-08-05 21:00:07,259 | WARNING |  Transacción id 8089: Monto <= 0
2026-08-05 21:00:07,259 | WARNING |  Transacción id 8092: Monto <= 0
2026-08-05 21:00:07,259 | WARNING |  Transacción id 8095: Monto <= 0
2026-08-05 21:00:07,259 | WARNING |  Transacción id 8102: Monto <= 0
2026-08-05 21:00:07,259 | WARNING |  Transacción id 8106: Inversor inválido
2026-08-05 21:00:07,259 | WARNING |  Transacción id 8110: Inversor inválido
2026-08-05 21:00:07,259 | WARNING |  Transacción id 8111: Inversor inválido
2026-08-05 21:00:07,259 | WARNING |  Transacción id 8115: Inversor inválido
2026-08-05 21:00:07,259 | WARNING |  Transacción id 8116: Monto <= 0
2026-08-05 21:00:07,259 | WARNING |  Transacción id 8122: Monto <= 0
2026-08-05 21:00:07,260 | WARNING |  Transacción id 8128: Monto <= 0
2026-08-05 21:00:07,260 | WARNING |  Transacción id 8134: Inversor inválido
2026-08-05 21:00:07,260 | WARNING |  Transacción id 8140: Monto <= 0
2026-08-05 21:00:07,260 | WARNING |  Transacción id 8144: Monto <= 0
2026-08-05 21:00:07,260 | WARNING |  Transacción id 8148: Monto <= 0
2026-08-05 21:00:07,260 | WARNING |  Transacción id 8149: Inversor inválido
2026-08-05 21:00:07,260 | WARNING |  Transacción id 8153: Monto <= 0
2026-08-05 21:00:07,260 | WARNING |  Transacción id 8156: Monto <= 0
2026-08-05 21:00:07,260 | WARNING |  Transacción id 8157: Monto <= 0
2026-08-05 21:00:07,260 | WARNING |  Transacción id 8160: Monto <= 0
2026-08-05 21:00:07,260 | WARNING |  Transacción id 8161: Monto <= 0
2026-08-05 21:00:07,261 | WARNING |  Transacción id 8163: Inversor inválido
2026-08-05 21:00:07,261 | WARNING |  Transacción id 8165: Inversor inválido
2026-08-05 21:00:07,261 | WARNING |  Transacción id 8167: Monto <= 0
2026-08-05 21:00:07,261 | WARNING |  Transacción id 8169: Monto <= 0
2026-08-05 21:00:07,261 | WARNING |  Transacción id 8171: Inversor inválido
2026-08-05 21:00:07,261 | WARNING |  Transacción id 8172: Monto <= 0
2026-08-05 21:00:07,261 | WARNING |  Transacción id 8178: Monto <= 0
2026-08-05 21:00:07,261 | WARNING |  Transacción id 8180: Monto <= 0
2026-08-05 21:00:07,261 | WARNING |  Transacción id 8181: Monto <= 0
2026-08-05 21:00:07,261 | WARNING |  Transacción id 8187: Inversor inválido
2026-08-05 21:00:07,262 | WARNING |  Transacción id 8188: Inversor inválido
2026-08-05 21:00:07,262 | WARNING |  Transacción id 8192: Inversor inválido
2026-08-05 21:00:07,262 | WARNING |  Transacción id 8202: Inversor inválido
2026-08-05 21:00:07,262 | WARNING |  Transacción id 8203: Monto <= 0
2026-08-05 21:00:07,262 | WARNING |  Transacción id 8204: Monto <= 0
2026-08-05 21:00:07,262 | WARNING |  Transacción id 8206: Monto <= 0
2026-08-05 21:00:07,262 | WARNING |  Transacción id 8209: Monto <= 0
2026-08-05 21:00:07,263 | WARNING |  Transacción id 8211: Monto <= 0
2026-08-05 21:00:07,263 | WARNING |  Transacción id 8214: Inversor inválido
2026-08-05 21:00:07,263 | WARNING |  Transacción id 8217: Monto <= 0
2026-08-05 21:00:07,263 | WARNING |  Transacción id 8219: Monto <= 0
2026-08-05 21:00:07,263 | WARNING |  Transacción id 8220: Inversor inválido
2026-08-05 21:00:07,263 | WARNING |  Transacción id 8222: Inversor inválido
2026-08-05 21:00:07,263 | WARNING |  Transacción id 8224: Inversor inválido
2026-08-05 21:00:07,263 | WARNING |  Transacción id 8228: Monto <= 0
2026-08-05 21:00:07,263 | WARNING |  Transacción id 8232: Monto <= 0
2026-08-05 21:00:07,263 | WARNING |  Transacción id 8234: Monto <= 0
2026-08-05 21:00:07,263 | WARNING |  Transacción id 8239: Inversor inválido
2026-08-05 21:00:07,263 | WARNING |  Transacción id 8245: Inversor inválido
2026-08-05 21:00:07,264 | WARNING |  Transacción id 8249: Monto <= 0
2026-08-05 21:00:07,264 | WARNING |  Transacción id 8251: Inversor inválido
2026-08-05 21:00:07,264 | WARNING |  Transacción id 8253: Monto <= 0
2026-08-05 21:00:07,264 | WARNING |  Transacción id 8255: Monto <= 0
2026-08-05 21:00:07,264 | WARNING |  Transacción id 8257: Monto <= 0
2026-08-05 21:00:07,264 | WARNING |  Transacción id 8261: Monto <= 0
2026-08-05 21:00:07,264 | WARNING |  Transacción id 8263: Monto <= 0
2026-08-05 21:00:07,264 | WARNING |  Transacción id 8266: Monto <= 0
2026-08-05 21:00:07,265 | WARNING |  Transacción id 8267: Inversor inválido
2026-08-05 21:00:07,265 | WARNING |  Transacción id 8272: Monto <= 0
2026-08-05 21:00:07,265 | WARNING |  Transacción id 8273: Inversor inválido
2026-08-05 21:00:07,265 | WARNING |  Transacción id 8274: Inversor inválido
2026-08-05 21:00:07,265 | WARNING |  Transacción id 8275: Inversor inválido
2026-08-05 21:00:07,265 | WARNING |  Transacción id 8278: Monto <= 0
2026-08-05 21:00:07,265 | WARNING |  Transacción id 8280: Monto <= 0
2026-08-05 21:00:07,265 | WARNING |  Transacción id 8287: Monto <= 0
2026-08-05 21:00:07,265 | WARNING |  Transacción id 8288: Monto <= 0
2026-08-05 21:00:07,266 | WARNING |  Transacción id 8289: Monto <= 0
2026-08-05 21:00:07,266 | WARNING |  Transacción id 8293: Inversor inválido
2026-08-05 21:00:07,266 | WARNING |  Transacción id 8299: Inversor inválido
2026-08-05 21:00:07,266 | WARNING |  Transacción id 8302: Monto <= 0
2026-08-05 21:00:07,266 | WARNING |  Transacción id 8304: Inversor inválido
2026-08-05 21:00:07,266 | WARNING |  Transacción id 8305: Monto <= 0
2026-08-05 21:00:07,266 | WARNING |  Transacción id 8313: Monto <= 0
2026-08-05 21:00:07,266 | WARNING |  Transacción id 8319: Monto <= 0
2026-08-05 21:00:07,266 | WARNING |  Transacción id 8320: Monto <= 0
2026-08-05 21:00:07,266 | WARNING |  Transacción id 8323: Monto <= 0
2026-08-05 21:00:07,266 | WARNING |  Transacción id 8324: Monto <= 0
2026-08-05 21:00:07,267 | WARNING |  Transacción id 8328: Inversor inválido
2026-08-05 21:00:07,267 | WARNING |  Transacción id 8333: Monto <= 0
2026-08-05 21:00:07,267 | WARNING |  Transacción id 8345: Inversor inválido
2026-08-05 21:00:07,267 | WARNING |  Transacción id 8346: Monto <= 0
2026-08-05 21:00:07,267 | WARNING |  Transacción id 8349: Monto <= 0
2026-08-05 21:00:07,267 | WARNING |  Transacción id 8352: Monto <= 0
2026-08-05 21:00:07,267 | WARNING |  Transacción id 8357: Monto <= 0
2026-08-05 21:00:07,267 | WARNING |  Transacción id 8364: Monto <= 0
2026-08-05 21:00:07,267 | WARNING |  Transacción id 8365: Inversor inválido
2026-08-05 21:00:07,267 | WARNING |  Transacción id 8367: Inversor inválido
2026-08-05 21:00:07,268 | WARNING |  Transacción id 8371: Monto <= 0
2026-08-05 21:00:07,268 | WARNING |  Transacción id 8373: Inversor inválido
2026-08-05 21:00:07,268 | WARNING |  Transacción id 8374: Monto <= 0
2026-08-05 21:00:07,268 | WARNING |  Transacción id 8376: Monto <= 0
2026-08-05 21:00:07,268 | WARNING |  Transacción id 8383: Monto <= 0
2026-08-05 21:00:07,268 | WARNING |  Transacción id 8385: Inversor inválido
2026-08-05 21:00:07,268 | WARNING |  Transacción id 8387: Monto <= 0
2026-08-05 21:00:07,268 | WARNING |  Transacción id 8392: Monto <= 0
2026-08-05 21:00:07,268 | WARNING |  Transacción id 8405: Monto <= 0
2026-08-05 21:00:07,268 | WARNING |  Transacción id 8406: Monto <= 0
2026-08-05 21:00:07,268 | WARNING |  Transacción id 8415: Inversor inválido
2026-08-05 21:00:07,269 | WARNING |  Transacción id 8418: Monto <= 0
2026-08-05 21:00:07,269 | WARNING |  Transacción id 8424: Monto <= 0
2026-08-05 21:00:07,269 | WARNING |  Transacción id 8425: Monto <= 0
2026-08-05 21:00:07,269 | WARNING |  Transacción id 8437: Inversor inválido
2026-08-05 21:00:07,269 | WARNING |  Transacción id 8440: Inversor inválido
2026-08-05 21:00:07,269 | WARNING |  Transacción id 8441: Monto <= 0
2026-08-05 21:00:07,269 | WARNING |  Transacción id 8442: Monto <= 0
2026-08-05 21:00:07,269 | WARNING |  Transacción id 8447: Monto <= 0
2026-08-05 21:00:07,269 | WARNING |  Transacción id 8452: Inversor inválido
2026-08-05 21:00:07,269 | WARNING |  Transacción id 8457: Monto <= 0
2026-08-05 21:00:07,269 | WARNING |  Transacción id 8458: Monto <= 0
2026-08-05 21:00:07,270 | WARNING |  Transacción id 8465: Monto <= 0
2026-08-05 21:00:07,270 | WARNING |  Transacción id 8466: Inversor inválido
2026-08-05 21:00:07,270 | WARNING |  Transacción id 8469: Inversor inválido
2026-08-05 21:00:07,270 | WARNING |  Transacción id 8473: Monto <= 0
2026-08-05 21:00:07,270 | WARNING |  Transacción id 8475: Monto <= 0
2026-08-05 21:00:07,270 | WARNING |  Transacción id 8479: Monto <= 0
2026-08-05 21:00:07,270 | WARNING |  Transacción id 8481: Inversor inválido
2026-08-05 21:00:07,270 | WARNING |  Transacción id 8482: Inversor inválido
2026-08-05 21:00:07,270 | WARNING |  Transacción id 8486: Inversor inválido
2026-08-05 21:00:07,270 | WARNING |  Transacción id 8487: Inversor inválido
2026-08-05 21:00:07,271 | WARNING |  Transacción id 8488: Monto <= 0
2026-08-05 21:00:07,271 | WARNING |  Transacción id 8489: Monto <= 0
2026-08-05 21:00:07,271 | WARNING |  Transacción id 8494: Monto <= 0
2026-08-05 21:00:07,271 | WARNING |  Transacción id 8496: Monto <= 0
2026-08-05 21:00:07,271 | WARNING |  Transacción id 8499: Inversor inválido
2026-08-05 21:00:07,271 | WARNING |  Transacción id 8502: Monto <= 0
2026-08-05 21:00:07,271 | WARNING |  Transacción id 8504: Monto <= 0
2026-08-05 21:00:07,271 | WARNING |  Transacción id 8508: Inversor inválido
2026-08-05 21:00:07,271 | WARNING |  Transacción id 8513: Inversor inválido
2026-08-05 21:00:07,271 | WARNING |  Transacción id 8518: Inversor inválido
2026-08-05 21:00:07,271 | WARNING |  Transacción id 8524: Monto <= 0
2026-08-05 21:00:07,271 | WARNING |  Transacción id 8532: Inversor inválido
2026-08-05 21:00:07,271 | WARNING |  Transacción id 8538: Monto <= 0
2026-08-05 21:00:07,272 | WARNING |  Transacción id 8543: Monto <= 0
2026-08-05 21:00:07,272 | WARNING |  Transacción id 8547: Monto <= 0
2026-08-05 21:00:07,272 | WARNING |  Transacción id 8548: Monto <= 0
2026-08-05 21:00:07,272 | WARNING |  Transacción id 8553: Monto <= 0
2026-08-05 21:00:07,272 | WARNING |  Transacción id 8556: Monto <= 0
2026-08-05 21:00:07,272 | WARNING |  Transacción id 8568: Monto <= 0
2026-08-05 21:00:07,272 | WARNING |  Transacción id 8569: Monto <= 0
2026-08-05 21:00:07,272 | WARNING |  Transacción id 8573: Monto <= 0
2026-08-05 21:00:07,272 | WARNING |  Transacción id 8574: Monto <= 0
2026-08-05 21:00:07,272 | WARNING |  Transacción id 8580: Monto <= 0
2026-08-05 21:00:07,272 | WARNING |  Transacción id 8587: Inversor inválido
2026-08-05 21:00:07,272 | WARNING |  Transacción id 8590: Monto <= 0
2026-08-05 21:00:07,272 | WARNING |  Transacción id 8592: Monto <= 0
2026-08-05 21:00:07,273 | WARNING |  Transacción id 8596: Inversor inválido
2026-08-05 21:00:07,273 | WARNING |  Transacción id 8598: Monto <= 0
2026-08-05 21:00:07,273 | WARNING |  Transacción id 8600: Inversor inválido
2026-08-05 21:00:07,273 | WARNING |  Transacción id 8601: Monto <= 0
2026-08-05 21:00:07,273 | WARNING |  Transacción id 8604: Monto <= 0
2026-08-05 21:00:07,273 | WARNING |  Transacción id 8606: Monto <= 0
2026-08-05 21:00:07,273 | WARNING |  Transacción id 8609: Inversor inválido
2026-08-05 21:00:07,273 | WARNING |  Transacción id 8615: Inversor inválido
2026-08-05 21:00:07,273 | WARNING |  Transacción id 8618: Monto <= 0
2026-08-05 21:00:07,273 | WARNING |  Transacción id 8623: Inversor inválido
2026-08-05 21:00:07,273 | WARNING |  Transacción id 8628: Inversor inválido
2026-08-05 21:00:07,273 | WARNING |  Transacción id 8630: Monto <= 0
2026-08-05 21:00:07,273 | WARNING |  Transacción id 8636: Inversor inválido
2026-08-05 21:00:07,273 | WARNING |  Transacción id 8640: Monto <= 0
2026-08-05 21:00:07,274 | WARNING |  Transacción id 8642: Monto <= 0
2026-08-05 21:00:07,274 | WARNING |  Transacción id 8644: Monto <= 0
2026-08-05 21:00:07,274 | WARNING |  Transacción id 8645: Inversor inválido
2026-08-05 21:00:07,274 | WARNING |  Transacción id 8646: Inversor inválido
2026-08-05 21:00:07,274 | WARNING |  Transacción id 8658: Monto <= 0
2026-08-05 21:00:07,274 | WARNING |  Transacción id 8664: Monto <= 0
2026-08-05 21:00:07,274 | WARNING |  Transacción id 8666: Inversor inválido
2026-08-05 21:00:07,274 | WARNING |  Transacción id 8667: Monto <= 0
2026-08-05 21:00:07,274 | WARNING |  Transacción id 8669: Monto <= 0
2026-08-05 21:00:07,275 | WARNING |  Transacción id 8674: Inversor inválido
2026-08-05 21:00:07,275 | WARNING |  Transacción id 8675: Monto <= 0
2026-08-05 21:00:07,275 | WARNING |  Transacción id 8676: Inversor inválido
2026-08-05 21:00:07,275 | WARNING |  Transacción id 8680: Monto <= 0
2026-08-05 21:00:07,275 | WARNING |  Transacción id 8683: Monto <= 0
2026-08-05 21:00:07,275 | WARNING |  Transacción id 8687: Inversor inválido
2026-08-05 21:00:07,275 | WARNING |  Transacción id 8688: Monto <= 0
2026-08-05 21:00:07,275 | WARNING |  Transacción id 8690: Inversor inválido
2026-08-05 21:00:07,275 | WARNING |  Transacción id 8692: Monto <= 0
2026-08-05 21:00:07,275 | WARNING |  Transacción id 8693: Inversor inválido
2026-08-05 21:00:07,276 | WARNING |  Transacción id 8699: Inversor inválido
2026-08-05 21:00:07,276 | WARNING |  Transacción id 8703: Monto <= 0
2026-08-05 21:00:07,276 | WARNING |  Transacción id 8709: Inversor inválido
2026-08-05 21:00:07,276 | WARNING |  Transacción id 8711: Monto <= 0
2026-08-05 21:00:07,276 | WARNING |  Transacción id 8713: Inversor inválido
2026-08-05 21:00:07,276 | WARNING |  Transacción id 8715: Monto <= 0
2026-08-05 21:00:07,276 | WARNING |  Transacción id 8721: Monto <= 0
2026-08-05 21:00:07,276 | WARNING |  Transacción id 8722: Monto <= 0
2026-08-05 21:00:07,276 | WARNING |  Transacción id 8723: Monto <= 0
2026-08-05 21:00:07,276 | WARNING |  Transacción id 8725: Monto <= 0
2026-08-05 21:00:07,276 | WARNING |  Transacción id 8727: Monto <= 0
2026-08-05 21:00:07,276 | WARNING |  Transacción id 8730: Monto <= 0
2026-08-05 21:00:07,276 | WARNING |  Transacción id 8731: Monto <= 0
2026-08-05 21:00:07,277 | WARNING |  Transacción id 8733: Inversor inválido
2026-08-05 21:00:07,277 | WARNING |  Transacción id 8736: Monto <= 0
2026-08-05 21:00:07,277 | WARNING |  Transacción id 8737: Monto <= 0
2026-08-05 21:00:07,277 | WARNING |  Transacción id 8739: Monto <= 0
2026-08-05 21:00:07,277 | WARNING |  Transacción id 8742: Monto <= 0
2026-08-05 21:00:07,277 | WARNING |  Transacción id 8752: Monto <= 0
2026-08-05 21:00:07,277 | WARNING |  Transacción id 8759: Monto <= 0
2026-08-05 21:00:07,277 | WARNING |  Transacción id 8762: Monto <= 0
2026-08-05 21:00:07,277 | WARNING |  Transacción id 8763: Monto <= 0
2026-08-05 21:00:07,277 | WARNING |  Transacción id 8764: Monto <= 0
2026-08-05 21:00:07,277 | WARNING |  Transacción id 8767: Monto <= 0
2026-08-05 21:00:07,277 | WARNING |  Transacción id 8768: Monto <= 0
2026-08-05 21:00:07,277 | WARNING |  Transacción id 8771: Monto <= 0
2026-08-05 21:00:07,278 | WARNING |  Transacción id 8774: Monto <= 0
2026-08-05 21:00:07,278 | WARNING |  Transacción id 8787: Monto <= 0
2026-08-05 21:00:07,278 | WARNING |  Transacción id 8796: Monto <= 0
2026-08-05 21:00:07,278 | WARNING |  Transacción id 8797: Inversor inválido
2026-08-05 21:00:07,278 | WARNING |  Transacción id 8804: Inversor inválido
2026-08-05 21:00:07,278 | WARNING |  Transacción id 8809: Monto <= 0
2026-08-05 21:00:07,278 | WARNING |  Transacción id 8812: Inversor inválido
2026-08-05 21:00:07,278 | WARNING |  Transacción id 8817: Inversor inválido
2026-08-05 21:00:07,279 | WARNING |  Transacción id 8820: Monto <= 0
2026-08-05 21:00:07,279 | WARNING |  Transacción id 8822: Inversor inválido
2026-08-05 21:00:07,279 | WARNING |  Transacción id 8830: Inversor inválido
2026-08-05 21:00:07,279 | WARNING |  Transacción id 8831: Monto <= 0
2026-08-05 21:00:07,279 | WARNING |  Transacción id 8832: Inversor inválido
2026-08-05 21:00:07,279 | WARNING |  Transacción id 8835: Monto <= 0
2026-08-05 21:00:07,279 | WARNING |  Transacción id 8837: Monto <= 0
2026-08-05 21:00:07,280 | WARNING |  Transacción id 8843: Monto <= 0
2026-08-05 21:00:07,280 | WARNING |  Transacción id 8845: Monto <= 0
2026-08-05 21:00:07,280 | WARNING |  Transacción id 8853: Monto <= 0
2026-08-05 21:00:07,280 | WARNING |  Transacción id 8855: Monto <= 0
2026-08-05 21:00:07,280 | WARNING |  Transacción id 8859: Monto <= 0
2026-08-05 21:00:07,280 | WARNING |  Transacción id 8860: Inversor inválido
2026-08-05 21:00:07,280 | WARNING |  Transacción id 8862: Monto <= 0
2026-08-05 21:00:07,280 | WARNING |  Transacción id 8866: Monto <= 0
2026-08-05 21:00:07,280 | WARNING |  Transacción id 8868: Inversor inválido
2026-08-05 21:00:07,280 | WARNING |  Transacción id 8871: Monto <= 0
2026-08-05 21:00:07,280 | WARNING |  Transacción id 8873: Inversor inválido
2026-08-05 21:00:07,280 | WARNING |  Transacción id 8874: Inversor inválido
2026-08-05 21:00:07,281 | WARNING |  Transacción id 8877: Monto <= 0
2026-08-05 21:00:07,281 | WARNING |  Transacción id 8882: Monto <= 0
2026-08-05 21:00:07,281 | WARNING |  Transacción id 8885: Monto <= 0
2026-08-05 21:00:07,281 | WARNING |  Transacción id 8886: Inversor inválido
2026-08-05 21:00:07,281 | WARNING |  Transacción id 8887: Monto <= 0
2026-08-05 21:00:07,281 | WARNING |  Transacción id 8904: Monto <= 0
2026-08-05 21:00:07,281 | WARNING |  Transacción id 8905: Inversor inválido
2026-08-05 21:00:07,281 | WARNING |  Transacción id 8907: Inversor inválido
2026-08-05 21:00:07,281 | WARNING |  Transacción id 8913: Monto <= 0
2026-08-05 21:00:07,281 | WARNING |  Transacción id 8919: Inversor inválido
2026-08-05 21:00:07,281 | WARNING |  Transacción id 8922: Monto <= 0
2026-08-05 21:00:07,281 | WARNING |  Transacción id 8927: Monto <= 0
2026-08-05 21:00:07,282 | WARNING |  Transacción id 8930: Monto <= 0
2026-08-05 21:00:07,282 | WARNING |  Transacción id 8932: Monto <= 0
2026-08-05 21:00:07,282 | WARNING |  Transacción id 8937: Monto <= 0
2026-08-05 21:00:07,282 | WARNING |  Transacción id 8941: Monto <= 0
2026-08-05 21:00:07,282 | WARNING |  Transacción id 8943: Monto <= 0
2026-08-05 21:00:07,282 | WARNING |  Transacción id 8944: Monto <= 0
2026-08-05 21:00:07,282 | WARNING |  Transacción id 8946: Inversor inválido
2026-08-05 21:00:07,282 | WARNING |  Transacción id 8948: Monto <= 0
2026-08-05 21:00:07,282 | WARNING |  Transacción id 8949: Monto <= 0
2026-08-05 21:00:07,282 | WARNING |  Transacción id 8953: Monto <= 0
2026-08-05 21:00:07,282 | WARNING |  Transacción id 8954: Monto <= 0
2026-08-05 21:00:07,282 | WARNING |  Transacción id 8956: Monto <= 0
2026-08-05 21:00:07,282 | WARNING |  Transacción id 8957: Monto <= 0
2026-08-05 21:00:07,283 | WARNING |  Transacción id 8958: Monto <= 0
2026-08-05 21:00:07,283 | WARNING |  Transacción id 8959: Monto <= 0
2026-08-05 21:00:07,283 | WARNING |  Transacción id 8961: Monto <= 0
2026-08-05 21:00:07,283 | WARNING |  Transacción id 8962: Monto <= 0
2026-08-05 21:00:07,283 | WARNING |  Transacción id 8964: Inversor inválido
2026-08-05 21:00:07,283 | WARNING |  Transacción id 8965: Monto <= 0
2026-08-05 21:00:07,283 | WARNING |  Transacción id 8968: Monto <= 0
2026-08-05 21:00:07,283 | WARNING |  Transacción id 8973: Inversor inválido
2026-08-05 21:00:07,283 | WARNING |  Transacción id 8976: Inversor inválido
2026-08-05 21:00:07,283 | WARNING |  Transacción id 8977: Monto <= 0
2026-08-05 21:00:07,283 | WARNING |  Transacción id 8980: Monto <= 0
2026-08-05 21:00:07,283 | WARNING |  Transacción id 8981: Monto <= 0
2026-08-05 21:00:07,283 | WARNING |  Transacción id 8985: Monto <= 0
2026-08-05 21:00:07,284 | WARNING |  Transacción id 8998: Inversor inválido
2026-08-05 21:00:07,284 | WARNING |  Transacción id 8999: Monto <= 0
2026-08-05 21:00:07,284 | WARNING |  Transacción id 9000: Monto <= 0
2026-08-05 21:00:07,284 | WARNING |  Transacción id 9006: Monto <= 0
2026-08-05 21:00:07,284 | WARNING |  Transacción id 9014: Inversor inválido
2026-08-05 21:00:07,284 | WARNING |  Transacción id 9015: Inversor inválido
2026-08-05 21:00:07,284 | WARNING |  Transacción id 9016: Monto <= 0
2026-08-05 21:00:07,284 | WARNING |  Transacción id 9021: Monto <= 0
2026-08-05 21:00:07,284 | WARNING |  Transacción id 9024: Monto <= 0
2026-08-05 21:00:07,284 | WARNING |  Transacción id 9026: Monto <= 0
2026-08-05 21:00:07,285 | WARNING |  Transacción id 9037: Monto <= 0
2026-08-05 21:00:07,285 | WARNING |  Transacción id 9040: Inversor inválido
2026-08-05 21:00:07,285 | WARNING |  Transacción id 9048: Monto <= 0
2026-08-05 21:00:07,285 | WARNING |  Transacción id 9049: Monto <= 0
2026-08-05 21:00:07,285 | WARNING |  Transacción id 9059: Inversor inválido
2026-08-05 21:00:07,285 | WARNING |  Transacción id 9060: Inversor inválido
2026-08-05 21:00:07,285 | WARNING |  Transacción id 9065: Monto <= 0
2026-08-05 21:00:07,285 | WARNING |  Transacción id 9067: Monto <= 0
2026-08-05 21:00:07,285 | WARNING |  Transacción id 9073: Inversor inválido
2026-08-05 21:00:07,285 | WARNING |  Transacción id 9074: Monto <= 0
2026-08-05 21:00:07,286 | WARNING |  Transacción id 9078: Monto <= 0
2026-08-05 21:00:07,286 | WARNING |  Transacción id 9079: Inversor inválido
2026-08-05 21:00:07,286 | WARNING |  Transacción id 9081: Monto <= 0
2026-08-05 21:00:07,286 | WARNING |  Transacción id 9082: Monto <= 0
2026-08-05 21:00:07,286 | WARNING |  Transacción id 9084: Monto <= 0
2026-08-05 21:00:07,286 | WARNING |  Transacción id 9087: Monto <= 0
2026-08-05 21:00:07,286 | WARNING |  Transacción id 9091: Monto <= 0
2026-08-05 21:00:07,286 | WARNING |  Transacción id 9092: Inversor inválido
2026-08-05 21:00:07,286 | WARNING |  Transacción id 9096: Inversor inválido
2026-08-05 21:00:07,286 | WARNING |  Transacción id 9100: Monto <= 0
2026-08-05 21:00:07,286 | WARNING |  Transacción id 9101: Monto <= 0
2026-08-05 21:00:07,286 | WARNING |  Transacción id 9103: Inversor inválido
2026-08-05 21:00:07,286 | WARNING |  Transacción id 9106: Monto <= 0
2026-08-05 21:00:07,287 | WARNING |  Transacción id 9109: Monto <= 0
2026-08-05 21:00:07,287 | WARNING |  Transacción id 9114: Monto <= 0
2026-08-05 21:00:07,287 | WARNING |  Transacción id 9115: Monto <= 0
2026-08-05 21:00:07,287 | WARNING |  Transacción id 9117: Monto <= 0
2026-08-05 21:00:07,287 | WARNING |  Transacción id 9122: Monto <= 0
2026-08-05 21:00:07,287 | WARNING |  Transacción id 9135: Inversor inválido
2026-08-05 21:00:07,287 | WARNING |  Transacción id 9136: Monto <= 0
2026-08-05 21:00:07,287 | WARNING |  Transacción id 9142: Inversor inválido
2026-08-05 21:00:07,287 | WARNING |  Transacción id 9143: Monto <= 0
2026-08-05 21:00:07,288 | WARNING |  Transacción id 9151: Monto <= 0
2026-08-05 21:00:07,288 | WARNING |  Transacción id 9158: Monto <= 0
2026-08-05 21:00:07,288 | WARNING |  Transacción id 9159: Monto <= 0
2026-08-05 21:00:07,288 | WARNING |  Transacción id 9166: Monto <= 0
2026-08-05 21:00:07,288 | WARNING |  Transacción id 9168: Monto <= 0
2026-08-05 21:00:07,288 | WARNING |  Transacción id 9170: Inversor inválido
2026-08-05 21:00:07,288 | WARNING |  Transacción id 9171: Monto <= 0
2026-08-05 21:00:07,288 | WARNING |  Transacción id 9177: Inversor inválido
2026-08-05 21:00:07,288 | WARNING |  Transacción id 9180: Inversor inválido
2026-08-05 21:00:07,288 | WARNING |  Transacción id 9184: Inversor inválido
2026-08-05 21:00:07,288 | WARNING |  Transacción id 9189: Monto <= 0
2026-08-05 21:00:07,289 | WARNING |  Transacción id 9190: Inversor inválido
2026-08-05 21:00:07,289 | WARNING |  Transacción id 9192: Monto <= 0
2026-08-05 21:00:07,289 | WARNING |  Transacción id 9193: Inversor inválido
2026-08-05 21:00:07,289 | WARNING |  Transacción id 9194: Inversor inválido
2026-08-05 21:00:07,289 | WARNING |  Transacción id 9195: Monto <= 0
2026-08-05 21:00:07,289 | WARNING |  Transacción id 9196: Monto <= 0
2026-08-05 21:00:07,289 | WARNING |  Transacción id 9198: Monto <= 0
2026-08-05 21:00:07,289 | WARNING |  Transacción id 9200: Monto <= 0
2026-08-05 21:00:07,289 | WARNING |  Transacción id 9208: Monto <= 0
2026-08-05 21:00:07,290 | WARNING |  Transacción id 9211: Inversor inválido
2026-08-05 21:00:07,290 | WARNING |  Transacción id 9212: Inversor inválido
2026-08-05 21:00:07,290 | WARNING |  Transacción id 9214: Monto <= 0
2026-08-05 21:00:07,290 | WARNING |  Transacción id 9215: Monto <= 0
2026-08-05 21:00:07,290 | WARNING |  Transacción id 9224: Inversor inválido
2026-08-05 21:00:07,290 | WARNING |  Transacción id 9225: Monto <= 0
2026-08-05 21:00:07,290 | WARNING |  Transacción id 9229: Monto <= 0
2026-08-05 21:00:07,290 | WARNING |  Transacción id 9230: Inversor inválido
2026-08-05 21:00:07,290 | WARNING |  Transacción id 9233: Monto <= 0
2026-08-05 21:00:07,290 | WARNING |  Transacción id 9234: Monto <= 0
2026-08-05 21:00:07,290 | WARNING |  Transacción id 9249: Monto <= 0
2026-08-05 21:00:07,291 | WARNING |  Transacción id 9251: Monto <= 0
2026-08-05 21:00:07,291 | WARNING |  Transacción id 9253: Monto <= 0
2026-08-05 21:00:07,291 | WARNING |  Transacción id 9256: Monto <= 0
2026-08-05 21:00:07,291 | WARNING |  Transacción id 9257: Monto <= 0
2026-08-05 21:00:07,291 | WARNING |  Transacción id 9259: Monto <= 0
2026-08-05 21:00:07,291 | WARNING |  Transacción id 9265: Monto <= 0
2026-08-05 21:00:07,291 | WARNING |  Transacción id 9271: Inversor inválido
2026-08-05 21:00:07,291 | WARNING |  Transacción id 9273: Monto <= 0
2026-08-05 21:00:07,291 | WARNING |  Transacción id 9274: Inversor inválido
2026-08-05 21:00:07,291 | WARNING |  Transacción id 9276: Inversor inválido
2026-08-05 21:00:07,291 | WARNING |  Transacción id 9280: Inversor inválido
2026-08-05 21:00:07,291 | WARNING |  Transacción id 9284: Monto <= 0
2026-08-05 21:00:07,292 | WARNING |  Transacción id 9290: Inversor inválido
2026-08-05 21:00:07,292 | WARNING |  Transacción id 9293: Monto <= 0
2026-08-05 21:00:07,292 | WARNING |  Transacción id 9295: Monto <= 0
2026-08-05 21:00:07,292 | WARNING |  Transacción id 9298: Monto <= 0
2026-08-05 21:00:07,292 | WARNING |  Transacción id 9299: Inversor inválido
2026-08-05 21:00:07,292 | WARNING |  Transacción id 9300: Monto <= 0
2026-08-05 21:00:07,292 | WARNING |  Transacción id 9310: Inversor inválido
2026-08-05 21:00:07,292 | WARNING |  Transacción id 9311: Monto <= 0
2026-08-05 21:00:07,292 | WARNING |  Transacción id 9314: Monto <= 0
2026-08-05 21:00:07,292 | WARNING |  Transacción id 9315: Monto <= 0
2026-08-05 21:00:07,292 | WARNING |  Transacción id 9316: Inversor inválido
2026-08-05 21:00:07,292 | WARNING |  Transacción id 9317: Monto <= 0
2026-08-05 21:00:07,292 | WARNING |  Transacción id 9318: Inversor inválido
2026-08-05 21:00:07,292 | WARNING |  Transacción id 9319: Monto <= 0
2026-08-05 21:00:07,293 | WARNING |  Transacción id 9324: Monto <= 0
2026-08-05 21:00:07,293 | WARNING |  Transacción id 9326: Inversor inválido
2026-08-05 21:00:07,293 | WARNING |  Transacción id 9328: Monto <= 0
2026-08-05 21:00:07,293 | WARNING |  Transacción id 9340: Monto <= 0
2026-08-05 21:00:07,293 | WARNING |  Transacción id 9343: Inversor inválido
2026-08-05 21:00:07,293 | WARNING |  Transacción id 9346: Monto <= 0
2026-08-05 21:00:07,293 | WARNING |  Transacción id 9347: Inversor inválido
2026-08-05 21:00:07,293 | WARNING |  Transacción id 9348: Monto <= 0
2026-08-05 21:00:07,293 | WARNING |  Transacción id 9349: Monto <= 0
2026-08-05 21:00:07,293 | WARNING |  Transacción id 9350: Monto <= 0
2026-08-05 21:00:07,293 | WARNING |  Transacción id 9354: Monto <= 0
2026-08-05 21:00:07,293 | WARNING |  Transacción id 9359: Monto <= 0
2026-08-05 21:00:07,294 | WARNING |  Transacción id 9360: Monto <= 0
2026-08-05 21:00:07,294 | WARNING |  Transacción id 9366: Inversor inválido
2026-08-05 21:00:07,294 | WARNING |  Transacción id 9373: Monto <= 0
2026-08-05 21:00:07,294 | WARNING |  Transacción id 9378: Inversor inválido
2026-08-05 21:00:07,294 | WARNING |  Transacción id 9379: Monto <= 0
2026-08-05 21:00:07,294 | WARNING |  Transacción id 9380: Monto <= 0
2026-08-05 21:00:07,294 | WARNING |  Transacción id 9382: Inversor inválido
2026-08-05 21:00:07,294 | WARNING |  Transacción id 9383: Monto <= 0
2026-08-05 21:00:07,294 | WARNING |  Transacción id 9384: Monto <= 0
2026-08-05 21:00:07,294 | WARNING |  Transacción id 9385: Inversor inválido
2026-08-05 21:00:07,295 | WARNING |  Transacción id 9387: Inversor inválido
2026-08-05 21:00:07,295 | WARNING |  Transacción id 9391: Monto <= 0
2026-08-05 21:00:07,295 | WARNING |  Transacción id 9392: Inversor inválido
2026-08-05 21:00:07,295 | WARNING |  Transacción id 9396: Monto <= 0
2026-08-05 21:00:07,295 | WARNING |  Transacción id 9401: Inversor inválido
2026-08-05 21:00:07,295 | WARNING |  Transacción id 9402: Inversor inválido
2026-08-05 21:00:07,295 | WARNING |  Transacción id 9403: Inversor inválido
2026-08-05 21:00:07,296 | WARNING |  Transacción id 9407: Monto <= 0
2026-08-05 21:00:07,296 | WARNING |  Transacción id 9411: Monto <= 0
2026-08-05 21:00:07,296 | WARNING |  Transacción id 9417: Monto <= 0
2026-08-05 21:00:07,296 | WARNING |  Transacción id 9420: Monto <= 0
2026-08-05 21:00:07,296 | WARNING |  Transacción id 9427: Inversor inválido
2026-08-05 21:00:07,296 | WARNING |  Transacción id 9428: Monto <= 0
2026-08-05 21:00:07,296 | WARNING |  Transacción id 9434: Monto <= 0
2026-08-05 21:00:07,296 | WARNING |  Transacción id 9437: Monto <= 0
2026-08-05 21:00:07,296 | WARNING |  Transacción id 9442: Monto <= 0
2026-08-05 21:00:07,296 | WARNING |  Transacción id 9443: Monto <= 0
2026-08-05 21:00:07,296 | WARNING |  Transacción id 9444: Monto <= 0
2026-08-05 21:00:07,297 | WARNING |  Transacción id 9453: Inversor inválido
2026-08-05 21:00:07,297 | WARNING |  Transacción id 9455: Monto <= 0
2026-08-05 21:00:07,297 | WARNING |  Transacción id 9461: Monto <= 0
2026-08-05 21:00:07,297 | WARNING |  Transacción id 9467: Inversor inválido
2026-08-05 21:00:07,297 | WARNING |  Transacción id 9468: Inversor inválido
2026-08-05 21:00:07,297 | WARNING |  Transacción id 9469: Monto <= 0
2026-08-05 21:00:07,297 | WARNING |  Transacción id 9470: Monto <= 0
2026-08-05 21:00:07,297 | WARNING |  Transacción id 9474: Inversor inválido
2026-08-05 21:00:07,297 | WARNING |  Transacción id 9476: Monto <= 0
2026-08-05 21:00:07,297 | WARNING |  Transacción id 9478: Monto <= 0
2026-08-05 21:00:07,297 | WARNING |  Transacción id 9481: Monto <= 0
2026-08-05 21:00:07,297 | WARNING |  Transacción id 9484: Inversor inválido
2026-08-05 21:00:07,298 | WARNING |  Transacción id 9485: Monto <= 0
2026-08-05 21:00:07,298 | WARNING |  Transacción id 9487: Monto <= 0
2026-08-05 21:00:07,298 | WARNING |  Transacción id 9488: Inversor inválido
2026-08-05 21:00:07,298 | WARNING |  Transacción id 9489: Inversor inválido
2026-08-05 21:00:07,298 | WARNING |  Transacción id 9494: Monto <= 0
2026-08-05 21:00:07,298 | WARNING |  Transacción id 9503: Inversor inválido
2026-08-05 21:00:07,298 | WARNING |  Transacción id 9505: Inversor inválido
2026-08-05 21:00:07,298 | WARNING |  Transacción id 9509: Monto <= 0
2026-08-05 21:00:07,298 | WARNING |  Transacción id 9516: Monto <= 0
2026-08-05 21:00:07,298 | WARNING |  Transacción id 9518: Inversor inválido
2026-08-05 21:00:07,298 | WARNING |  Transacción id 9519: Inversor inválido
2026-08-05 21:00:07,298 | WARNING |  Transacción id 9521: Monto <= 0
2026-08-05 21:00:07,298 | WARNING |  Transacción id 9522: Monto <= 0
2026-08-05 21:00:07,299 | WARNING |  Transacción id 9523: Inversor inválido
2026-08-05 21:00:07,299 | WARNING |  Transacción id 9526: Inversor inválido
2026-08-05 21:00:07,299 | WARNING |  Transacción id 9528: Monto <= 0
2026-08-05 21:00:07,299 | WARNING |  Transacción id 9529: Monto <= 0
2026-08-05 21:00:07,299 | WARNING |  Transacción id 9531: Monto <= 0
2026-08-05 21:00:07,299 | WARNING |  Transacción id 9532: Inversor inválido
2026-08-05 21:00:07,299 | WARNING |  Transacción id 9537: Monto <= 0
2026-08-05 21:00:07,299 | WARNING |  Transacción id 9538: Monto <= 0
2026-08-05 21:00:07,299 | WARNING |  Transacción id 9549: Inversor inválido
2026-08-05 21:00:07,299 | WARNING |  Transacción id 9550: Inversor inválido
2026-08-05 21:00:07,299 | WARNING |  Transacción id 9553: Monto <= 0
2026-08-05 21:00:07,300 | WARNING |  Transacción id 9556: Monto <= 0
2026-08-05 21:00:07,300 | WARNING |  Transacción id 9563: Inversor inválido
2026-08-05 21:00:07,300 | WARNING |  Transacción id 9566: Inversor inválido
2026-08-05 21:00:07,300 | WARNING |  Transacción id 9572: Monto <= 0
2026-08-05 21:00:07,300 | WARNING |  Transacción id 9575: Monto <= 0
2026-08-05 21:00:07,300 | WARNING |  Transacción id 9577: Monto <= 0
2026-08-05 21:00:07,300 | WARNING |  Transacción id 9578: Inversor inválido
2026-08-05 21:00:07,300 | WARNING |  Transacción id 9579: Monto <= 0
2026-08-05 21:00:07,301 | WARNING |  Transacción id 9582: Monto <= 0
2026-08-05 21:00:07,301 | WARNING |  Transacción id 9590: Monto <= 0
2026-08-05 21:00:07,301 | WARNING |  Transacción id 9599: Monto <= 0
2026-08-05 21:00:07,301 | WARNING |  Transacción id 9600: Inversor inválido
2026-08-05 21:00:07,301 | WARNING |  Transacción id 9603: Monto <= 0
2026-08-05 21:00:07,301 | WARNING |  Transacción id 9604: Monto <= 0
2026-08-05 21:00:07,301 | WARNING |  Transacción id 9611: Inversor inválido
2026-08-05 21:00:07,301 | WARNING |  Transacción id 9613: Inversor inválido
2026-08-05 21:00:07,301 | WARNING |  Transacción id 9614: Monto <= 0
2026-08-05 21:00:07,301 | WARNING |  Transacción id 9615: Monto <= 0
2026-08-05 21:00:07,302 | WARNING |  Transacción id 9616: Inversor inválido
2026-08-05 21:00:07,302 | WARNING |  Transacción id 9619: Monto <= 0
2026-08-05 21:00:07,302 | WARNING |  Transacción id 9627: Inversor inválido
2026-08-05 21:00:07,302 | WARNING |  Transacción id 9628: Monto <= 0
2026-08-05 21:00:07,302 | WARNING |  Transacción id 9631: Monto <= 0
2026-08-05 21:00:07,302 | WARNING |  Transacción id 9643: Inversor inválido
2026-08-05 21:00:07,302 | WARNING |  Transacción id 9644: Inversor inválido
2026-08-05 21:00:07,302 | WARNING |  Transacción id 9646: Monto <= 0
2026-08-05 21:00:07,302 | WARNING |  Transacción id 9648: Monto <= 0
2026-08-05 21:00:07,302 | WARNING |  Transacción id 9651: Monto <= 0
2026-08-05 21:00:07,302 | WARNING |  Transacción id 9652: Monto <= 0
2026-08-05 21:00:07,303 | WARNING |  Transacción id 9653: Inversor inválido
2026-08-05 21:00:07,303 | WARNING |  Transacción id 9657: Inversor inválido
2026-08-05 21:00:07,303 | WARNING |  Transacción id 9658: Monto <= 0
2026-08-05 21:00:07,303 | WARNING |  Transacción id 9660: Monto <= 0
2026-08-05 21:00:07,303 | WARNING |  Transacción id 9663: Monto <= 0
2026-08-05 21:00:07,303 | WARNING |  Transacción id 9664: Monto <= 0
2026-08-05 21:00:07,303 | WARNING |  Transacción id 9670: Monto <= 0
2026-08-05 21:00:07,303 | WARNING |  Transacción id 9684: Inversor inválido
2026-08-05 21:00:07,303 | WARNING |  Transacción id 9686: Monto <= 0
2026-08-05 21:00:07,303 | WARNING |  Transacción id 9692: Inversor inválido
2026-08-05 21:00:07,303 | WARNING |  Transacción id 9710: Monto <= 0
2026-08-05 21:00:07,304 | WARNING |  Transacción id 9711: Monto <= 0
2026-08-05 21:00:07,304 | WARNING |  Transacción id 9716: Monto <= 0
2026-08-05 21:00:07,304 | WARNING |  Transacción id 9718: Monto <= 0
2026-08-05 21:00:07,304 | WARNING |  Transacción id 9720: Inversor inválido
2026-08-05 21:00:07,304 | WARNING |  Transacción id 9722: Monto <= 0
2026-08-05 21:00:07,304 | WARNING |  Transacción id 9724: Monto <= 0
2026-08-05 21:00:07,304 | WARNING |  Transacción id 9730: Inversor inválido
2026-08-05 21:00:07,304 | WARNING |  Transacción id 9732: Inversor inválido
2026-08-05 21:00:07,304 | WARNING |  Transacción id 9736: Monto <= 0
2026-08-05 21:00:07,304 | WARNING |  Transacción id 9737: Monto <= 0
2026-08-05 21:00:07,305 | WARNING |  Transacción id 9741: Inversor inválido
2026-08-05 21:00:07,305 | WARNING |  Transacción id 9743: Monto <= 0
2026-08-05 21:00:07,305 | WARNING |  Transacción id 9746: Monto <= 0
2026-08-05 21:00:07,305 | WARNING |  Transacción id 9756: Monto <= 0
2026-08-05 21:00:07,305 | WARNING |  Transacción id 9758: Monto <= 0
2026-08-05 21:00:07,305 | WARNING |  Transacción id 9764: Monto <= 0
2026-08-05 21:00:07,305 | WARNING |  Transacción id 9765: Monto <= 0
2026-08-05 21:00:07,305 | WARNING |  Transacción id 9773: Inversor inválido
2026-08-05 21:00:07,305 | WARNING |  Transacción id 9774: Monto <= 0
2026-08-05 21:00:07,305 | WARNING |  Transacción id 9776: Inversor inválido
2026-08-05 21:00:07,305 | WARNING |  Transacción id 9783: Monto <= 0
2026-08-05 21:00:07,306 | WARNING |  Transacción id 9784: Monto <= 0
2026-08-05 21:00:07,306 | WARNING |  Transacción id 9786: Inversor inválido
2026-08-05 21:00:07,306 | WARNING |  Transacción id 9790: Monto <= 0
2026-08-05 21:00:07,306 | WARNING |  Transacción id 9794: Inversor inválido
2026-08-05 21:00:07,306 | WARNING |  Transacción id 9795: Monto <= 0
2026-08-05 21:00:07,306 | WARNING |  Transacción id 9796: Monto <= 0
2026-08-05 21:00:07,306 | WARNING |  Transacción id 9797: Inversor inválido
2026-08-05 21:00:07,306 | WARNING |  Transacción id 9798: Monto <= 0
2026-08-05 21:00:07,306 | WARNING |  Transacción id 9805: Monto <= 0
2026-08-05 21:00:07,306 | WARNING |  Transacción id 9810: Inversor inválido
2026-08-05 21:00:07,307 | WARNING |  Transacción id 9811: Inversor inválido
2026-08-05 21:00:07,307 | WARNING |  Transacción id 9815: Inversor inválido
2026-08-05 21:00:07,307 | WARNING |  Transacción id 9816: Inversor inválido
2026-08-05 21:00:07,307 | WARNING |  Transacción id 9823: Inversor inválido
2026-08-05 21:00:07,307 | WARNING |  Transacción id 9826: Monto <= 0
2026-08-05 21:00:07,307 | WARNING |  Transacción id 9835: Monto <= 0
2026-08-05 21:00:07,307 | WARNING |  Transacción id 9840: Inversor inválido
2026-08-05 21:00:07,307 | WARNING |  Transacción id 9841: Inversor inválido
2026-08-05 21:00:07,307 | WARNING |  Transacción id 9844: Monto <= 0
2026-08-05 21:00:07,307 | WARNING |  Transacción id 9851: Monto <= 0
2026-08-05 21:00:07,308 | WARNING |  Transacción id 9852: Monto <= 0
2026-08-05 21:00:07,308 | WARNING |  Transacción id 9853: Inversor inválido
2026-08-05 21:00:07,308 | WARNING |  Transacción id 9855: Inversor inválido
2026-08-05 21:00:07,308 | WARNING |  Transacción id 9860: Monto <= 0
2026-08-05 21:00:07,308 | WARNING |  Transacción id 9861: Monto <= 0
2026-08-05 21:00:07,308 | WARNING |  Transacción id 9882: Monto <= 0
2026-08-05 21:00:07,308 | WARNING |  Transacción id 9884: Inversor inválido
2026-08-05 21:00:07,308 | WARNING |  Transacción id 9890: Monto <= 0
2026-08-05 21:00:07,308 | WARNING |  Transacción id 9892: Monto <= 0
2026-08-05 21:00:07,308 | WARNING |  Transacción id 9895: Monto <= 0
2026-08-05 21:00:07,309 | WARNING |  Transacción id 9898: Inversor inválido
2026-08-05 21:00:07,309 | WARNING |  Transacción id 9902: Monto <= 0
2026-08-05 21:00:07,309 | WARNING |  Transacción id 9906: Monto <= 0
2026-08-05 21:00:07,309 | WARNING |  Transacción id 9913: Inversor inválido
2026-08-05 21:00:07,309 | WARNING |  Transacción id 9919: Monto <= 0
2026-08-05 21:00:07,309 | WARNING |  Transacción id 9920: Monto <= 0
2026-08-05 21:00:07,309 | WARNING |  Transacción id 9925: Monto <= 0
2026-08-05 21:00:07,309 | WARNING |  Transacción id 9926: Monto <= 0
2026-08-05 21:00:07,309 | WARNING |  Transacción id 9931: Inversor inválido
2026-08-05 21:00:07,309 | WARNING |  Transacción id 9933: Monto <= 0
2026-08-05 21:00:07,310 | WARNING |  Transacción id 9937: Inversor inválido
2026-08-05 21:00:07,310 | WARNING |  Transacción id 9938: Inversor inválido
2026-08-05 21:00:07,310 | WARNING |  Transacción id 9947: Inversor inválido
2026-08-05 21:00:07,310 | WARNING |  Transacción id 9948: Monto <= 0
2026-08-05 21:00:07,310 | WARNING |  Transacción id 9950: Monto <= 0
2026-08-05 21:00:07,310 | WARNING |  Transacción id 9955: Inversor inválido
2026-08-05 21:00:07,310 | WARNING |  Transacción id 9957: Monto <= 0
2026-08-05 21:00:07,310 | WARNING |  Transacción id 9959: Inversor inválido
2026-08-05 21:00:07,310 | WARNING |  Transacción id 9960: Monto <= 0
2026-08-05 21:00:07,310 | WARNING |  Transacción id 9963: Inversor inválido
2026-08-05 21:00:07,310 | WARNING |  Transacción id 9965: Inversor inválido
2026-08-05 21:00:07,310 | WARNING |  Transacción id 9968: Monto <= 0
2026-08-05 21:00:07,311 | WARNING |  Transacción id 9975: Monto <= 0
2026-08-05 21:00:07,311 | WARNING |  Transacción id 9977: Monto <= 0
2026-08-05 21:00:07,311 | WARNING |  Transacción id 9979: Monto <= 0
2026-08-05 21:00:07,311 | WARNING |  Transacción id 9982: Monto <= 0
2026-08-05 21:00:07,311 | WARNING |  Transacción id 9983: Monto <= 0
2026-08-05 21:00:07,311 | WARNING |  Transacción id 9986: Inversor inválido
2026-08-05 21:00:07,311 | WARNING |  Transacción id 9987: Monto <= 0
2026-08-05 21:00:07,311 | WARNING |  Transacción id 9988: Monto <= 0
2026-08-05 21:00:07,311 | WARNING |  Transacción id 9990: Monto <= 0
2026-08-05 21:00:07,311 | WARNING |  Transacción id 9991: Inversor inválido
2026-08-05 21:00:07,312 | WARNING |  Transacción id 9996: Monto <= 0
2026-08-05 21:00:07,312 | WARNING |  Transacción id 10003: Inversor inválido
2026-08-05 21:00:07,312 | WARNING |  Transacción id 10005: Inversor inválido
2026-08-05 21:00:07,312 | WARNING |  Transacción id 10032: Inversor inválido
2026-08-05 21:00:07,312 | INFO | ----- FIN DEL REPORTE -----
2026-08-05 21:00:07,312 | INFO | Proceso ETL finalizado con éxito.
2026-08-05 21:00:07,315 | INFO | Registro de ejecución insertado en la tabla de control: estado=ÉXITO
2026-08-05 21:00:09,760 | INFO | Notificación por mail enviada.
2026-08-05 21:03:35,738 | INFO | Iniciando proceso ETL...
2026-08-05 21:03:35,739 | INFO | Paso 1/4: extrayendo datos del origen...
2026-08-05 21:03:35,780 | INFO | Paso 2/4: transformando datos...
2026-08-05 21:03:35,782 | INFO | Paso 3/4: cargando datos en la base de destino...
2026-08-05 21:03:36,054 | INFO | Nuevas transacciones cargadas : 0
2026-08-05 21:03:36,054 | INFO | Paso 4/4: generando reporte del proceso...
2026-08-05 21:03:36,054 | INFO | ----- REPORTE DE CARGA -----
2026-08-05 21:03:36,054 | INFO | Fondos cargados: 5
2026-08-05 21:03:36,054 | INFO | Inversores cargados correctamente: 87
2026-08-05 21:03:36,054 | INFO | Transacciones cargadas correctamente: 6956
2026-08-05 21:03:36,054 | WARNING | Inversores descartados: 13
2026-08-05 21:03:36,054 | WARNING |  Inversion id 106: Email vacío o nulo
2026-08-05 21:03:36,055 | WARNING |  Inversion id 107: Email vacío o nulo
2026-08-05 21:03:36,055 | WARNING |  Inversion id 112: Email vacío o nulo
2026-08-05 21:03:36,055 | WARNING |  Inversion id 118: Email vacío o nulo
2026-08-05 21:03:36,055 | WARNING |  Inversion id 129: Email vacío o nulo
2026-08-05 21:03:36,055 | WARNING |  Inversion id 134: Email vacío o nulo
2026-08-05 21:03:36,055 | WARNING |  Inversion id 135: Email vacío o nulo
2026-08-05 21:03:36,055 | WARNING |  Inversion id 145: Email vacío o nulo
2026-08-05 21:03:36,055 | WARNING |  Inversion id 149: Email vacío o nulo
2026-08-05 21:03:36,055 | WARNING |  Inversion id 171: Email vacío o nulo
2026-08-05 21:03:36,056 | WARNING |  Inversion id 183: Email vacío o nulo
2026-08-05 21:03:36,056 | WARNING |  Inversion id 187: Email vacío o nulo
2026-08-05 21:03:36,056 | WARNING |  Inversion id 198: Email vacío o nulo
2026-08-05 21:03:36,056 | WARNING | Transacciones descartadas: 3094
2026-08-05 21:03:36,056 | WARNING |  Transacción id 4: Monto <= 0
2026-08-05 21:03:36,056 | WARNING |  Transacción id 6: Monto <= 0
2026-08-05 21:03:36,057 | WARNING |  Transacción id 7: Monto <= 0
2026-08-05 21:03:36,057 | WARNING |  Transacción id 9: Inversor inválido
2026-08-05 21:03:36,057 | WARNING |  Transacción id 11: Monto <= 0
2026-08-05 21:03:36,057 | WARNING |  Transacción id 12: Inversor inválido
2026-08-05 21:03:36,057 | WARNING |  Transacción id 15: Inversor inválido
2026-08-05 21:03:36,057 | WARNING |  Transacción id 16: Monto <= 0
2026-08-05 21:03:36,057 | WARNING |  Transacción id 20: Monto <= 0
2026-08-05 21:03:36,057 | WARNING |  Transacción id 26: Monto <= 0
2026-08-05 21:03:36,057 | WARNING |  Transacción id 29: Monto <= 0
2026-08-05 21:03:36,057 | WARNING |  Transacción id 30: Monto <= 0
2026-08-05 21:03:36,058 | WARNING |  Transacción id 32: Monto <= 0
2026-08-05 21:03:36,058 | WARNING |  Transacción id 34: Monto <= 0
2026-08-05 21:03:36,058 | WARNING |  Transacción id 39: Monto <= 0
2026-08-05 21:03:36,058 | WARNING |  Transacción id 42: Inversor inválido
2026-08-05 21:03:36,058 | WARNING |  Transacción id 43: Monto <= 0
2026-08-05 21:03:36,058 | WARNING |  Transacción id 44: Inversor inválido
2026-08-05 21:03:36,058 | WARNING |  Transacción id 49: Monto <= 0
2026-08-05 21:03:36,058 | WARNING |  Transacción id 50: Monto <= 0
2026-08-05 21:03:36,058 | WARNING |  Transacción id 51: Monto <= 0
2026-08-05 21:03:36,058 | WARNING |  Transacción id 56: Monto <= 0
2026-08-05 21:03:36,059 | WARNING |  Transacción id 60: Inversor inválido
2026-08-05 21:03:36,059 | WARNING |  Transacción id 64: Monto <= 0
2026-08-05 21:03:36,059 | WARNING |  Transacción id 65: Inversor inválido
2026-08-05 21:03:36,059 | WARNING |  Transacción id 66: Monto <= 0
2026-08-05 21:03:36,059 | WARNING |  Transacción id 67: Monto <= 0
2026-08-05 21:03:36,059 | WARNING |  Transacción id 68: Monto <= 0
2026-08-05 21:03:36,059 | WARNING |  Transacción id 77: Monto <= 0
2026-08-05 21:03:36,059 | WARNING |  Transacción id 79: Monto <= 0
2026-08-05 21:03:36,059 | WARNING |  Transacción id 81: Inversor inválido
2026-08-05 21:03:36,059 | WARNING |  Transacción id 82: Monto <= 0
2026-08-05 21:03:36,060 | WARNING |  Transacción id 84: Monto <= 0
2026-08-05 21:03:36,060 | WARNING |  Transacción id 85: Inversor inválido
2026-08-05 21:03:36,060 | WARNING |  Transacción id 87: Monto <= 0
2026-08-05 21:03:36,060 | WARNING |  Transacción id 89: Monto <= 0
2026-08-05 21:03:36,060 | WARNING |  Transacción id 95: Monto <= 0
2026-08-05 21:03:36,060 | WARNING |  Transacción id 103: Inversor inválido
2026-08-05 21:03:36,060 | WARNING |  Transacción id 106: Monto <= 0
2026-08-05 21:03:36,061 | WARNING |  Transacción id 107: Inversor inválido
2026-08-05 21:03:36,061 | WARNING |  Transacción id 109: Monto <= 0
2026-08-05 21:03:36,061 | WARNING |  Transacción id 113: Monto <= 0
2026-08-05 21:03:36,061 | WARNING |  Transacción id 116: Monto <= 0
2026-08-05 21:03:36,061 | WARNING |  Transacción id 121: Monto <= 0
2026-08-05 21:03:36,061 | WARNING |  Transacción id 122: Inversor inválido
2026-08-05 21:03:36,061 | WARNING |  Transacción id 123: Monto <= 0
2026-08-05 21:03:36,061 | WARNING |  Transacción id 131: Monto <= 0
2026-08-05 21:03:36,061 | WARNING |  Transacción id 134: Monto <= 0
2026-08-05 21:03:36,061 | WARNING |  Transacción id 137: Monto <= 0
2026-08-05 21:03:36,062 | WARNING |  Transacción id 139: Monto <= 0
2026-08-05 21:03:36,062 | WARNING |  Transacción id 142: Monto <= 0
2026-08-05 21:03:36,062 | WARNING |  Transacción id 143: Monto <= 0
2026-08-05 21:03:36,062 | WARNING |  Transacción id 144: Monto <= 0
2026-08-05 21:03:36,062 | WARNING |  Transacción id 153: Inversor inválido
2026-08-05 21:03:36,062 | WARNING |  Transacción id 159: Monto <= 0
2026-08-05 21:03:36,062 | WARNING |  Transacción id 164: Monto <= 0
2026-08-05 21:03:36,062 | WARNING |  Transacción id 166: Inversor inválido
2026-08-05 21:03:36,062 | WARNING |  Transacción id 170: Monto <= 0
2026-08-05 21:03:36,063 | WARNING |  Transacción id 175: Inversor inválido
2026-08-05 21:03:36,063 | WARNING |  Transacción id 177: Monto <= 0
2026-08-05 21:03:36,063 | WARNING |  Transacción id 185: Monto <= 0
2026-08-05 21:03:36,063 | WARNING |  Transacción id 186: Monto <= 0
2026-08-05 21:03:36,063 | WARNING |  Transacción id 190: Inversor inválido
2026-08-05 21:03:36,063 | WARNING |  Transacción id 194: Monto <= 0
2026-08-05 21:03:36,063 | WARNING |  Transacción id 199: Inversor inválido
2026-08-05 21:03:36,063 | WARNING |  Transacción id 200: Inversor inválido
2026-08-05 21:03:36,063 | WARNING |  Transacción id 201: Monto <= 0
2026-08-05 21:03:36,063 | WARNING |  Transacción id 203: Inversor inválido
2026-08-05 21:03:36,063 | WARNING |  Transacción id 211: Monto <= 0
2026-08-05 21:03:36,064 | WARNING |  Transacción id 215: Monto <= 0
2026-08-05 21:03:36,064 | WARNING |  Transacción id 216: Monto <= 0
2026-08-05 21:03:36,064 | WARNING |  Transacción id 217: Monto <= 0
2026-08-05 21:03:36,064 | WARNING |  Transacción id 218: Monto <= 0
2026-08-05 21:03:36,064 | WARNING |  Transacción id 222: Monto <= 0
2026-08-05 21:03:36,064 | WARNING |  Transacción id 226: Inversor inválido
2026-08-05 21:03:36,064 | WARNING |  Transacción id 228: Inversor inválido
2026-08-05 21:03:36,065 | WARNING |  Transacción id 233: Monto <= 0
2026-08-05 21:03:36,065 | WARNING |  Transacción id 235: Monto <= 0
2026-08-05 21:03:36,065 | WARNING |  Transacción id 237: Monto <= 0
2026-08-05 21:03:36,065 | WARNING |  Transacción id 238: Monto <= 0
2026-08-05 21:03:36,065 | WARNING |  Transacción id 239: Inversor inválido
2026-08-05 21:03:36,065 | WARNING |  Transacción id 240: Monto <= 0
2026-08-05 21:03:36,065 | WARNING |  Transacción id 243: Monto <= 0
2026-08-05 21:03:36,065 | WARNING |  Transacción id 244: Monto <= 0
2026-08-05 21:03:36,065 | WARNING |  Transacción id 248: Monto <= 0
2026-08-05 21:03:36,065 | WARNING |  Transacción id 257: Monto <= 0
2026-08-05 21:03:36,066 | WARNING |  Transacción id 258: Monto <= 0
2026-08-05 21:03:36,066 | WARNING |  Transacción id 259: Monto <= 0
2026-08-05 21:03:36,066 | WARNING |  Transacción id 263: Inversor inválido
2026-08-05 21:03:36,066 | WARNING |  Transacción id 266: Monto <= 0
2026-08-05 21:03:36,066 | WARNING |  Transacción id 267: Monto <= 0
2026-08-05 21:03:36,066 | WARNING |  Transacción id 271: Monto <= 0
2026-08-05 21:03:36,066 | WARNING |  Transacción id 277: Monto <= 0
2026-08-05 21:03:36,066 | WARNING |  Transacción id 281: Monto <= 0
2026-08-05 21:03:36,066 | WARNING |  Transacción id 283: Monto <= 0
2026-08-05 21:03:36,066 | WARNING |  Transacción id 285: Inversor inválido
2026-08-05 21:03:36,067 | WARNING |  Transacción id 294: Monto <= 0
2026-08-05 21:03:36,067 | WARNING |  Transacción id 295: Monto <= 0
2026-08-05 21:03:36,067 | WARNING |  Transacción id 298: Monto <= 0
2026-08-05 21:03:36,067 | WARNING |  Transacción id 304: Monto <= 0
2026-08-05 21:03:36,067 | WARNING |  Transacción id 305: Inversor inválido
2026-08-05 21:03:36,067 | WARNING |  Transacción id 306: Monto <= 0
2026-08-05 21:03:36,067 | WARNING |  Transacción id 308: Monto <= 0
2026-08-05 21:03:36,067 | WARNING |  Transacción id 310: Inversor inválido
2026-08-05 21:03:36,067 | WARNING |  Transacción id 314: Monto <= 0
2026-08-05 21:03:36,067 | WARNING |  Transacción id 317: Inversor inválido
2026-08-05 21:03:36,068 | WARNING |  Transacción id 318: Inversor inválido
2026-08-05 21:03:36,068 | WARNING |  Transacción id 319: Monto <= 0
2026-08-05 21:03:36,068 | WARNING |  Transacción id 324: Monto <= 0
2026-08-05 21:03:36,068 | WARNING |  Transacción id 325: Monto <= 0
2026-08-05 21:03:36,068 | WARNING |  Transacción id 326: Monto <= 0
2026-08-05 21:03:36,068 | WARNING |  Transacción id 327: Monto <= 0
2026-08-05 21:03:36,068 | WARNING |  Transacción id 328: Monto <= 0
2026-08-05 21:03:36,068 | WARNING |  Transacción id 331: Inversor inválido
2026-08-05 21:03:36,069 | WARNING |  Transacción id 339: Monto <= 0
2026-08-05 21:03:36,069 | WARNING |  Transacción id 341: Monto <= 0
2026-08-05 21:03:36,069 | WARNING |  Transacción id 342: Monto <= 0
2026-08-05 21:03:36,069 | WARNING |  Transacción id 345: Monto <= 0
2026-08-05 21:03:36,069 | WARNING |  Transacción id 351: Monto <= 0
2026-08-05 21:03:36,069 | WARNING |  Transacción id 355: Inversor inválido
2026-08-05 21:03:36,069 | WARNING |  Transacción id 356: Monto <= 0
2026-08-05 21:03:36,069 | WARNING |  Transacción id 362: Inversor inválido
2026-08-05 21:03:36,070 | WARNING |  Transacción id 365: Monto <= 0
2026-08-05 21:03:36,070 | WARNING |  Transacción id 376: Monto <= 0
2026-08-05 21:03:36,070 | WARNING |  Transacción id 379: Monto <= 0
2026-08-05 21:03:36,070 | WARNING |  Transacción id 380: Monto <= 0
2026-08-05 21:03:36,070 | WARNING |  Transacción id 381: Inversor inválido
2026-08-05 21:03:36,070 | WARNING |  Transacción id 384: Inversor inválido
2026-08-05 21:03:36,070 | WARNING |  Transacción id 388: Inversor inválido
2026-08-05 21:03:36,070 | WARNING |  Transacción id 392: Monto <= 0
2026-08-05 21:03:36,070 | WARNING |  Transacción id 398: Inversor inválido
2026-08-05 21:03:36,071 | WARNING |  Transacción id 403: Inversor inválido
2026-08-05 21:03:36,071 | WARNING |  Transacción id 407: Inversor inválido
2026-08-05 21:03:36,071 | WARNING |  Transacción id 409: Inversor inválido
2026-08-05 21:03:36,071 | WARNING |  Transacción id 411: Inversor inválido
2026-08-05 21:03:36,071 | WARNING |  Transacción id 412: Monto <= 0
2026-08-05 21:03:36,071 | WARNING |  Transacción id 415: Monto <= 0
2026-08-05 21:03:36,071 | WARNING |  Transacción id 424: Monto <= 0
2026-08-05 21:03:36,071 | WARNING |  Transacción id 425: Monto <= 0
2026-08-05 21:03:36,071 | WARNING |  Transacción id 429: Monto <= 0
2026-08-05 21:03:36,071 | WARNING |  Transacción id 432: Monto <= 0
2026-08-05 21:03:36,071 | WARNING |  Transacción id 437: Monto <= 0
2026-08-05 21:03:36,072 | WARNING |  Transacción id 448: Monto <= 0
2026-08-05 21:03:36,072 | WARNING |  Transacción id 450: Monto <= 0
2026-08-05 21:03:36,072 | WARNING |  Transacción id 452: Monto <= 0
2026-08-05 21:03:36,072 | WARNING |  Transacción id 453: Inversor inválido
2026-08-05 21:03:36,072 | WARNING |  Transacción id 454: Inversor inválido
2026-08-05 21:03:36,072 | WARNING |  Transacción id 455: Monto <= 0
2026-08-05 21:03:36,072 | WARNING |  Transacción id 457: Monto <= 0
2026-08-05 21:03:36,072 | WARNING |  Transacción id 459: Monto <= 0
2026-08-05 21:03:36,072 | WARNING |  Transacción id 471: Monto <= 0
2026-08-05 21:03:36,072 | WARNING |  Transacción id 477: Monto <= 0
2026-08-05 21:03:36,073 | WARNING |  Transacción id 483: Monto <= 0
2026-08-05 21:03:36,073 | WARNING |  Transacción id 484: Inversor inválido
2026-08-05 21:03:36,073 | WARNING |  Transacción id 490: Monto <= 0
2026-08-05 21:03:36,073 | WARNING |  Transacción id 505: Monto <= 0
2026-08-05 21:03:36,073 | WARNING |  Transacción id 506: Monto <= 0
2026-08-05 21:03:36,073 | WARNING |  Transacción id 508: Monto <= 0
2026-08-05 21:03:36,073 | WARNING |  Transacción id 509: Inversor inválido
2026-08-05 21:03:36,073 | WARNING |  Transacción id 511: Monto <= 0
2026-08-05 21:03:36,073 | WARNING |  Transacción id 514: Inversor inválido
2026-08-05 21:03:36,073 | WARNING |  Transacción id 515: Monto <= 0
2026-08-05 21:03:36,073 | WARNING |  Transacción id 518: Monto <= 0
2026-08-05 21:03:36,074 | WARNING |  Transacción id 520: Inversor inválido
2026-08-05 21:03:36,074 | WARNING |  Transacción id 525: Monto <= 0
2026-08-05 21:03:36,074 | WARNING |  Transacción id 532: Inversor inválido
2026-08-05 21:03:36,074 | WARNING |  Transacción id 533: Monto <= 0
2026-08-05 21:03:36,074 | WARNING |  Transacción id 536: Monto <= 0
2026-08-05 21:03:36,074 | WARNING |  Transacción id 540: Inversor inválido
2026-08-05 21:03:36,074 | WARNING |  Transacción id 543: Inversor inválido
2026-08-05 21:03:36,074 | WARNING |  Transacción id 544: Inversor inválido
2026-08-05 21:03:36,075 | WARNING |  Transacción id 545: Monto <= 0
2026-08-05 21:03:36,075 | WARNING |  Transacción id 547: Monto <= 0
2026-08-05 21:03:36,075 | WARNING |  Transacción id 552: Monto <= 0
2026-08-05 21:03:36,075 | WARNING |  Transacción id 554: Monto <= 0
2026-08-05 21:03:36,075 | WARNING |  Transacción id 555: Monto <= 0
2026-08-05 21:03:36,075 | WARNING |  Transacción id 557: Monto <= 0
2026-08-05 21:03:36,075 | WARNING |  Transacción id 558: Monto <= 0
2026-08-05 21:03:36,075 | WARNING |  Transacción id 566: Inversor inválido
2026-08-05 21:03:36,075 | WARNING |  Transacción id 574: Monto <= 0
2026-08-05 21:03:36,076 | WARNING |  Transacción id 575: Inversor inválido
2026-08-05 21:03:36,076 | WARNING |  Transacción id 576: Monto <= 0
2026-08-05 21:03:36,076 | WARNING |  Transacción id 578: Monto <= 0
2026-08-05 21:03:36,076 | WARNING |  Transacción id 581: Monto <= 0
2026-08-05 21:03:36,076 | WARNING |  Transacción id 583: Inversor inválido
2026-08-05 21:03:36,076 | WARNING |  Transacción id 584: Inversor inválido
2026-08-05 21:03:36,076 | WARNING |  Transacción id 587: Inversor inválido
2026-08-05 21:03:36,076 | WARNING |  Transacción id 588: Inversor inválido
2026-08-05 21:03:36,076 | WARNING |  Transacción id 591: Inversor inválido
2026-08-05 21:03:36,076 | WARNING |  Transacción id 596: Monto <= 0
2026-08-05 21:03:36,077 | WARNING |  Transacción id 603: Monto <= 0
2026-08-05 21:03:36,077 | WARNING |  Transacción id 605: Inversor inválido
2026-08-05 21:03:36,077 | WARNING |  Transacción id 606: Inversor inválido
2026-08-05 21:03:36,077 | WARNING |  Transacción id 610: Monto <= 0
2026-08-05 21:03:36,077 | WARNING |  Transacción id 611: Monto <= 0
2026-08-05 21:03:36,077 | WARNING |  Transacción id 612: Inversor inválido
2026-08-05 21:03:36,077 | WARNING |  Transacción id 613: Monto <= 0
2026-08-05 21:03:36,077 | WARNING |  Transacción id 614: Monto <= 0
2026-08-05 21:03:36,077 | WARNING |  Transacción id 615: Monto <= 0
2026-08-05 21:03:36,077 | WARNING |  Transacción id 616: Monto <= 0
2026-08-05 21:03:36,077 | WARNING |  Transacción id 621: Inversor inválido
2026-08-05 21:03:36,078 | WARNING |  Transacción id 623: Monto <= 0
2026-08-05 21:03:36,078 | WARNING |  Transacción id 626: Monto <= 0
2026-08-05 21:03:36,078 | WARNING |  Transacción id 634: Monto <= 0
2026-08-05 21:03:36,078 | WARNING |  Transacción id 635: Inversor inválido
2026-08-05 21:03:36,078 | WARNING |  Transacción id 636: Inversor inválido
2026-08-05 21:03:36,078 | WARNING |  Transacción id 640: Monto <= 0
2026-08-05 21:03:36,078 | WARNING |  Transacción id 642: Monto <= 0
2026-08-05 21:03:36,078 | WARNING |  Transacción id 644: Inversor inválido
2026-08-05 21:03:36,078 | WARNING |  Transacción id 646: Monto <= 0
2026-08-05 21:03:36,079 | WARNING |  Transacción id 650: Monto <= 0
2026-08-05 21:03:36,079 | WARNING |  Transacción id 652: Inversor inválido
2026-08-05 21:03:36,079 | WARNING |  Transacción id 655: Monto <= 0
2026-08-05 21:03:36,079 | WARNING |  Transacción id 664: Monto <= 0
2026-08-05 21:03:36,079 | WARNING |  Transacción id 668: Inversor inválido
2026-08-05 21:03:36,079 | WARNING |  Transacción id 669: Monto <= 0
2026-08-05 21:03:36,079 | WARNING |  Transacción id 673: Inversor inválido
2026-08-05 21:03:36,079 | WARNING |  Transacción id 681: Monto <= 0
2026-08-05 21:03:36,079 | WARNING |  Transacción id 682: Monto <= 0
2026-08-05 21:03:36,079 | WARNING |  Transacción id 689: Monto <= 0
2026-08-05 21:03:36,080 | WARNING |  Transacción id 690: Monto <= 0
2026-08-05 21:03:36,080 | WARNING |  Transacción id 692: Inversor inválido
2026-08-05 21:03:36,080 | WARNING |  Transacción id 693: Monto <= 0
2026-08-05 21:03:36,080 | WARNING |  Transacción id 694: Inversor inválido
2026-08-05 21:03:36,080 | WARNING |  Transacción id 701: Monto <= 0
2026-08-05 21:03:36,080 | WARNING |  Transacción id 708: Monto <= 0
2026-08-05 21:03:36,080 | WARNING |  Transacción id 710: Monto <= 0
2026-08-05 21:03:36,080 | WARNING |  Transacción id 711: Monto <= 0
2026-08-05 21:03:36,080 | WARNING |  Transacción id 712: Monto <= 0
2026-08-05 21:03:36,081 | WARNING |  Transacción id 713: Inversor inválido
2026-08-05 21:03:36,081 | WARNING |  Transacción id 722: Monto <= 0
2026-08-05 21:03:36,081 | WARNING |  Transacción id 729: Inversor inválido
2026-08-05 21:03:36,081 | WARNING |  Transacción id 731: Monto <= 0
2026-08-05 21:03:36,081 | WARNING |  Transacción id 732: Monto <= 0
2026-08-05 21:03:36,081 | WARNING |  Transacción id 736: Inversor inválido
2026-08-05 21:03:36,081 | WARNING |  Transacción id 737: Monto <= 0
2026-08-05 21:03:36,081 | WARNING |  Transacción id 740: Inversor inválido
2026-08-05 21:03:36,081 | WARNING |  Transacción id 742: Inversor inválido
2026-08-05 21:03:36,081 | WARNING |  Transacción id 743: Monto <= 0
2026-08-05 21:03:36,082 | WARNING |  Transacción id 746: Monto <= 0
2026-08-05 21:03:36,082 | WARNING |  Transacción id 749: Inversor inválido
2026-08-05 21:03:36,082 | WARNING |  Transacción id 750: Inversor inválido
2026-08-05 21:03:36,082 | WARNING |  Transacción id 751: Monto <= 0
2026-08-05 21:03:36,082 | WARNING |  Transacción id 759: Monto <= 0
2026-08-05 21:03:36,082 | WARNING |  Transacción id 760: Inversor inválido
2026-08-05 21:03:36,082 | WARNING |  Transacción id 766: Monto <= 0
2026-08-05 21:03:36,082 | WARNING |  Transacción id 772: Monto <= 0
2026-08-05 21:03:36,082 | WARNING |  Transacción id 774: Inversor inválido
2026-08-05 21:03:36,083 | WARNING |  Transacción id 779: Inversor inválido
2026-08-05 21:03:36,083 | WARNING |  Transacción id 791: Monto <= 0
2026-08-05 21:03:36,083 | WARNING |  Transacción id 792: Inversor inválido
2026-08-05 21:03:36,083 | WARNING |  Transacción id 793: Inversor inválido
2026-08-05 21:03:36,083 | WARNING |  Transacción id 801: Inversor inválido
2026-08-05 21:03:36,083 | WARNING |  Transacción id 804: Inversor inválido
2026-08-05 21:03:36,083 | WARNING |  Transacción id 805: Monto <= 0
2026-08-05 21:03:36,083 | WARNING |  Transacción id 807: Monto <= 0
2026-08-05 21:03:36,084 | WARNING |  Transacción id 817: Monto <= 0
2026-08-05 21:03:36,084 | WARNING |  Transacción id 818: Inversor inválido
2026-08-05 21:03:36,084 | WARNING |  Transacción id 820: Monto <= 0
2026-08-05 21:03:36,084 | WARNING |  Transacción id 821: Monto <= 0
2026-08-05 21:03:36,084 | WARNING |  Transacción id 822: Monto <= 0
2026-08-05 21:03:36,084 | WARNING |  Transacción id 825: Monto <= 0
2026-08-05 21:03:36,084 | WARNING |  Transacción id 828: Monto <= 0
2026-08-05 21:03:36,084 | WARNING |  Transacción id 838: Monto <= 0
2026-08-05 21:03:36,084 | WARNING |  Transacción id 847: Monto <= 0
2026-08-05 21:03:36,085 | WARNING |  Transacción id 851: Monto <= 0
2026-08-05 21:03:36,085 | WARNING |  Transacción id 853: Monto <= 0
2026-08-05 21:03:36,085 | WARNING |  Transacción id 857: Inversor inválido
2026-08-05 21:03:36,085 | WARNING |  Transacción id 858: Inversor inválido
2026-08-05 21:03:36,085 | WARNING |  Transacción id 861: Monto <= 0
2026-08-05 21:03:36,085 | WARNING |  Transacción id 864: Monto <= 0
2026-08-05 21:03:36,085 | WARNING |  Transacción id 866: Monto <= 0
2026-08-05 21:03:36,085 | WARNING |  Transacción id 867: Inversor inválido
2026-08-05 21:03:36,085 | WARNING |  Transacción id 875: Monto <= 0
2026-08-05 21:03:36,085 | WARNING |  Transacción id 877: Inversor inválido
2026-08-05 21:03:36,086 | WARNING |  Transacción id 881: Monto <= 0
2026-08-05 21:03:36,086 | WARNING |  Transacción id 883: Monto <= 0
2026-08-05 21:03:36,086 | WARNING |  Transacción id 885: Inversor inválido
2026-08-05 21:03:36,086 | WARNING |  Transacción id 888: Monto <= 0
2026-08-05 21:03:36,086 | WARNING |  Transacción id 893: Monto <= 0
2026-08-05 21:03:36,086 | WARNING |  Transacción id 894: Monto <= 0
2026-08-05 21:03:36,086 | WARNING |  Transacción id 895: Monto <= 0
2026-08-05 21:03:36,086 | WARNING |  Transacción id 897: Monto <= 0
2026-08-05 21:03:36,086 | WARNING |  Transacción id 898: Inversor inválido
2026-08-05 21:03:36,086 | WARNING |  Transacción id 899: Inversor inválido
2026-08-05 21:03:36,087 | WARNING |  Transacción id 901: Monto <= 0
2026-08-05 21:03:36,087 | WARNING |  Transacción id 902: Monto <= 0
2026-08-05 21:03:36,087 | WARNING |  Transacción id 903: Monto <= 0
2026-08-05 21:03:36,087 | WARNING |  Transacción id 909: Monto <= 0
2026-08-05 21:03:36,087 | WARNING |  Transacción id 910: Inversor inválido
2026-08-05 21:03:36,087 | WARNING |  Transacción id 911: Monto <= 0
2026-08-05 21:03:36,087 | WARNING |  Transacción id 912: Monto <= 0
2026-08-05 21:03:36,087 | WARNING |  Transacción id 916: Monto <= 0
2026-08-05 21:03:36,087 | WARNING |  Transacción id 920: Monto <= 0
2026-08-05 21:03:36,087 | WARNING |  Transacción id 924: Monto <= 0
2026-08-05 21:03:36,087 | WARNING |  Transacción id 925: Inversor inválido
2026-08-05 21:03:36,088 | WARNING |  Transacción id 930: Monto <= 0
2026-08-05 21:03:36,088 | WARNING |  Transacción id 935: Inversor inválido
2026-08-05 21:03:36,088 | WARNING |  Transacción id 941: Monto <= 0
2026-08-05 21:03:36,088 | WARNING |  Transacción id 944: Inversor inválido
2026-08-05 21:03:36,088 | WARNING |  Transacción id 949: Monto <= 0
2026-08-05 21:03:36,088 | WARNING |  Transacción id 957: Monto <= 0
2026-08-05 21:03:36,088 | WARNING |  Transacción id 959: Inversor inválido
2026-08-05 21:03:36,088 | WARNING |  Transacción id 960: Monto <= 0
2026-08-05 21:03:36,088 | WARNING |  Transacción id 961: Monto <= 0
2026-08-05 21:03:36,089 | WARNING |  Transacción id 962: Monto <= 0
2026-08-05 21:03:36,089 | WARNING |  Transacción id 970: Monto <= 0
2026-08-05 21:03:36,089 | WARNING |  Transacción id 973: Inversor inválido
2026-08-05 21:03:36,089 | WARNING |  Transacción id 977: Monto <= 0
2026-08-05 21:03:36,089 | WARNING |  Transacción id 980: Monto <= 0
2026-08-05 21:03:36,089 | WARNING |  Transacción id 984: Monto <= 0
2026-08-05 21:03:36,089 | WARNING |  Transacción id 989: Monto <= 0
2026-08-05 21:03:36,089 | WARNING |  Transacción id 993: Inversor inválido
2026-08-05 21:03:36,089 | WARNING |  Transacción id 996: Inversor inválido
2026-08-05 21:03:36,090 | WARNING |  Transacción id 999: Inversor inválido
2026-08-05 21:03:36,090 | WARNING |  Transacción id 1003: Monto <= 0
2026-08-05 21:03:36,090 | WARNING |  Transacción id 1004: Monto <= 0
2026-08-05 21:03:36,090 | WARNING |  Transacción id 1005: Monto <= 0
2026-08-05 21:03:36,090 | WARNING |  Transacción id 1012: Monto <= 0
2026-08-05 21:03:36,090 | WARNING |  Transacción id 1016: Monto <= 0
2026-08-05 21:03:36,090 | WARNING |  Transacción id 1017: Inversor inválido
2026-08-05 21:03:36,090 | WARNING |  Transacción id 1018: Monto <= 0
2026-08-05 21:03:36,090 | WARNING |  Transacción id 1019: Monto <= 0
2026-08-05 21:03:36,090 | WARNING |  Transacción id 1022: Inversor inválido
2026-08-05 21:03:36,091 | WARNING |  Transacción id 1027: Inversor inválido
2026-08-05 21:03:36,091 | WARNING |  Transacción id 1029: Monto <= 0
2026-08-05 21:03:36,091 | WARNING |  Transacción id 1033: Monto <= 0
2026-08-05 21:03:36,091 | WARNING |  Transacción id 1034: Monto <= 0
2026-08-05 21:03:36,091 | WARNING |  Transacción id 1036: Monto <= 0
2026-08-05 21:03:36,091 | WARNING |  Transacción id 1037: Inversor inválido
2026-08-05 21:03:36,091 | WARNING |  Transacción id 1044: Monto <= 0
2026-08-05 21:03:36,091 | WARNING |  Transacción id 1049: Monto <= 0
2026-08-05 21:03:36,091 | WARNING |  Transacción id 1053: Monto <= 0
2026-08-05 21:03:36,091 | WARNING |  Transacción id 1057: Inversor inválido
2026-08-05 21:03:36,091 | WARNING |  Transacción id 1062: Monto <= 0
2026-08-05 21:03:36,092 | WARNING |  Transacción id 1064: Inversor inválido
2026-08-05 21:03:36,092 | WARNING |  Transacción id 1067: Monto <= 0
2026-08-05 21:03:36,092 | WARNING |  Transacción id 1068: Monto <= 0
2026-08-05 21:03:36,092 | WARNING |  Transacción id 1070: Monto <= 0
2026-08-05 21:03:36,092 | WARNING |  Transacción id 1073: Inversor inválido
2026-08-05 21:03:36,092 | WARNING |  Transacción id 1076: Monto <= 0
2026-08-05 21:03:36,092 | WARNING |  Transacción id 1079: Monto <= 0
2026-08-05 21:03:36,092 | WARNING |  Transacción id 1080: Inversor inválido
2026-08-05 21:03:36,092 | WARNING |  Transacción id 1081: Inversor inválido
2026-08-05 21:03:36,092 | WARNING |  Transacción id 1084: Monto <= 0
2026-08-05 21:03:36,093 | WARNING |  Transacción id 1086: Monto <= 0
2026-08-05 21:03:36,093 | WARNING |  Transacción id 1089: Inversor inválido
2026-08-05 21:03:36,093 | WARNING |  Transacción id 1091: Inversor inválido
2026-08-05 21:03:36,093 | WARNING |  Transacción id 1100: Inversor inválido
2026-08-05 21:03:36,093 | WARNING |  Transacción id 1104: Monto <= 0
2026-08-05 21:03:36,093 | WARNING |  Transacción id 1110: Inversor inválido
2026-08-05 21:03:36,093 | WARNING |  Transacción id 1111: Monto <= 0
2026-08-05 21:03:36,093 | WARNING |  Transacción id 1112: Inversor inválido
2026-08-05 21:03:36,093 | WARNING |  Transacción id 1113: Inversor inválido
2026-08-05 21:03:36,093 | WARNING |  Transacción id 1114: Monto <= 0
2026-08-05 21:03:36,094 | WARNING |  Transacción id 1115: Monto <= 0
2026-08-05 21:03:36,094 | WARNING |  Transacción id 1118: Monto <= 0
2026-08-05 21:03:36,094 | WARNING |  Transacción id 1120: Monto <= 0
2026-08-05 21:03:36,094 | WARNING |  Transacción id 1121: Monto <= 0
2026-08-05 21:03:36,094 | WARNING |  Transacción id 1123: Monto <= 0
2026-08-05 21:03:36,094 | WARNING |  Transacción id 1125: Monto <= 0
2026-08-05 21:03:36,094 | WARNING |  Transacción id 1126: Monto <= 0
2026-08-05 21:03:36,094 | WARNING |  Transacción id 1132: Monto <= 0
2026-08-05 21:03:36,094 | WARNING |  Transacción id 1133: Inversor inválido
2026-08-05 21:03:36,095 | WARNING |  Transacción id 1141: Monto <= 0
2026-08-05 21:03:36,095 | WARNING |  Transacción id 1145: Inversor inválido
2026-08-05 21:03:36,095 | WARNING |  Transacción id 1146: Inversor inválido
2026-08-05 21:03:36,095 | WARNING |  Transacción id 1147: Monto <= 0
2026-08-05 21:03:36,095 | WARNING |  Transacción id 1148: Monto <= 0
2026-08-05 21:03:36,095 | WARNING |  Transacción id 1151: Monto <= 0
2026-08-05 21:03:36,095 | WARNING |  Transacción id 1158: Monto <= 0
2026-08-05 21:03:36,095 | WARNING |  Transacción id 1159: Inversor inválido
2026-08-05 21:03:36,095 | WARNING |  Transacción id 1163: Monto <= 0
2026-08-05 21:03:36,095 | WARNING |  Transacción id 1168: Monto <= 0
2026-08-05 21:03:36,095 | WARNING |  Transacción id 1169: Inversor inválido
2026-08-05 21:03:36,096 | WARNING |  Transacción id 1175: Monto <= 0
2026-08-05 21:03:36,096 | WARNING |  Transacción id 1177: Monto <= 0
2026-08-05 21:03:36,096 | WARNING |  Transacción id 1181: Monto <= 0
2026-08-05 21:03:36,096 | WARNING |  Transacción id 1186: Inversor inválido
2026-08-05 21:03:36,096 | WARNING |  Transacción id 1190: Monto <= 0
2026-08-05 21:03:36,096 | WARNING |  Transacción id 1192: Inversor inválido
2026-08-05 21:03:36,096 | WARNING |  Transacción id 1196: Inversor inválido
2026-08-05 21:03:36,096 | WARNING |  Transacción id 1202: Monto <= 0
2026-08-05 21:03:36,096 | WARNING |  Transacción id 1203: Monto <= 0
2026-08-05 21:03:36,096 | WARNING |  Transacción id 1216: Inversor inválido
2026-08-05 21:03:36,097 | WARNING |  Transacción id 1222: Inversor inválido
2026-08-05 21:03:36,097 | WARNING |  Transacción id 1228: Monto <= 0
2026-08-05 21:03:36,097 | WARNING |  Transacción id 1231: Monto <= 0
2026-08-05 21:03:36,097 | WARNING |  Transacción id 1234: Monto <= 0
2026-08-05 21:03:36,097 | WARNING |  Transacción id 1238: Monto <= 0
2026-08-05 21:03:36,097 | WARNING |  Transacción id 1244: Inversor inválido
2026-08-05 21:03:36,097 | WARNING |  Transacción id 1245: Monto <= 0
2026-08-05 21:03:36,097 | WARNING |  Transacción id 1246: Inversor inválido
2026-08-05 21:03:36,098 | WARNING |  Transacción id 1252: Monto <= 0
2026-08-05 21:03:36,098 | WARNING |  Transacción id 1254: Inversor inválido
2026-08-05 21:03:36,098 | WARNING |  Transacción id 1258: Inversor inválido
2026-08-05 21:03:36,098 | WARNING |  Transacción id 1260: Inversor inválido
2026-08-05 21:03:36,098 | WARNING |  Transacción id 1262: Inversor inválido
2026-08-05 21:03:36,098 | WARNING |  Transacción id 1265: Monto <= 0
2026-08-05 21:03:36,098 | WARNING |  Transacción id 1266: Inversor inválido
2026-08-05 21:03:36,098 | WARNING |  Transacción id 1269: Monto <= 0
2026-08-05 21:03:36,098 | WARNING |  Transacción id 1272: Inversor inválido
2026-08-05 21:03:36,099 | WARNING |  Transacción id 1274: Monto <= 0
2026-08-05 21:03:36,099 | WARNING |  Transacción id 1276: Monto <= 0
2026-08-05 21:03:36,099 | WARNING |  Transacción id 1278: Monto <= 0
2026-08-05 21:03:36,099 | WARNING |  Transacción id 1280: Inversor inválido
2026-08-05 21:03:36,099 | WARNING |  Transacción id 1282: Monto <= 0
2026-08-05 21:03:36,099 | WARNING |  Transacción id 1287: Monto <= 0
2026-08-05 21:03:36,100 | WARNING |  Transacción id 1289: Monto <= 0
2026-08-05 21:03:36,100 | WARNING |  Transacción id 1293: Monto <= 0
2026-08-05 21:03:36,100 | WARNING |  Transacción id 1294: Monto <= 0
2026-08-05 21:03:36,100 | WARNING |  Transacción id 1296: Inversor inválido
2026-08-05 21:03:36,100 | WARNING |  Transacción id 1297: Monto <= 0
2026-08-05 21:03:36,100 | WARNING |  Transacción id 1299: Monto <= 0
2026-08-05 21:03:36,100 | WARNING |  Transacción id 1302: Inversor inválido
2026-08-05 21:03:36,100 | WARNING |  Transacción id 1305: Monto <= 0
2026-08-05 21:03:36,100 | WARNING |  Transacción id 1308: Monto <= 0
2026-08-05 21:03:36,101 | WARNING |  Transacción id 1311: Inversor inválido
2026-08-05 21:03:36,101 | WARNING |  Transacción id 1312: Inversor inválido
2026-08-05 21:03:36,101 | WARNING |  Transacción id 1313: Monto <= 0
2026-08-05 21:03:36,101 | WARNING |  Transacción id 1314: Monto <= 0
2026-08-05 21:03:36,101 | WARNING |  Transacción id 1316: Monto <= 0
2026-08-05 21:03:36,101 | WARNING |  Transacción id 1320: Monto <= 0
2026-08-05 21:03:36,101 | WARNING |  Transacción id 1325: Monto <= 0
2026-08-05 21:03:36,101 | WARNING |  Transacción id 1330: Monto <= 0
2026-08-05 21:03:36,101 | WARNING |  Transacción id 1331: Monto <= 0
2026-08-05 21:03:36,101 | WARNING |  Transacción id 1332: Monto <= 0
2026-08-05 21:03:36,102 | WARNING |  Transacción id 1334: Monto <= 0
2026-08-05 21:03:36,102 | WARNING |  Transacción id 1336: Monto <= 0
2026-08-05 21:03:36,102 | WARNING |  Transacción id 1337: Inversor inválido
2026-08-05 21:03:36,102 | WARNING |  Transacción id 1350: Monto <= 0
2026-08-05 21:03:36,102 | WARNING |  Transacción id 1351: Monto <= 0
2026-08-05 21:03:36,102 | WARNING |  Transacción id 1352: Monto <= 0
2026-08-05 21:03:36,102 | WARNING |  Transacción id 1354: Monto <= 0
2026-08-05 21:03:36,102 | WARNING |  Transacción id 1364: Monto <= 0
2026-08-05 21:03:36,102 | WARNING |  Transacción id 1367: Inversor inválido
2026-08-05 21:03:36,102 | WARNING |  Transacción id 1369: Inversor inválido
2026-08-05 21:03:36,103 | WARNING |  Transacción id 1372: Inversor inválido
2026-08-05 21:03:36,103 | WARNING |  Transacción id 1373: Monto <= 0
2026-08-05 21:03:36,103 | WARNING |  Transacción id 1375: Inversor inválido
2026-08-05 21:03:36,103 | WARNING |  Transacción id 1400: Monto <= 0
2026-08-05 21:03:36,103 | WARNING |  Transacción id 1404: Monto <= 0
2026-08-05 21:03:36,103 | WARNING |  Transacción id 1405: Monto <= 0
2026-08-05 21:03:36,103 | WARNING |  Transacción id 1406: Monto <= 0
2026-08-05 21:03:36,103 | WARNING |  Transacción id 1408: Monto <= 0
2026-08-05 21:03:36,103 | WARNING |  Transacción id 1411: Monto <= 0
2026-08-05 21:03:36,103 | WARNING |  Transacción id 1413: Monto <= 0
2026-08-05 21:03:36,103 | WARNING |  Transacción id 1416: Monto <= 0
2026-08-05 21:03:36,104 | WARNING |  Transacción id 1417: Monto <= 0
2026-08-05 21:03:36,104 | WARNING |  Transacción id 1426: Monto <= 0
2026-08-05 21:03:36,104 | WARNING |  Transacción id 1427: Monto <= 0
2026-08-05 21:03:36,104 | WARNING |  Transacción id 1428: Inversor inválido
2026-08-05 21:03:36,104 | WARNING |  Transacción id 1429: Inversor inválido
2026-08-05 21:03:36,104 | WARNING |  Transacción id 1430: Monto <= 0
2026-08-05 21:03:36,104 | WARNING |  Transacción id 1435: Monto <= 0
2026-08-05 21:03:36,104 | WARNING |  Transacción id 1436: Inversor inválido
2026-08-05 21:03:36,104 | WARNING |  Transacción id 1440: Monto <= 0
2026-08-05 21:03:36,105 | WARNING |  Transacción id 1444: Monto <= 0
2026-08-05 21:03:36,105 | WARNING |  Transacción id 1449: Monto <= 0
2026-08-05 21:03:36,105 | WARNING |  Transacción id 1464: Inversor inválido
2026-08-05 21:03:36,105 | WARNING |  Transacción id 1472: Inversor inválido
2026-08-05 21:03:36,105 | WARNING |  Transacción id 1476: Monto <= 0
2026-08-05 21:03:36,105 | WARNING |  Transacción id 1480: Inversor inválido
2026-08-05 21:03:36,105 | WARNING |  Transacción id 1484: Inversor inválido
2026-08-05 21:03:36,105 | WARNING |  Transacción id 1485: Inversor inválido
2026-08-05 21:03:36,105 | WARNING |  Transacción id 1486: Monto <= 0
2026-08-05 21:03:36,105 | WARNING |  Transacción id 1488: Monto <= 0
2026-08-05 21:03:36,105 | WARNING |  Transacción id 1494: Monto <= 0
2026-08-05 21:03:36,106 | WARNING |  Transacción id 1498: Monto <= 0
2026-08-05 21:03:36,106 | WARNING |  Transacción id 1499: Monto <= 0
2026-08-05 21:03:36,106 | WARNING |  Transacción id 1502: Monto <= 0
2026-08-05 21:03:36,106 | WARNING |  Transacción id 1503: Monto <= 0
2026-08-05 21:03:36,106 | WARNING |  Transacción id 1504: Inversor inválido
2026-08-05 21:03:36,106 | WARNING |  Transacción id 1505: Inversor inválido
2026-08-05 21:03:36,106 | WARNING |  Transacción id 1509: Inversor inválido
2026-08-05 21:03:36,106 | WARNING |  Transacción id 1515: Monto <= 0
2026-08-05 21:03:36,106 | WARNING |  Transacción id 1519: Monto <= 0
2026-08-05 21:03:36,106 | WARNING |  Transacción id 1520: Inversor inválido
2026-08-05 21:03:36,107 | WARNING |  Transacción id 1526: Monto <= 0
2026-08-05 21:03:36,107 | WARNING |  Transacción id 1528: Monto <= 0
2026-08-05 21:03:36,107 | WARNING |  Transacción id 1531: Monto <= 0
2026-08-05 21:03:36,107 | WARNING |  Transacción id 1532: Monto <= 0
2026-08-05 21:03:36,107 | WARNING |  Transacción id 1534: Monto <= 0
2026-08-05 21:03:36,107 | WARNING |  Transacción id 1535: Monto <= 0
2026-08-05 21:03:36,107 | WARNING |  Transacción id 1536: Monto <= 0
2026-08-05 21:03:36,107 | WARNING |  Transacción id 1540: Monto <= 0
2026-08-05 21:03:36,107 | WARNING |  Transacción id 1545: Inversor inválido
2026-08-05 21:03:36,107 | WARNING |  Transacción id 1548: Monto <= 0
2026-08-05 21:03:36,107 | WARNING |  Transacción id 1550: Monto <= 0
2026-08-05 21:03:36,108 | WARNING |  Transacción id 1551: Monto <= 0
2026-08-05 21:03:36,108 | WARNING |  Transacción id 1556: Monto <= 0
2026-08-05 21:03:36,108 | WARNING |  Transacción id 1558: Monto <= 0
2026-08-05 21:03:36,108 | WARNING |  Transacción id 1561: Inversor inválido
2026-08-05 21:03:36,108 | WARNING |  Transacción id 1562: Monto <= 0
2026-08-05 21:03:36,108 | WARNING |  Transacción id 1563: Inversor inválido
2026-08-05 21:03:36,108 | WARNING |  Transacción id 1564: Inversor inválido
2026-08-05 21:03:36,108 | WARNING |  Transacción id 1565: Monto <= 0
2026-08-05 21:03:36,108 | WARNING |  Transacción id 1567: Monto <= 0
2026-08-05 21:03:36,109 | WARNING |  Transacción id 1569: Inversor inválido
2026-08-05 21:03:36,109 | WARNING |  Transacción id 1570: Monto <= 0
2026-08-05 21:03:36,109 | WARNING |  Transacción id 1573: Inversor inválido
2026-08-05 21:03:36,109 | WARNING |  Transacción id 1578: Monto <= 0
2026-08-05 21:03:36,109 | WARNING |  Transacción id 1584: Monto <= 0
2026-08-05 21:03:36,109 | WARNING |  Transacción id 1589: Inversor inválido
2026-08-05 21:03:36,109 | WARNING |  Transacción id 1597: Monto <= 0
2026-08-05 21:03:36,109 | WARNING |  Transacción id 1599: Monto <= 0
2026-08-05 21:03:36,109 | WARNING |  Transacción id 1619: Monto <= 0
2026-08-05 21:03:36,109 | WARNING |  Transacción id 1623: Monto <= 0
2026-08-05 21:03:36,110 | WARNING |  Transacción id 1626: Monto <= 0
2026-08-05 21:03:36,110 | WARNING |  Transacción id 1628: Inversor inválido
2026-08-05 21:03:36,110 | WARNING |  Transacción id 1633: Monto <= 0
2026-08-05 21:03:36,110 | WARNING |  Transacción id 1637: Inversor inválido
2026-08-05 21:03:36,110 | WARNING |  Transacción id 1640: Monto <= 0
2026-08-05 21:03:36,110 | WARNING |  Transacción id 1643: Monto <= 0
2026-08-05 21:03:36,110 | WARNING |  Transacción id 1657: Monto <= 0
2026-08-05 21:03:36,110 | WARNING |  Transacción id 1664: Inversor inválido
2026-08-05 21:03:36,110 | WARNING |  Transacción id 1665: Inversor inválido
2026-08-05 21:03:36,111 | WARNING |  Transacción id 1668: Inversor inválido
2026-08-05 21:03:36,111 | WARNING |  Transacción id 1672: Monto <= 0
2026-08-05 21:03:36,111 | WARNING |  Transacción id 1678: Inversor inválido
2026-08-05 21:03:36,111 | WARNING |  Transacción id 1681: Monto <= 0
2026-08-05 21:03:36,111 | WARNING |  Transacción id 1683: Monto <= 0
2026-08-05 21:03:36,111 | WARNING |  Transacción id 1686: Monto <= 0
2026-08-05 21:03:36,111 | WARNING |  Transacción id 1687: Monto <= 0
2026-08-05 21:03:36,111 | WARNING |  Transacción id 1688: Monto <= 0
2026-08-05 21:03:36,111 | WARNING |  Transacción id 1693: Inversor inválido
2026-08-05 21:03:36,111 | WARNING |  Transacción id 1694: Monto <= 0
2026-08-05 21:03:36,112 | WARNING |  Transacción id 1695: Monto <= 0
2026-08-05 21:03:36,112 | WARNING |  Transacción id 1703: Monto <= 0
2026-08-05 21:03:36,112 | WARNING |  Transacción id 1704: Monto <= 0
2026-08-05 21:03:36,112 | WARNING |  Transacción id 1707: Inversor inválido
2026-08-05 21:03:36,112 | WARNING |  Transacción id 1711: Inversor inválido
2026-08-05 21:03:36,112 | WARNING |  Transacción id 1712: Monto <= 0
2026-08-05 21:03:36,112 | WARNING |  Transacción id 1714: Monto <= 0
2026-08-05 21:03:36,112 | WARNING |  Transacción id 1716: Monto <= 0
2026-08-05 21:03:36,112 | WARNING |  Transacción id 1717: Monto <= 0
2026-08-05 21:03:36,112 | WARNING |  Transacción id 1729: Inversor inválido
2026-08-05 21:03:36,113 | WARNING |  Transacción id 1730: Inversor inválido
2026-08-05 21:03:36,113 | WARNING |  Transacción id 1731: Monto <= 0
2026-08-05 21:03:36,113 | WARNING |  Transacción id 1733: Inversor inválido
2026-08-05 21:03:36,113 | WARNING |  Transacción id 1736: Monto <= 0
2026-08-05 21:03:36,113 | WARNING |  Transacción id 1739: Monto <= 0
2026-08-05 21:03:36,113 | WARNING |  Transacción id 1740: Monto <= 0
2026-08-05 21:03:36,113 | WARNING |  Transacción id 1741: Monto <= 0
2026-08-05 21:03:36,113 | WARNING |  Transacción id 1745: Monto <= 0
2026-08-05 21:03:36,113 | WARNING |  Transacción id 1750: Monto <= 0
2026-08-05 21:03:36,113 | WARNING |  Transacción id 1751: Inversor inválido
2026-08-05 21:03:36,113 | WARNING |  Transacción id 1754: Monto <= 0
2026-08-05 21:03:36,113 | WARNING |  Transacción id 1755: Monto <= 0
2026-08-05 21:03:36,114 | WARNING |  Transacción id 1759: Monto <= 0
2026-08-05 21:03:36,114 | WARNING |  Transacción id 1760: Inversor inválido
2026-08-05 21:03:36,114 | WARNING |  Transacción id 1764: Inversor inválido
2026-08-05 21:03:36,114 | WARNING |  Transacción id 1768: Monto <= 0
2026-08-05 21:03:36,114 | WARNING |  Transacción id 1770: Monto <= 0
2026-08-05 21:03:36,114 | WARNING |  Transacción id 1774: Monto <= 0
2026-08-05 21:03:36,114 | WARNING |  Transacción id 1775: Inversor inválido
2026-08-05 21:03:36,115 | WARNING |  Transacción id 1777: Monto <= 0
2026-08-05 21:03:36,115 | WARNING |  Transacción id 1778: Monto <= 0
2026-08-05 21:03:36,115 | WARNING |  Transacción id 1779: Monto <= 0
2026-08-05 21:03:36,115 | WARNING |  Transacción id 1784: Inversor inválido
2026-08-05 21:03:36,115 | WARNING |  Transacción id 1787: Monto <= 0
2026-08-05 21:03:36,115 | WARNING |  Transacción id 1789: Monto <= 0
2026-08-05 21:03:36,115 | WARNING |  Transacción id 1796: Monto <= 0
2026-08-05 21:03:36,115 | WARNING |  Transacción id 1799: Monto <= 0
2026-08-05 21:03:36,116 | WARNING |  Transacción id 1801: Monto <= 0
2026-08-05 21:03:36,116 | WARNING |  Transacción id 1804: Inversor inválido
2026-08-05 21:03:36,116 | WARNING |  Transacción id 1805: Monto <= 0
2026-08-05 21:03:36,116 | WARNING |  Transacción id 1807: Monto <= 0
2026-08-05 21:03:36,116 | WARNING |  Transacción id 1810: Monto <= 0
2026-08-05 21:03:36,116 | WARNING |  Transacción id 1811: Monto <= 0
2026-08-05 21:03:36,116 | WARNING |  Transacción id 1812: Monto <= 0
2026-08-05 21:03:36,116 | WARNING |  Transacción id 1818: Inversor inválido
2026-08-05 21:03:36,117 | WARNING |  Transacción id 1821: Monto <= 0
2026-08-05 21:03:36,117 | WARNING |  Transacción id 1822: Monto <= 0
2026-08-05 21:03:36,117 | WARNING |  Transacción id 1823: Monto <= 0
2026-08-05 21:03:36,117 | WARNING |  Transacción id 1824: Monto <= 0
2026-08-05 21:03:36,117 | WARNING |  Transacción id 1832: Monto <= 0
2026-08-05 21:03:36,117 | WARNING |  Transacción id 1835: Monto <= 0
2026-08-05 21:03:36,117 | WARNING |  Transacción id 1836: Monto <= 0
2026-08-05 21:03:36,117 | WARNING |  Transacción id 1839: Inversor inválido
2026-08-05 21:03:36,117 | WARNING |  Transacción id 1841: Monto <= 0
2026-08-05 21:03:36,117 | WARNING |  Transacción id 1842: Inversor inválido
2026-08-05 21:03:36,118 | WARNING |  Transacción id 1843: Monto <= 0
2026-08-05 21:03:36,118 | WARNING |  Transacción id 1844: Monto <= 0
2026-08-05 21:03:36,118 | WARNING |  Transacción id 1848: Inversor inválido
2026-08-05 21:03:36,118 | WARNING |  Transacción id 1849: Monto <= 0
2026-08-05 21:03:36,118 | WARNING |  Transacción id 1850: Inversor inválido
2026-08-05 21:03:36,118 | WARNING |  Transacción id 1854: Monto <= 0
2026-08-05 21:03:36,118 | WARNING |  Transacción id 1859: Monto <= 0
2026-08-05 21:03:36,118 | WARNING |  Transacción id 1862: Monto <= 0
2026-08-05 21:03:36,118 | WARNING |  Transacción id 1863: Monto <= 0
2026-08-05 21:03:36,118 | WARNING |  Transacción id 1867: Inversor inválido
2026-08-05 21:03:36,119 | WARNING |  Transacción id 1871: Monto <= 0
2026-08-05 21:03:36,119 | WARNING |  Transacción id 1872: Monto <= 0
2026-08-05 21:03:36,119 | WARNING |  Transacción id 1876: Monto <= 0
2026-08-05 21:03:36,119 | WARNING |  Transacción id 1877: Inversor inválido
2026-08-05 21:03:36,119 | WARNING |  Transacción id 1882: Monto <= 0
2026-08-05 21:03:36,119 | WARNING |  Transacción id 1885: Monto <= 0
2026-08-05 21:03:36,119 | WARNING |  Transacción id 1887: Inversor inválido
2026-08-05 21:03:36,119 | WARNING |  Transacción id 1889: Monto <= 0
2026-08-05 21:03:36,119 | WARNING |  Transacción id 1899: Monto <= 0
2026-08-05 21:03:36,120 | WARNING |  Transacción id 1904: Inversor inválido
2026-08-05 21:03:36,120 | WARNING |  Transacción id 1905: Monto <= 0
2026-08-05 21:03:36,120 | WARNING |  Transacción id 1906: Monto <= 0
2026-08-05 21:03:36,120 | WARNING |  Transacción id 1907: Inversor inválido
2026-08-05 21:03:36,120 | WARNING |  Transacción id 1909: Monto <= 0
2026-08-05 21:03:36,120 | WARNING |  Transacción id 1910: Inversor inválido
2026-08-05 21:03:36,120 | WARNING |  Transacción id 1913: Monto <= 0
2026-08-05 21:03:36,120 | WARNING |  Transacción id 1918: Monto <= 0
2026-08-05 21:03:36,120 | WARNING |  Transacción id 1919: Inversor inválido
2026-08-05 21:03:36,120 | WARNING |  Transacción id 1922: Inversor inválido
2026-08-05 21:03:36,121 | WARNING |  Transacción id 1923: Inversor inválido
2026-08-05 21:03:36,121 | WARNING |  Transacción id 1934: Monto <= 0
2026-08-05 21:03:36,121 | WARNING |  Transacción id 1935: Monto <= 0
2026-08-05 21:03:36,121 | WARNING |  Transacción id 1936: Inversor inválido
2026-08-05 21:03:36,121 | WARNING |  Transacción id 1937: Monto <= 0
2026-08-05 21:03:36,121 | WARNING |  Transacción id 1938: Monto <= 0
2026-08-05 21:03:36,121 | WARNING |  Transacción id 1939: Monto <= 0
2026-08-05 21:03:36,121 | WARNING |  Transacción id 1940: Monto <= 0
2026-08-05 21:03:36,121 | WARNING |  Transacción id 1941: Monto <= 0
2026-08-05 21:03:36,121 | WARNING |  Transacción id 1945: Monto <= 0
2026-08-05 21:03:36,122 | WARNING |  Transacción id 1946: Monto <= 0
2026-08-05 21:03:36,122 | WARNING |  Transacción id 1947: Monto <= 0
2026-08-05 21:03:36,122 | WARNING |  Transacción id 1951: Monto <= 0
2026-08-05 21:03:36,122 | WARNING |  Transacción id 1953: Monto <= 0
2026-08-05 21:03:36,122 | WARNING |  Transacción id 1954: Monto <= 0
2026-08-05 21:03:36,122 | WARNING |  Transacción id 1958: Inversor inválido
2026-08-05 21:03:36,122 | WARNING |  Transacción id 1962: Monto <= 0
2026-08-05 21:03:36,122 | WARNING |  Transacción id 1966: Inversor inválido
2026-08-05 21:03:36,122 | WARNING |  Transacción id 1970: Monto <= 0
2026-08-05 21:03:36,122 | WARNING |  Transacción id 1971: Monto <= 0
2026-08-05 21:03:36,123 | WARNING |  Transacción id 1972: Monto <= 0
2026-08-05 21:03:36,123 | WARNING |  Transacción id 1977: Monto <= 0
2026-08-05 21:03:36,123 | WARNING |  Transacción id 1981: Monto <= 0
2026-08-05 21:03:36,123 | WARNING |  Transacción id 1982: Monto <= 0
2026-08-05 21:03:36,123 | WARNING |  Transacción id 1984: Inversor inválido
2026-08-05 21:03:36,123 | WARNING |  Transacción id 1987: Inversor inválido
2026-08-05 21:03:36,123 | WARNING |  Transacción id 1989: Inversor inválido
2026-08-05 21:03:36,123 | WARNING |  Transacción id 1991: Inversor inválido
2026-08-05 21:03:36,123 | WARNING |  Transacción id 1992: Monto <= 0
2026-08-05 21:03:36,123 | WARNING |  Transacción id 1993: Inversor inválido
2026-08-05 21:03:36,123 | WARNING |  Transacción id 2000: Monto <= 0
2026-08-05 21:03:36,124 | WARNING |  Transacción id 2001: Monto <= 0
2026-08-05 21:03:36,124 | WARNING |  Transacción id 2002: Monto <= 0
2026-08-05 21:03:36,124 | WARNING |  Transacción id 2005: Monto <= 0
2026-08-05 21:03:36,124 | WARNING |  Transacción id 2010: Monto <= 0
2026-08-05 21:03:36,124 | WARNING |  Transacción id 2011: Inversor inválido
2026-08-05 21:03:36,124 | WARNING |  Transacción id 2012: Monto <= 0
2026-08-05 21:03:36,124 | WARNING |  Transacción id 2017: Inversor inválido
2026-08-05 21:03:36,124 | WARNING |  Transacción id 2020: Monto <= 0
2026-08-05 21:03:36,125 | WARNING |  Transacción id 2021: Monto <= 0
2026-08-05 21:03:36,125 | WARNING |  Transacción id 2024: Inversor inválido
2026-08-05 21:03:36,125 | WARNING |  Transacción id 2025: Monto <= 0
2026-08-05 21:03:36,125 | WARNING |  Transacción id 2027: Monto <= 0
2026-08-05 21:03:36,125 | WARNING |  Transacción id 2030: Inversor inválido
2026-08-05 21:03:36,125 | WARNING |  Transacción id 2031: Monto <= 0
2026-08-05 21:03:36,125 | WARNING |  Transacción id 2034: Inversor inválido
2026-08-05 21:03:36,125 | WARNING |  Transacción id 2035: Inversor inválido
2026-08-05 21:03:36,125 | WARNING |  Transacción id 2044: Monto <= 0
2026-08-05 21:03:36,125 | WARNING |  Transacción id 2047: Inversor inválido
2026-08-05 21:03:36,126 | WARNING |  Transacción id 2051: Inversor inválido
2026-08-05 21:03:36,126 | WARNING |  Transacción id 2056: Inversor inválido
2026-08-05 21:03:36,126 | WARNING |  Transacción id 2060: Monto <= 0
2026-08-05 21:03:36,126 | WARNING |  Transacción id 2062: Inversor inválido
2026-08-05 21:03:36,126 | WARNING |  Transacción id 2066: Monto <= 0
2026-08-05 21:03:36,126 | WARNING |  Transacción id 2069: Monto <= 0
2026-08-05 21:03:36,126 | WARNING |  Transacción id 2071: Inversor inválido
2026-08-05 21:03:36,126 | WARNING |  Transacción id 2075: Monto <= 0
2026-08-05 21:03:36,126 | WARNING |  Transacción id 2077: Monto <= 0
2026-08-05 21:03:36,126 | WARNING |  Transacción id 2079: Monto <= 0
2026-08-05 21:03:36,127 | WARNING |  Transacción id 2083: Monto <= 0
2026-08-05 21:03:36,127 | WARNING |  Transacción id 2093: Monto <= 0
2026-08-05 21:03:36,127 | WARNING |  Transacción id 2097: Inversor inválido
2026-08-05 21:03:36,127 | WARNING |  Transacción id 2099: Monto <= 0
2026-08-05 21:03:36,127 | WARNING |  Transacción id 2100: Inversor inválido
2026-08-05 21:03:36,127 | WARNING |  Transacción id 2111: Inversor inválido
2026-08-05 21:03:36,127 | WARNING |  Transacción id 2113: Inversor inválido
2026-08-05 21:03:36,127 | WARNING |  Transacción id 2120: Monto <= 0
2026-08-05 21:03:36,127 | WARNING |  Transacción id 2121: Inversor inválido
2026-08-05 21:03:36,127 | WARNING |  Transacción id 2124: Monto <= 0
2026-08-05 21:03:36,127 | WARNING |  Transacción id 2125: Inversor inválido
2026-08-05 21:03:36,128 | WARNING |  Transacción id 2132: Monto <= 0
2026-08-05 21:03:36,128 | WARNING |  Transacción id 2136: Inversor inválido
2026-08-05 21:03:36,128 | WARNING |  Transacción id 2144: Monto <= 0
2026-08-05 21:03:36,128 | WARNING |  Transacción id 2147: Monto <= 0
2026-08-05 21:03:36,128 | WARNING |  Transacción id 2153: Monto <= 0
2026-08-05 21:03:36,128 | WARNING |  Transacción id 2156: Inversor inválido
2026-08-05 21:03:36,128 | WARNING |  Transacción id 2158: Monto <= 0
2026-08-05 21:03:36,128 | WARNING |  Transacción id 2164: Inversor inválido
2026-08-05 21:03:36,128 | WARNING |  Transacción id 2170: Monto <= 0
2026-08-05 21:03:36,128 | WARNING |  Transacción id 2173: Inversor inválido
2026-08-05 21:03:36,129 | WARNING |  Transacción id 2174: Monto <= 0
2026-08-05 21:03:36,129 | WARNING |  Transacción id 2175: Monto <= 0
2026-08-05 21:03:36,129 | WARNING |  Transacción id 2177: Monto <= 0
2026-08-05 21:03:36,129 | WARNING |  Transacción id 2178: Inversor inválido
2026-08-05 21:03:36,129 | WARNING |  Transacción id 2179: Inversor inválido
2026-08-05 21:03:36,129 | WARNING |  Transacción id 2186: Monto <= 0
2026-08-05 21:03:36,129 | WARNING |  Transacción id 2188: Inversor inválido
2026-08-05 21:03:36,129 | WARNING |  Transacción id 2190: Monto <= 0
2026-08-05 21:03:36,129 | WARNING |  Transacción id 2193: Monto <= 0
2026-08-05 21:03:36,130 | WARNING |  Transacción id 2199: Inversor inválido
2026-08-05 21:03:36,130 | WARNING |  Transacción id 2203: Monto <= 0
2026-08-05 21:03:36,130 | WARNING |  Transacción id 2207: Monto <= 0
2026-08-05 21:03:36,130 | WARNING |  Transacción id 2216: Inversor inválido
2026-08-05 21:03:36,130 | WARNING |  Transacción id 2217: Inversor inválido
2026-08-05 21:03:36,130 | WARNING |  Transacción id 2218: Inversor inválido
2026-08-05 21:03:36,130 | WARNING |  Transacción id 2221: Inversor inválido
2026-08-05 21:03:36,130 | WARNING |  Transacción id 2225: Monto <= 0
2026-08-05 21:03:36,130 | WARNING |  Transacción id 2229: Monto <= 0
2026-08-05 21:03:36,130 | WARNING |  Transacción id 2231: Inversor inválido
2026-08-05 21:03:36,131 | WARNING |  Transacción id 2232: Monto <= 0
2026-08-05 21:03:36,131 | WARNING |  Transacción id 2237: Monto <= 0
2026-08-05 21:03:36,131 | WARNING |  Transacción id 2240: Monto <= 0
2026-08-05 21:03:36,131 | WARNING |  Transacción id 2253: Monto <= 0
2026-08-05 21:03:36,131 | WARNING |  Transacción id 2255: Inversor inválido
2026-08-05 21:03:36,131 | WARNING |  Transacción id 2261: Monto <= 0
2026-08-05 21:03:36,131 | WARNING |  Transacción id 2264: Monto <= 0
2026-08-05 21:03:36,131 | WARNING |  Transacción id 2266: Monto <= 0
2026-08-05 21:03:36,132 | WARNING |  Transacción id 2275: Monto <= 0
2026-08-05 21:03:36,132 | WARNING |  Transacción id 2276: Inversor inválido
2026-08-05 21:03:36,132 | WARNING |  Transacción id 2281: Monto <= 0
2026-08-05 21:03:36,132 | WARNING |  Transacción id 2289: Monto <= 0
2026-08-05 21:03:36,132 | WARNING |  Transacción id 2294: Monto <= 0
2026-08-05 21:03:36,132 | WARNING |  Transacción id 2299: Monto <= 0
2026-08-05 21:03:36,132 | WARNING |  Transacción id 2300: Inversor inválido
2026-08-05 21:03:36,132 | WARNING |  Transacción id 2305: Monto <= 0
2026-08-05 21:03:36,132 | WARNING |  Transacción id 2308: Inversor inválido
2026-08-05 21:03:36,133 | WARNING |  Transacción id 2309: Inversor inválido
2026-08-05 21:03:36,133 | WARNING |  Transacción id 2327: Inversor inválido
2026-08-05 21:03:36,133 | WARNING |  Transacción id 2329: Monto <= 0
2026-08-05 21:03:36,133 | WARNING |  Transacción id 2331: Monto <= 0
2026-08-05 21:03:36,133 | WARNING |  Transacción id 2335: Monto <= 0
2026-08-05 21:03:36,133 | WARNING |  Transacción id 2342: Monto <= 0
2026-08-05 21:03:36,133 | WARNING |  Transacción id 2344: Monto <= 0
2026-08-05 21:03:36,133 | WARNING |  Transacción id 2348: Monto <= 0
2026-08-05 21:03:36,133 | WARNING |  Transacción id 2354: Inversor inválido
2026-08-05 21:03:36,134 | WARNING |  Transacción id 2355: Monto <= 0
2026-08-05 21:03:36,134 | WARNING |  Transacción id 2363: Monto <= 0
2026-08-05 21:03:36,134 | WARNING |  Transacción id 2364: Monto <= 0
2026-08-05 21:03:36,134 | WARNING |  Transacción id 2365: Monto <= 0
2026-08-05 21:03:36,134 | WARNING |  Transacción id 2366: Monto <= 0
2026-08-05 21:03:36,134 | WARNING |  Transacción id 2370: Monto <= 0
2026-08-05 21:03:36,134 | WARNING |  Transacción id 2371: Monto <= 0
2026-08-05 21:03:36,134 | WARNING |  Transacción id 2374: Monto <= 0
2026-08-05 21:03:36,135 | WARNING |  Transacción id 2380: Monto <= 0
2026-08-05 21:03:36,135 | WARNING |  Transacción id 2381: Monto <= 0
2026-08-05 21:03:36,135 | WARNING |  Transacción id 2384: Monto <= 0
2026-08-05 21:03:36,135 | WARNING |  Transacción id 2386: Inversor inválido
2026-08-05 21:03:36,135 | WARNING |  Transacción id 2390: Monto <= 0
2026-08-05 21:03:36,135 | WARNING |  Transacción id 2391: Monto <= 0
2026-08-05 21:03:36,135 | WARNING |  Transacción id 2392: Monto <= 0
2026-08-05 21:03:36,135 | WARNING |  Transacción id 2393: Monto <= 0
2026-08-05 21:03:36,135 | WARNING |  Transacción id 2396: Inversor inválido
2026-08-05 21:03:36,135 | WARNING |  Transacción id 2397: Monto <= 0
2026-08-05 21:03:36,136 | WARNING |  Transacción id 2399: Monto <= 0
2026-08-05 21:03:36,136 | WARNING |  Transacción id 2402: Inversor inválido
2026-08-05 21:03:36,136 | WARNING |  Transacción id 2403: Inversor inválido
2026-08-05 21:03:36,136 | WARNING |  Transacción id 2407: Inversor inválido
2026-08-05 21:03:36,136 | WARNING |  Transacción id 2408: Monto <= 0
2026-08-05 21:03:36,136 | WARNING |  Transacción id 2409: Inversor inválido
2026-08-05 21:03:36,136 | WARNING |  Transacción id 2410: Inversor inválido
2026-08-05 21:03:36,136 | WARNING |  Transacción id 2411: Monto <= 0
2026-08-05 21:03:36,136 | WARNING |  Transacción id 2413: Monto <= 0
2026-08-05 21:03:36,136 | WARNING |  Transacción id 2418: Monto <= 0
2026-08-05 21:03:36,137 | WARNING |  Transacción id 2421: Inversor inválido
2026-08-05 21:03:36,137 | WARNING |  Transacción id 2424: Monto <= 0
2026-08-05 21:03:36,137 | WARNING |  Transacción id 2428: Monto <= 0
2026-08-05 21:03:36,137 | WARNING |  Transacción id 2430: Monto <= 0
2026-08-05 21:03:36,137 | WARNING |  Transacción id 2433: Monto <= 0
2026-08-05 21:03:36,137 | WARNING |  Transacción id 2435: Inversor inválido
2026-08-05 21:03:36,137 | WARNING |  Transacción id 2438: Inversor inválido
2026-08-05 21:03:36,137 | WARNING |  Transacción id 2443: Monto <= 0
2026-08-05 21:03:36,137 | WARNING |  Transacción id 2446: Monto <= 0
2026-08-05 21:03:36,137 | WARNING |  Transacción id 2450: Monto <= 0
2026-08-05 21:03:36,137 | WARNING |  Transacción id 2452: Inversor inválido
2026-08-05 21:03:36,138 | WARNING |  Transacción id 2456: Monto <= 0
2026-08-05 21:03:36,138 | WARNING |  Transacción id 2457: Inversor inválido
2026-08-05 21:03:36,138 | WARNING |  Transacción id 2459: Monto <= 0
2026-08-05 21:03:36,138 | WARNING |  Transacción id 2461: Inversor inválido
2026-08-05 21:03:36,138 | WARNING |  Transacción id 2465: Monto <= 0
2026-08-05 21:03:36,138 | WARNING |  Transacción id 2468: Monto <= 0
2026-08-05 21:03:36,138 | WARNING |  Transacción id 2469: Inversor inválido
2026-08-05 21:03:36,138 | WARNING |  Transacción id 2473: Monto <= 0
2026-08-05 21:03:36,138 | WARNING |  Transacción id 2475: Inversor inválido
2026-08-05 21:03:36,139 | WARNING |  Transacción id 2480: Inversor inválido
2026-08-05 21:03:36,139 | WARNING |  Transacción id 2485: Monto <= 0
2026-08-05 21:03:36,139 | WARNING |  Transacción id 2487: Inversor inválido
2026-08-05 21:03:36,139 | WARNING |  Transacción id 2490: Monto <= 0
2026-08-05 21:03:36,139 | WARNING |  Transacción id 2493: Monto <= 0
2026-08-05 21:03:36,139 | WARNING |  Transacción id 2495: Monto <= 0
2026-08-05 21:03:36,139 | WARNING |  Transacción id 2504: Inversor inválido
2026-08-05 21:03:36,139 | WARNING |  Transacción id 2506: Inversor inválido
2026-08-05 21:03:36,139 | WARNING |  Transacción id 2510: Monto <= 0
2026-08-05 21:03:36,139 | WARNING |  Transacción id 2512: Monto <= 0
2026-08-05 21:03:36,140 | WARNING |  Transacción id 2515: Inversor inválido
2026-08-05 21:03:36,140 | WARNING |  Transacción id 2516: Inversor inválido
2026-08-05 21:03:36,140 | WARNING |  Transacción id 2520: Monto <= 0
2026-08-05 21:03:36,140 | WARNING |  Transacción id 2528: Monto <= 0
2026-08-05 21:03:36,140 | WARNING |  Transacción id 2533: Monto <= 0
2026-08-05 21:03:36,140 | WARNING |  Transacción id 2534: Inversor inválido
2026-08-05 21:03:36,140 | WARNING |  Transacción id 2535: Monto <= 0
2026-08-05 21:03:36,140 | WARNING |  Transacción id 2536: Inversor inválido
2026-08-05 21:03:36,140 | WARNING |  Transacción id 2539: Monto <= 0
2026-08-05 21:03:36,141 | WARNING |  Transacción id 2540: Monto <= 0
2026-08-05 21:03:36,141 | WARNING |  Transacción id 2548: Monto <= 0
2026-08-05 21:03:36,141 | WARNING |  Transacción id 2549: Monto <= 0
2026-08-05 21:03:36,141 | WARNING |  Transacción id 2552: Monto <= 0
2026-08-05 21:03:36,141 | WARNING |  Transacción id 2556: Inversor inválido
2026-08-05 21:03:36,141 | WARNING |  Transacción id 2557: Inversor inválido
2026-08-05 21:03:36,141 | WARNING |  Transacción id 2561: Inversor inválido
2026-08-05 21:03:36,141 | WARNING |  Transacción id 2563: Monto <= 0
2026-08-05 21:03:36,141 | WARNING |  Transacción id 2564: Monto <= 0
2026-08-05 21:03:36,141 | WARNING |  Transacción id 2566: Inversor inválido
2026-08-05 21:03:36,141 | WARNING |  Transacción id 2567: Monto <= 0
2026-08-05 21:03:36,142 | WARNING |  Transacción id 2575: Monto <= 0
2026-08-05 21:03:36,142 | WARNING |  Transacción id 2580: Inversor inválido
2026-08-05 21:03:36,142 | WARNING |  Transacción id 2582: Inversor inválido
2026-08-05 21:03:36,142 | WARNING |  Transacción id 2583: Monto <= 0
2026-08-05 21:03:36,142 | WARNING |  Transacción id 2585: Monto <= 0
2026-08-05 21:03:36,142 | WARNING |  Transacción id 2591: Monto <= 0
2026-08-05 21:03:36,142 | WARNING |  Transacción id 2593: Monto <= 0
2026-08-05 21:03:36,142 | WARNING |  Transacción id 2594: Inversor inválido
2026-08-05 21:03:36,142 | WARNING |  Transacción id 2601: Monto <= 0
2026-08-05 21:03:36,142 | WARNING |  Transacción id 2604: Monto <= 0
2026-08-05 21:03:36,143 | WARNING |  Transacción id 2605: Monto <= 0
2026-08-05 21:03:36,143 | WARNING |  Transacción id 2608: Monto <= 0
2026-08-05 21:03:36,143 | WARNING |  Transacción id 2611: Monto <= 0
2026-08-05 21:03:36,143 | WARNING |  Transacción id 2614: Monto <= 0
2026-08-05 21:03:36,143 | WARNING |  Transacción id 2615: Monto <= 0
2026-08-05 21:03:36,143 | WARNING |  Transacción id 2625: Monto <= 0
2026-08-05 21:03:36,143 | WARNING |  Transacción id 2628: Inversor inválido
2026-08-05 21:03:36,143 | WARNING |  Transacción id 2633: Monto <= 0
2026-08-05 21:03:36,143 | WARNING |  Transacción id 2634: Monto <= 0
2026-08-05 21:03:36,143 | WARNING |  Transacción id 2640: Monto <= 0
2026-08-05 21:03:36,143 | WARNING |  Transacción id 2642: Monto <= 0
2026-08-05 21:03:36,143 | WARNING |  Transacción id 2644: Monto <= 0
2026-08-05 21:03:36,144 | WARNING |  Transacción id 2650: Monto <= 0
2026-08-05 21:03:36,144 | WARNING |  Transacción id 2651: Monto <= 0
2026-08-05 21:03:36,144 | WARNING |  Transacción id 2656: Inversor inválido
2026-08-05 21:03:36,144 | WARNING |  Transacción id 2660: Monto <= 0
2026-08-05 21:03:36,144 | WARNING |  Transacción id 2662: Monto <= 0
2026-08-05 21:03:36,144 | WARNING |  Transacción id 2670: Inversor inválido
2026-08-05 21:03:36,144 | WARNING |  Transacción id 2673: Inversor inválido
2026-08-05 21:03:36,144 | WARNING |  Transacción id 2676: Inversor inválido
2026-08-05 21:03:36,145 | WARNING |  Transacción id 2687: Monto <= 0
2026-08-05 21:03:36,145 | WARNING |  Transacción id 2689: Inversor inválido
2026-08-05 21:03:36,145 | WARNING |  Transacción id 2694: Monto <= 0
2026-08-05 21:03:36,145 | WARNING |  Transacción id 2698: Monto <= 0
2026-08-05 21:03:36,145 | WARNING |  Transacción id 2699: Monto <= 0
2026-08-05 21:03:36,145 | WARNING |  Transacción id 2701: Monto <= 0
2026-08-05 21:03:36,145 | WARNING |  Transacción id 2703: Monto <= 0
2026-08-05 21:03:36,145 | WARNING |  Transacción id 2708: Inversor inválido
2026-08-05 21:03:36,145 | WARNING |  Transacción id 2712: Inversor inválido
2026-08-05 21:03:36,145 | WARNING |  Transacción id 2714: Monto <= 0
2026-08-05 21:03:36,146 | WARNING |  Transacción id 2717: Monto <= 0
2026-08-05 21:03:36,146 | WARNING |  Transacción id 2722: Monto <= 0
2026-08-05 21:03:36,146 | WARNING |  Transacción id 2725: Monto <= 0
2026-08-05 21:03:36,146 | WARNING |  Transacción id 2727: Inversor inválido
2026-08-05 21:03:36,146 | WARNING |  Transacción id 2728: Monto <= 0
2026-08-05 21:03:36,146 | WARNING |  Transacción id 2730: Inversor inválido
2026-08-05 21:03:36,146 | WARNING |  Transacción id 2737: Inversor inválido
2026-08-05 21:03:36,146 | WARNING |  Transacción id 2741: Inversor inválido
2026-08-05 21:03:36,146 | WARNING |  Transacción id 2743: Monto <= 0
2026-08-05 21:03:36,146 | WARNING |  Transacción id 2750: Inversor inválido
2026-08-05 21:03:36,147 | WARNING |  Transacción id 2753: Monto <= 0
2026-08-05 21:03:36,147 | WARNING |  Transacción id 2754: Monto <= 0
2026-08-05 21:03:36,147 | WARNING |  Transacción id 2755: Monto <= 0
2026-08-05 21:03:36,147 | WARNING |  Transacción id 2756: Monto <= 0
2026-08-05 21:03:36,147 | WARNING |  Transacción id 2759: Inversor inválido
2026-08-05 21:03:36,147 | WARNING |  Transacción id 2765: Inversor inválido
2026-08-05 21:03:36,147 | WARNING |  Transacción id 2766: Monto <= 0
2026-08-05 21:03:36,147 | WARNING |  Transacción id 2770: Monto <= 0
2026-08-05 21:03:36,147 | WARNING |  Transacción id 2772: Monto <= 0
2026-08-05 21:03:36,147 | WARNING |  Transacción id 2773: Inversor inválido
2026-08-05 21:03:36,147 | WARNING |  Transacción id 2781: Inversor inválido
2026-08-05 21:03:36,148 | WARNING |  Transacción id 2782: Monto <= 0
2026-08-05 21:03:36,148 | WARNING |  Transacción id 2791: Monto <= 0
2026-08-05 21:03:36,148 | WARNING |  Transacción id 2794: Inversor inválido
2026-08-05 21:03:36,148 | WARNING |  Transacción id 2795: Monto <= 0
2026-08-05 21:03:36,148 | WARNING |  Transacción id 2799: Inversor inválido
2026-08-05 21:03:36,148 | WARNING |  Transacción id 2800: Monto <= 0
2026-08-05 21:03:36,149 | WARNING |  Transacción id 2803: Monto <= 0
2026-08-05 21:03:36,149 | WARNING |  Transacción id 2804: Monto <= 0
2026-08-05 21:03:36,149 | WARNING |  Transacción id 2806: Inversor inválido
2026-08-05 21:03:36,149 | WARNING |  Transacción id 2822: Inversor inválido
2026-08-05 21:03:36,149 | WARNING |  Transacción id 2836: Monto <= 0
2026-08-05 21:03:36,149 | WARNING |  Transacción id 2837: Inversor inválido
2026-08-05 21:03:36,149 | WARNING |  Transacción id 2838: Inversor inválido
2026-08-05 21:03:36,149 | WARNING |  Transacción id 2842: Monto <= 0
2026-08-05 21:03:36,149 | WARNING |  Transacción id 2847: Monto <= 0
2026-08-05 21:03:36,150 | WARNING |  Transacción id 2852: Monto <= 0
2026-08-05 21:03:36,150 | WARNING |  Transacción id 2855: Inversor inválido
2026-08-05 21:03:36,150 | WARNING |  Transacción id 2856: Inversor inválido
2026-08-05 21:03:36,150 | WARNING |  Transacción id 2859: Inversor inválido
2026-08-05 21:03:36,150 | WARNING |  Transacción id 2862: Monto <= 0
2026-08-05 21:03:36,150 | WARNING |  Transacción id 2864: Monto <= 0
2026-08-05 21:03:36,150 | WARNING |  Transacción id 2867: Monto <= 0
2026-08-05 21:03:36,150 | WARNING |  Transacción id 2869: Inversor inválido
2026-08-05 21:03:36,150 | WARNING |  Transacción id 2872: Inversor inválido
2026-08-05 21:03:36,151 | WARNING |  Transacción id 2874: Monto <= 0
2026-08-05 21:03:36,151 | WARNING |  Transacción id 2878: Monto <= 0
2026-08-05 21:03:36,151 | WARNING |  Transacción id 2880: Inversor inválido
2026-08-05 21:03:36,151 | WARNING |  Transacción id 2882: Monto <= 0
2026-08-05 21:03:36,151 | WARNING |  Transacción id 2883: Monto <= 0
2026-08-05 21:03:36,151 | WARNING |  Transacción id 2900: Monto <= 0
2026-08-05 21:03:36,151 | WARNING |  Transacción id 2901: Monto <= 0
2026-08-05 21:03:36,151 | WARNING |  Transacción id 2913: Monto <= 0
2026-08-05 21:03:36,151 | WARNING |  Transacción id 2914: Inversor inválido
2026-08-05 21:03:36,151 | WARNING |  Transacción id 2915: Inversor inválido
2026-08-05 21:03:36,151 | WARNING |  Transacción id 2919: Monto <= 0
2026-08-05 21:03:36,151 | WARNING |  Transacción id 2921: Inversor inválido
2026-08-05 21:03:36,152 | WARNING |  Transacción id 2926: Monto <= 0
2026-08-05 21:03:36,152 | WARNING |  Transacción id 2927: Monto <= 0
2026-08-05 21:03:36,152 | WARNING |  Transacción id 2928: Inversor inválido
2026-08-05 21:03:36,152 | WARNING |  Transacción id 2930: Monto <= 0
2026-08-05 21:03:36,152 | WARNING |  Transacción id 2931: Monto <= 0
2026-08-05 21:03:36,152 | WARNING |  Transacción id 2932: Monto <= 0
2026-08-05 21:03:36,152 | WARNING |  Transacción id 2934: Inversor inválido
2026-08-05 21:03:36,152 | WARNING |  Transacción id 2935: Inversor inválido
2026-08-05 21:03:36,152 | WARNING |  Transacción id 2936: Monto <= 0
2026-08-05 21:03:36,152 | WARNING |  Transacción id 2941: Inversor inválido
2026-08-05 21:03:36,153 | WARNING |  Transacción id 2944: Inversor inválido
2026-08-05 21:03:36,153 | WARNING |  Transacción id 2945: Monto <= 0
2026-08-05 21:03:36,153 | WARNING |  Transacción id 2949: Monto <= 0
2026-08-05 21:03:36,153 | WARNING |  Transacción id 2950: Monto <= 0
2026-08-05 21:03:36,153 | WARNING |  Transacción id 2951: Monto <= 0
2026-08-05 21:03:36,153 | WARNING |  Transacción id 2953: Monto <= 0
2026-08-05 21:03:36,153 | WARNING |  Transacción id 2954: Monto <= 0
2026-08-05 21:03:36,153 | WARNING |  Transacción id 2956: Monto <= 0
2026-08-05 21:03:36,153 | WARNING |  Transacción id 2958: Monto <= 0
2026-08-05 21:03:36,153 | WARNING |  Transacción id 2962: Inversor inválido
2026-08-05 21:03:36,154 | WARNING |  Transacción id 2963: Monto <= 0
2026-08-05 21:03:36,154 | WARNING |  Transacción id 2965: Inversor inválido
2026-08-05 21:03:36,154 | WARNING |  Transacción id 2970: Monto <= 0
2026-08-05 21:03:36,154 | WARNING |  Transacción id 2971: Inversor inválido
2026-08-05 21:03:36,154 | WARNING |  Transacción id 2977: Monto <= 0
2026-08-05 21:03:36,154 | WARNING |  Transacción id 2979: Inversor inválido
2026-08-05 21:03:36,154 | WARNING |  Transacción id 2980: Monto <= 0
2026-08-05 21:03:36,155 | WARNING |  Transacción id 2986: Inversor inválido
2026-08-05 21:03:36,155 | WARNING |  Transacción id 2989: Monto <= 0
2026-08-05 21:03:36,155 | WARNING |  Transacción id 2990: Monto <= 0
2026-08-05 21:03:36,155 | WARNING |  Transacción id 2991: Monto <= 0
2026-08-05 21:03:36,155 | WARNING |  Transacción id 2994: Inversor inválido
2026-08-05 21:03:36,155 | WARNING |  Transacción id 2995: Monto <= 0
2026-08-05 21:03:36,155 | WARNING |  Transacción id 2996: Monto <= 0
2026-08-05 21:03:36,155 | WARNING |  Transacción id 2997: Inversor inválido
2026-08-05 21:03:36,155 | WARNING |  Transacción id 2998: Inversor inválido
2026-08-05 21:03:36,155 | WARNING |  Transacción id 3000: Inversor inválido
2026-08-05 21:03:36,155 | WARNING |  Transacción id 3003: Inversor inválido
2026-08-05 21:03:36,156 | WARNING |  Transacción id 3004: Inversor inválido
2026-08-05 21:03:36,156 | WARNING |  Transacción id 3007: Monto <= 0
2026-08-05 21:03:36,156 | WARNING |  Transacción id 3011: Monto <= 0
2026-08-05 21:03:36,156 | WARNING |  Transacción id 3015: Monto <= 0
2026-08-05 21:03:36,156 | WARNING |  Transacción id 3016: Monto <= 0
2026-08-05 21:03:36,156 | WARNING |  Transacción id 3020: Monto <= 0
2026-08-05 21:03:36,156 | WARNING |  Transacción id 3021: Inversor inválido
2026-08-05 21:03:36,156 | WARNING |  Transacción id 3022: Monto <= 0
2026-08-05 21:03:36,157 | WARNING |  Transacción id 3026: Monto <= 0
2026-08-05 21:03:36,157 | WARNING |  Transacción id 3028: Monto <= 0
2026-08-05 21:03:36,157 | WARNING |  Transacción id 3038: Monto <= 0
2026-08-05 21:03:36,157 | WARNING |  Transacción id 3041: Monto <= 0
2026-08-05 21:03:36,157 | WARNING |  Transacción id 3042: Monto <= 0
2026-08-05 21:03:36,157 | WARNING |  Transacción id 3046: Inversor inválido
2026-08-05 21:03:36,157 | WARNING |  Transacción id 3048: Monto <= 0
2026-08-05 21:03:36,157 | WARNING |  Transacción id 3052: Inversor inválido
2026-08-05 21:03:36,157 | WARNING |  Transacción id 3059: Inversor inválido
2026-08-05 21:03:36,157 | WARNING |  Transacción id 3062: Inversor inválido
2026-08-05 21:03:36,158 | WARNING |  Transacción id 3065: Monto <= 0
2026-08-05 21:03:36,158 | WARNING |  Transacción id 3072: Inversor inválido
2026-08-05 21:03:36,158 | WARNING |  Transacción id 3074: Inversor inválido
2026-08-05 21:03:36,158 | WARNING |  Transacción id 3075: Monto <= 0
2026-08-05 21:03:36,158 | WARNING |  Transacción id 3077: Monto <= 0
2026-08-05 21:03:36,158 | WARNING |  Transacción id 3079: Monto <= 0
2026-08-05 21:03:36,158 | WARNING |  Transacción id 3080: Monto <= 0
2026-08-05 21:03:36,158 | WARNING |  Transacción id 3081: Inversor inválido
2026-08-05 21:03:36,158 | WARNING |  Transacción id 3084: Monto <= 0
2026-08-05 21:03:36,158 | WARNING |  Transacción id 3085: Inversor inválido
2026-08-05 21:03:36,159 | WARNING |  Transacción id 3088: Inversor inválido
2026-08-05 21:03:36,159 | WARNING |  Transacción id 3094: Monto <= 0
2026-08-05 21:03:36,159 | WARNING |  Transacción id 3095: Inversor inválido
2026-08-05 21:03:36,159 | WARNING |  Transacción id 3097: Inversor inválido
2026-08-05 21:03:36,159 | WARNING |  Transacción id 3099: Inversor inválido
2026-08-05 21:03:36,159 | WARNING |  Transacción id 3102: Monto <= 0
2026-08-05 21:03:36,159 | WARNING |  Transacción id 3103: Monto <= 0
2026-08-05 21:03:36,159 | WARNING |  Transacción id 3107: Monto <= 0
2026-08-05 21:03:36,159 | WARNING |  Transacción id 3109: Inversor inválido
2026-08-05 21:03:36,160 | WARNING |  Transacción id 3112: Monto <= 0
2026-08-05 21:03:36,160 | WARNING |  Transacción id 3118: Monto <= 0
2026-08-05 21:03:36,160 | WARNING |  Transacción id 3123: Monto <= 0
2026-08-05 21:03:36,160 | WARNING |  Transacción id 3127: Monto <= 0
2026-08-05 21:03:36,160 | WARNING |  Transacción id 3128: Inversor inválido
2026-08-05 21:03:36,160 | WARNING |  Transacción id 3132: Monto <= 0
2026-08-05 21:03:36,160 | WARNING |  Transacción id 3133: Inversor inválido
2026-08-05 21:03:36,160 | WARNING |  Transacción id 3135: Monto <= 0
2026-08-05 21:03:36,160 | WARNING |  Transacción id 3137: Inversor inválido
2026-08-05 21:03:36,161 | WARNING |  Transacción id 3138: Monto <= 0
2026-08-05 21:03:36,161 | WARNING |  Transacción id 3140: Monto <= 0
2026-08-05 21:03:36,161 | WARNING |  Transacción id 3146: Monto <= 0
2026-08-05 21:03:36,161 | WARNING |  Transacción id 3148: Inversor inválido
2026-08-05 21:03:36,161 | WARNING |  Transacción id 3152: Monto <= 0
2026-08-05 21:03:36,161 | WARNING |  Transacción id 3154: Monto <= 0
2026-08-05 21:03:36,161 | WARNING |  Transacción id 3160: Monto <= 0
2026-08-05 21:03:36,161 | WARNING |  Transacción id 3172: Monto <= 0
2026-08-05 21:03:36,161 | WARNING |  Transacción id 3174: Monto <= 0
2026-08-05 21:03:36,161 | WARNING |  Transacción id 3185: Monto <= 0
2026-08-05 21:03:36,161 | WARNING |  Transacción id 3187: Monto <= 0
2026-08-05 21:03:36,161 | WARNING |  Transacción id 3188: Inversor inválido
2026-08-05 21:03:36,162 | WARNING |  Transacción id 3189: Inversor inválido
2026-08-05 21:03:36,162 | WARNING |  Transacción id 3195: Inversor inválido
2026-08-05 21:03:36,162 | WARNING |  Transacción id 3197: Inversor inválido
2026-08-05 21:03:36,162 | WARNING |  Transacción id 3200: Inversor inválido
2026-08-05 21:03:36,162 | WARNING |  Transacción id 3201: Inversor inválido
2026-08-05 21:03:36,162 | WARNING |  Transacción id 3207: Inversor inválido
2026-08-05 21:03:36,162 | WARNING |  Transacción id 3208: Monto <= 0
2026-08-05 21:03:36,162 | WARNING |  Transacción id 3213: Inversor inválido
2026-08-05 21:03:36,162 | WARNING |  Transacción id 3218: Monto <= 0
2026-08-05 21:03:36,162 | WARNING |  Transacción id 3219: Monto <= 0
2026-08-05 21:03:36,163 | WARNING |  Transacción id 3221: Inversor inválido
2026-08-05 21:03:36,163 | WARNING |  Transacción id 3222: Inversor inválido
2026-08-05 21:03:36,163 | WARNING |  Transacción id 3223: Monto <= 0
2026-08-05 21:03:36,163 | WARNING |  Transacción id 3226: Monto <= 0
2026-08-05 21:03:36,163 | WARNING |  Transacción id 3229: Inversor inválido
2026-08-05 21:03:36,163 | WARNING |  Transacción id 3231: Monto <= 0
2026-08-05 21:03:36,163 | WARNING |  Transacción id 3232: Monto <= 0
2026-08-05 21:03:36,163 | WARNING |  Transacción id 3233: Monto <= 0
2026-08-05 21:03:36,163 | WARNING |  Transacción id 3234: Inversor inválido
2026-08-05 21:03:36,163 | WARNING |  Transacción id 3235: Monto <= 0
2026-08-05 21:03:36,163 | WARNING |  Transacción id 3239: Monto <= 0
2026-08-05 21:03:36,164 | WARNING |  Transacción id 3240: Monto <= 0
2026-08-05 21:03:36,164 | WARNING |  Transacción id 3242: Inversor inválido
2026-08-05 21:03:36,164 | WARNING |  Transacción id 3244: Inversor inválido
2026-08-05 21:03:36,164 | WARNING |  Transacción id 3245: Monto <= 0
2026-08-05 21:03:36,164 | WARNING |  Transacción id 3249: Monto <= 0
2026-08-05 21:03:36,164 | WARNING |  Transacción id 3252: Monto <= 0
2026-08-05 21:03:36,164 | WARNING |  Transacción id 3254: Inversor inválido
2026-08-05 21:03:36,164 | WARNING |  Transacción id 3256: Monto <= 0
2026-08-05 21:03:36,165 | WARNING |  Transacción id 3261: Monto <= 0
2026-08-05 21:03:36,165 | WARNING |  Transacción id 3271: Monto <= 0
2026-08-05 21:03:36,165 | WARNING |  Transacción id 3274: Inversor inválido
2026-08-05 21:03:36,165 | WARNING |  Transacción id 3278: Monto <= 0
2026-08-05 21:03:36,165 | WARNING |  Transacción id 3279: Monto <= 0
2026-08-05 21:03:36,165 | WARNING |  Transacción id 3285: Inversor inválido
2026-08-05 21:03:36,165 | WARNING |  Transacción id 3290: Monto <= 0
2026-08-05 21:03:36,165 | WARNING |  Transacción id 3296: Inversor inválido
2026-08-05 21:03:36,166 | WARNING |  Transacción id 3297: Monto <= 0
2026-08-05 21:03:36,166 | WARNING |  Transacción id 3304: Inversor inválido
2026-08-05 21:03:36,166 | WARNING |  Transacción id 3307: Inversor inválido
2026-08-05 21:03:36,166 | WARNING |  Transacción id 3311: Monto <= 0
2026-08-05 21:03:36,166 | WARNING |  Transacción id 3314: Inversor inválido
2026-08-05 21:03:36,166 | WARNING |  Transacción id 3318: Inversor inválido
2026-08-05 21:03:36,166 | WARNING |  Transacción id 3323: Inversor inválido
2026-08-05 21:03:36,166 | WARNING |  Transacción id 3326: Monto <= 0
2026-08-05 21:03:36,166 | WARNING |  Transacción id 3332: Inversor inválido
2026-08-05 21:03:36,167 | WARNING |  Transacción id 3338: Monto <= 0
2026-08-05 21:03:36,167 | WARNING |  Transacción id 3340: Monto <= 0
2026-08-05 21:03:36,167 | WARNING |  Transacción id 3344: Monto <= 0
2026-08-05 21:03:36,167 | WARNING |  Transacción id 3347: Inversor inválido
2026-08-05 21:03:36,167 | WARNING |  Transacción id 3351: Monto <= 0
2026-08-05 21:03:36,167 | WARNING |  Transacción id 3356: Inversor inválido
2026-08-05 21:03:36,167 | WARNING |  Transacción id 3357: Monto <= 0
2026-08-05 21:03:36,167 | WARNING |  Transacción id 3359: Inversor inválido
2026-08-05 21:03:36,167 | WARNING |  Transacción id 3361: Monto <= 0
2026-08-05 21:03:36,167 | WARNING |  Transacción id 3363: Monto <= 0
2026-08-05 21:03:36,168 | WARNING |  Transacción id 3365: Monto <= 0
2026-08-05 21:03:36,168 | WARNING |  Transacción id 3366: Inversor inválido
2026-08-05 21:03:36,168 | WARNING |  Transacción id 3370: Monto <= 0
2026-08-05 21:03:36,168 | WARNING |  Transacción id 3371: Monto <= 0
2026-08-05 21:03:36,168 | WARNING |  Transacción id 3372: Monto <= 0
2026-08-05 21:03:36,168 | WARNING |  Transacción id 3373: Inversor inválido
2026-08-05 21:03:36,168 | WARNING |  Transacción id 3375: Inversor inválido
2026-08-05 21:03:36,168 | WARNING |  Transacción id 3378: Monto <= 0
2026-08-05 21:03:36,168 | WARNING |  Transacción id 3380: Inversor inválido
2026-08-05 21:03:36,168 | WARNING |  Transacción id 3387: Monto <= 0
2026-08-05 21:03:36,168 | WARNING |  Transacción id 3388: Monto <= 0
2026-08-05 21:03:36,169 | WARNING |  Transacción id 3391: Inversor inválido
2026-08-05 21:03:36,169 | WARNING |  Transacción id 3392: Monto <= 0
2026-08-05 21:03:36,169 | WARNING |  Transacción id 3395: Monto <= 0
2026-08-05 21:03:36,169 | WARNING |  Transacción id 3397: Monto <= 0
2026-08-05 21:03:36,169 | WARNING |  Transacción id 3398: Monto <= 0
2026-08-05 21:03:36,169 | WARNING |  Transacción id 3408: Monto <= 0
2026-08-05 21:03:36,169 | WARNING |  Transacción id 3410: Inversor inválido
2026-08-05 21:03:36,169 | WARNING |  Transacción id 3414: Monto <= 0
2026-08-05 21:03:36,170 | WARNING |  Transacción id 3415: Monto <= 0
2026-08-05 21:03:36,170 | WARNING |  Transacción id 3416: Monto <= 0
2026-08-05 21:03:36,170 | WARNING |  Transacción id 3422: Inversor inválido
2026-08-05 21:03:36,170 | WARNING |  Transacción id 3425: Monto <= 0
2026-08-05 21:03:36,170 | WARNING |  Transacción id 3427: Monto <= 0
2026-08-05 21:03:36,170 | WARNING |  Transacción id 3429: Inversor inválido
2026-08-05 21:03:36,170 | WARNING |  Transacción id 3433: Monto <= 0
2026-08-05 21:03:36,170 | WARNING |  Transacción id 3438: Monto <= 0
2026-08-05 21:03:36,170 | WARNING |  Transacción id 3439: Inversor inválido
2026-08-05 21:03:36,170 | WARNING |  Transacción id 3448: Monto <= 0
2026-08-05 21:03:36,171 | WARNING |  Transacción id 3450: Inversor inválido
2026-08-05 21:03:36,171 | WARNING |  Transacción id 3451: Inversor inválido
2026-08-05 21:03:36,171 | WARNING |  Transacción id 3453: Monto <= 0
2026-08-05 21:03:36,171 | WARNING |  Transacción id 3454: Inversor inválido
2026-08-05 21:03:36,171 | WARNING |  Transacción id 3456: Inversor inválido
2026-08-05 21:03:36,171 | WARNING |  Transacción id 3457: Inversor inválido
2026-08-05 21:03:36,171 | WARNING |  Transacción id 3459: Monto <= 0
2026-08-05 21:03:36,171 | WARNING |  Transacción id 3462: Inversor inválido
2026-08-05 21:03:36,171 | WARNING |  Transacción id 3465: Monto <= 0
2026-08-05 21:03:36,171 | WARNING |  Transacción id 3467: Monto <= 0
2026-08-05 21:03:36,172 | WARNING |  Transacción id 3471: Inversor inválido
2026-08-05 21:03:36,172 | WARNING |  Transacción id 3472: Monto <= 0
2026-08-05 21:03:36,172 | WARNING |  Transacción id 3474: Monto <= 0
2026-08-05 21:03:36,172 | WARNING |  Transacción id 3475: Monto <= 0
2026-08-05 21:03:36,172 | WARNING |  Transacción id 3477: Inversor inválido
2026-08-05 21:03:36,172 | WARNING |  Transacción id 3479: Monto <= 0
2026-08-05 21:03:36,172 | WARNING |  Transacción id 3480: Monto <= 0
2026-08-05 21:03:36,172 | WARNING |  Transacción id 3482: Monto <= 0
2026-08-05 21:03:36,172 | WARNING |  Transacción id 3483: Monto <= 0
2026-08-05 21:03:36,172 | WARNING |  Transacción id 3486: Monto <= 0
2026-08-05 21:03:36,172 | WARNING |  Transacción id 3491: Inversor inválido
2026-08-05 21:03:36,173 | WARNING |  Transacción id 3494: Inversor inválido
2026-08-05 21:03:36,173 | WARNING |  Transacción id 3500: Monto <= 0
2026-08-05 21:03:36,173 | WARNING |  Transacción id 3502: Monto <= 0
2026-08-05 21:03:36,173 | WARNING |  Transacción id 3503: Monto <= 0
2026-08-05 21:03:36,173 | WARNING |  Transacción id 3505: Inversor inválido
2026-08-05 21:03:36,173 | WARNING |  Transacción id 3509: Inversor inválido
2026-08-05 21:03:36,173 | WARNING |  Transacción id 3511: Monto <= 0
2026-08-05 21:03:36,173 | WARNING |  Transacción id 3516: Monto <= 0
2026-08-05 21:03:36,173 | WARNING |  Transacción id 3517: Inversor inválido
2026-08-05 21:03:36,173 | WARNING |  Transacción id 3518: Inversor inválido
2026-08-05 21:03:36,173 | WARNING |  Transacción id 3522: Inversor inválido
2026-08-05 21:03:36,174 | WARNING |  Transacción id 3529: Inversor inválido
2026-08-05 21:03:36,174 | WARNING |  Transacción id 3531: Monto <= 0
2026-08-05 21:03:36,174 | WARNING |  Transacción id 3540: Monto <= 0
2026-08-05 21:03:36,174 | WARNING |  Transacción id 3541: Monto <= 0
2026-08-05 21:03:36,174 | WARNING |  Transacción id 3547: Monto <= 0
2026-08-05 21:03:36,174 | WARNING |  Transacción id 3556: Monto <= 0
2026-08-05 21:03:36,174 | WARNING |  Transacción id 3557: Inversor inválido
2026-08-05 21:03:36,174 | WARNING |  Transacción id 3559: Inversor inválido
2026-08-05 21:03:36,175 | WARNING |  Transacción id 3560: Inversor inválido
2026-08-05 21:03:36,175 | WARNING |  Transacción id 3564: Inversor inválido
2026-08-05 21:03:36,175 | WARNING |  Transacción id 3574: Monto <= 0
2026-08-05 21:03:36,175 | WARNING |  Transacción id 3577: Monto <= 0
2026-08-05 21:03:36,175 | WARNING |  Transacción id 3579: Monto <= 0
2026-08-05 21:03:36,175 | WARNING |  Transacción id 3584: Monto <= 0
2026-08-05 21:03:36,175 | WARNING |  Transacción id 3589: Monto <= 0
2026-08-05 21:03:36,175 | WARNING |  Transacción id 3593: Inversor inválido
2026-08-05 21:03:36,175 | WARNING |  Transacción id 3594: Inversor inválido
2026-08-05 21:03:36,175 | WARNING |  Transacción id 3599: Monto <= 0
2026-08-05 21:03:36,176 | WARNING |  Transacción id 3601: Monto <= 0
2026-08-05 21:03:36,176 | WARNING |  Transacción id 3606: Monto <= 0
2026-08-05 21:03:36,176 | WARNING |  Transacción id 3607: Inversor inválido
2026-08-05 21:03:36,176 | WARNING |  Transacción id 3609: Monto <= 0
2026-08-05 21:03:36,176 | WARNING |  Transacción id 3612: Monto <= 0
2026-08-05 21:03:36,176 | WARNING |  Transacción id 3613: Monto <= 0
2026-08-05 21:03:36,176 | WARNING |  Transacción id 3619: Inversor inválido
2026-08-05 21:03:36,176 | WARNING |  Transacción id 3622: Monto <= 0
2026-08-05 21:03:36,176 | WARNING |  Transacción id 3623: Inversor inválido
2026-08-05 21:03:36,176 | WARNING |  Transacción id 3629: Monto <= 0
2026-08-05 21:03:36,177 | WARNING |  Transacción id 3630: Monto <= 0
2026-08-05 21:03:36,177 | WARNING |  Transacción id 3631: Monto <= 0
2026-08-05 21:03:36,177 | WARNING |  Transacción id 3634: Monto <= 0
2026-08-05 21:03:36,177 | WARNING |  Transacción id 3635: Monto <= 0
2026-08-05 21:03:36,177 | WARNING |  Transacción id 3636: Monto <= 0
2026-08-05 21:03:36,177 | WARNING |  Transacción id 3637: Inversor inválido
2026-08-05 21:03:36,177 | WARNING |  Transacción id 3642: Inversor inválido
2026-08-05 21:03:36,177 | WARNING |  Transacción id 3651: Monto <= 0
2026-08-05 21:03:36,177 | WARNING |  Transacción id 3652: Monto <= 0
2026-08-05 21:03:36,177 | WARNING |  Transacción id 3653: Monto <= 0
2026-08-05 21:03:36,177 | WARNING |  Transacción id 3659: Monto <= 0
2026-08-05 21:03:36,178 | WARNING |  Transacción id 3660: Monto <= 0
2026-08-05 21:03:36,178 | WARNING |  Transacción id 3665: Inversor inválido
2026-08-05 21:03:36,178 | WARNING |  Transacción id 3666: Monto <= 0
2026-08-05 21:03:36,178 | WARNING |  Transacción id 3667: Inversor inválido
2026-08-05 21:03:36,178 | WARNING |  Transacción id 3668: Inversor inválido
2026-08-05 21:03:36,178 | WARNING |  Transacción id 3669: Monto <= 0
2026-08-05 21:03:36,178 | WARNING |  Transacción id 3670: Monto <= 0
2026-08-05 21:03:36,178 | WARNING |  Transacción id 3673: Monto <= 0
2026-08-05 21:03:36,178 | WARNING |  Transacción id 3675: Monto <= 0
2026-08-05 21:03:36,178 | WARNING |  Transacción id 3691: Monto <= 0
2026-08-05 21:03:36,179 | WARNING |  Transacción id 3693: Monto <= 0
2026-08-05 21:03:36,179 | WARNING |  Transacción id 3695: Monto <= 0
2026-08-05 21:03:36,179 | WARNING |  Transacción id 3697: Monto <= 0
2026-08-05 21:03:36,179 | WARNING |  Transacción id 3699: Monto <= 0
2026-08-05 21:03:36,179 | WARNING |  Transacción id 3703: Inversor inválido
2026-08-05 21:03:36,179 | WARNING |  Transacción id 3709: Monto <= 0
2026-08-05 21:03:36,179 | WARNING |  Transacción id 3712: Inversor inválido
2026-08-05 21:03:36,179 | WARNING |  Transacción id 3714: Inversor inválido
2026-08-05 21:03:36,179 | WARNING |  Transacción id 3715: Inversor inválido
2026-08-05 21:03:36,180 | WARNING |  Transacción id 3717: Monto <= 0
2026-08-05 21:03:36,180 | WARNING |  Transacción id 3721: Monto <= 0
2026-08-05 21:03:36,180 | WARNING |  Transacción id 3724: Inversor inválido
2026-08-05 21:03:36,180 | WARNING |  Transacción id 3726: Inversor inválido
2026-08-05 21:03:36,180 | WARNING |  Transacción id 3730: Monto <= 0
2026-08-05 21:03:36,180 | WARNING |  Transacción id 3734: Monto <= 0
2026-08-05 21:03:36,180 | WARNING |  Transacción id 3737: Monto <= 0
2026-08-05 21:03:36,180 | WARNING |  Transacción id 3742: Monto <= 0
2026-08-05 21:03:36,180 | WARNING |  Transacción id 3743: Inversor inválido
2026-08-05 21:03:36,181 | WARNING |  Transacción id 3744: Monto <= 0
2026-08-05 21:03:36,181 | WARNING |  Transacción id 3747: Inversor inválido
2026-08-05 21:03:36,181 | WARNING |  Transacción id 3749: Inversor inválido
2026-08-05 21:03:36,181 | WARNING |  Transacción id 3751: Monto <= 0
2026-08-05 21:03:36,181 | WARNING |  Transacción id 3759: Monto <= 0
2026-08-05 21:03:36,181 | WARNING |  Transacción id 3762: Monto <= 0
2026-08-05 21:03:36,181 | WARNING |  Transacción id 3763: Monto <= 0
2026-08-05 21:03:36,181 | WARNING |  Transacción id 3767: Monto <= 0
2026-08-05 21:03:36,181 | WARNING |  Transacción id 3768: Inversor inválido
2026-08-05 21:03:36,182 | WARNING |  Transacción id 3773: Inversor inválido
2026-08-05 21:03:36,182 | WARNING |  Transacción id 3779: Monto <= 0
2026-08-05 21:03:36,182 | WARNING |  Transacción id 3782: Monto <= 0
2026-08-05 21:03:36,182 | WARNING |  Transacción id 3783: Inversor inválido
2026-08-05 21:03:36,182 | WARNING |  Transacción id 3788: Monto <= 0
2026-08-05 21:03:36,182 | WARNING |  Transacción id 3795: Inversor inválido
2026-08-05 21:03:36,182 | WARNING |  Transacción id 3799: Monto <= 0
2026-08-05 21:03:36,182 | WARNING |  Transacción id 3800: Inversor inválido
2026-08-05 21:03:36,183 | WARNING |  Transacción id 3802: Monto <= 0
2026-08-05 21:03:36,183 | WARNING |  Transacción id 3807: Monto <= 0
2026-08-05 21:03:36,183 | WARNING |  Transacción id 3811: Monto <= 0
2026-08-05 21:03:36,183 | WARNING |  Transacción id 3814: Monto <= 0
2026-08-05 21:03:36,183 | WARNING |  Transacción id 3827: Inversor inválido
2026-08-05 21:03:36,183 | WARNING |  Transacción id 3828: Inversor inválido
2026-08-05 21:03:36,183 | WARNING |  Transacción id 3830: Monto <= 0
2026-08-05 21:03:36,183 | WARNING |  Transacción id 3832: Inversor inválido
2026-08-05 21:03:36,183 | WARNING |  Transacción id 3834: Inversor inválido
2026-08-05 21:03:36,183 | WARNING |  Transacción id 3836: Monto <= 0
2026-08-05 21:03:36,183 | WARNING |  Transacción id 3838: Inversor inválido
2026-08-05 21:03:36,184 | WARNING |  Transacción id 3845: Monto <= 0
2026-08-05 21:03:36,184 | WARNING |  Transacción id 3847: Monto <= 0
2026-08-05 21:03:36,184 | WARNING |  Transacción id 3848: Inversor inválido
2026-08-05 21:03:36,184 | WARNING |  Transacción id 3850: Monto <= 0
2026-08-05 21:03:36,184 | WARNING |  Transacción id 3855: Monto <= 0
2026-08-05 21:03:36,184 | WARNING |  Transacción id 3856: Monto <= 0
2026-08-05 21:03:36,184 | WARNING |  Transacción id 3865: Monto <= 0
2026-08-05 21:03:36,184 | WARNING |  Transacción id 3871: Monto <= 0
2026-08-05 21:03:36,185 | WARNING |  Transacción id 3873: Monto <= 0
2026-08-05 21:03:36,185 | WARNING |  Transacción id 3877: Monto <= 0
2026-08-05 21:03:36,185 | WARNING |  Transacción id 3882: Monto <= 0
2026-08-05 21:03:36,185 | WARNING |  Transacción id 3883: Inversor inválido
2026-08-05 21:03:36,185 | WARNING |  Transacción id 3893: Monto <= 0
2026-08-05 21:03:36,185 | WARNING |  Transacción id 3895: Monto <= 0
2026-08-05 21:03:36,185 | WARNING |  Transacción id 3898: Monto <= 0
2026-08-05 21:03:36,185 | WARNING |  Transacción id 3899: Monto <= 0
2026-08-05 21:03:36,185 | WARNING |  Transacción id 3900: Monto <= 0
2026-08-05 21:03:36,185 | WARNING |  Transacción id 3904: Monto <= 0
2026-08-05 21:03:36,185 | WARNING |  Transacción id 3905: Inversor inválido
2026-08-05 21:03:36,186 | WARNING |  Transacción id 3906: Inversor inválido
2026-08-05 21:03:36,186 | WARNING |  Transacción id 3910: Inversor inválido
2026-08-05 21:03:36,186 | WARNING |  Transacción id 3916: Inversor inválido
2026-08-05 21:03:36,186 | WARNING |  Transacción id 3918: Monto <= 0
2026-08-05 21:03:36,186 | WARNING |  Transacción id 3919: Monto <= 0
2026-08-05 21:03:36,186 | WARNING |  Transacción id 3921: Monto <= 0
2026-08-05 21:03:36,186 | WARNING |  Transacción id 3926: Inversor inválido
2026-08-05 21:03:36,186 | WARNING |  Transacción id 3930: Inversor inválido
2026-08-05 21:03:36,186 | WARNING |  Transacción id 3934: Inversor inválido
2026-08-05 21:03:36,186 | WARNING |  Transacción id 3943: Monto <= 0
2026-08-05 21:03:36,187 | WARNING |  Transacción id 3944: Monto <= 0
2026-08-05 21:03:36,187 | WARNING |  Transacción id 3945: Monto <= 0
2026-08-05 21:03:36,187 | WARNING |  Transacción id 3955: Monto <= 0
2026-08-05 21:03:36,187 | WARNING |  Transacción id 3959: Monto <= 0
2026-08-05 21:03:36,187 | WARNING |  Transacción id 3963: Inversor inválido
2026-08-05 21:03:36,187 | WARNING |  Transacción id 3965: Monto <= 0
2026-08-05 21:03:36,187 | WARNING |  Transacción id 3972: Monto <= 0
2026-08-05 21:03:36,187 | WARNING |  Transacción id 3974: Monto <= 0
2026-08-05 21:03:36,187 | WARNING |  Transacción id 3977: Inversor inválido
2026-08-05 21:03:36,187 | WARNING |  Transacción id 3978: Monto <= 0
2026-08-05 21:03:36,187 | WARNING |  Transacción id 3983: Monto <= 0
2026-08-05 21:03:36,187 | WARNING |  Transacción id 3988: Monto <= 0
2026-08-05 21:03:36,188 | WARNING |  Transacción id 3989: Monto <= 0
2026-08-05 21:03:36,188 | WARNING |  Transacción id 3990: Monto <= 0
2026-08-05 21:03:36,188 | WARNING |  Transacción id 3991: Inversor inválido
2026-08-05 21:03:36,188 | WARNING |  Transacción id 3994: Inversor inválido
2026-08-05 21:03:36,188 | WARNING |  Transacción id 4006: Inversor inválido
2026-08-05 21:03:36,188 | WARNING |  Transacción id 4008: Monto <= 0
2026-08-05 21:03:36,188 | WARNING |  Transacción id 4011: Inversor inválido
2026-08-05 21:03:36,188 | WARNING |  Transacción id 4012: Inversor inválido
2026-08-05 21:03:36,188 | WARNING |  Transacción id 4015: Monto <= 0
2026-08-05 21:03:36,189 | WARNING |  Transacción id 4017: Inversor inválido
2026-08-05 21:03:36,189 | WARNING |  Transacción id 4021: Monto <= 0
2026-08-05 21:03:36,189 | WARNING |  Transacción id 4026: Monto <= 0
2026-08-05 21:03:36,189 | WARNING |  Transacción id 4028: Monto <= 0
2026-08-05 21:03:36,189 | WARNING |  Transacción id 4037: Inversor inválido
2026-08-05 21:03:36,189 | WARNING |  Transacción id 4038: Monto <= 0
2026-08-05 21:03:36,189 | WARNING |  Transacción id 4044: Monto <= 0
2026-08-05 21:03:36,189 | WARNING |  Transacción id 4045: Inversor inválido
2026-08-05 21:03:36,189 | WARNING |  Transacción id 4049: Monto <= 0
2026-08-05 21:03:36,189 | WARNING |  Transacción id 4050: Monto <= 0
2026-08-05 21:03:36,190 | WARNING |  Transacción id 4051: Monto <= 0
2026-08-05 21:03:36,190 | WARNING |  Transacción id 4052: Monto <= 0
2026-08-05 21:03:36,190 | WARNING |  Transacción id 4055: Inversor inválido
2026-08-05 21:03:36,190 | WARNING |  Transacción id 4061: Monto <= 0
2026-08-05 21:03:36,190 | WARNING |  Transacción id 4064: Monto <= 0
2026-08-05 21:03:36,190 | WARNING |  Transacción id 4065: Monto <= 0
2026-08-05 21:03:36,190 | WARNING |  Transacción id 4066: Monto <= 0
2026-08-05 21:03:36,190 | WARNING |  Transacción id 4067: Monto <= 0
2026-08-05 21:03:36,190 | WARNING |  Transacción id 4071: Monto <= 0
2026-08-05 21:03:36,191 | WARNING |  Transacción id 4073: Inversor inválido
2026-08-05 21:03:36,191 | WARNING |  Transacción id 4075: Monto <= 0
2026-08-05 21:03:36,191 | WARNING |  Transacción id 4080: Monto <= 0
2026-08-05 21:03:36,191 | WARNING |  Transacción id 4082: Inversor inválido
2026-08-05 21:03:36,191 | WARNING |  Transacción id 4083: Inversor inválido
2026-08-05 21:03:36,191 | WARNING |  Transacción id 4084: Inversor inválido
2026-08-05 21:03:36,191 | WARNING |  Transacción id 4085: Monto <= 0
2026-08-05 21:03:36,191 | WARNING |  Transacción id 4088: Inversor inválido
2026-08-05 21:03:36,191 | WARNING |  Transacción id 4089: Monto <= 0
2026-08-05 21:03:36,191 | WARNING |  Transacción id 4092: Inversor inválido
2026-08-05 21:03:36,191 | WARNING |  Transacción id 4093: Monto <= 0
2026-08-05 21:03:36,192 | WARNING |  Transacción id 4095: Inversor inválido
2026-08-05 21:03:36,192 | WARNING |  Transacción id 4096: Monto <= 0
2026-08-05 21:03:36,192 | WARNING |  Transacción id 4109: Monto <= 0
2026-08-05 21:03:36,192 | WARNING |  Transacción id 4111: Inversor inválido
2026-08-05 21:03:36,192 | WARNING |  Transacción id 4118: Inversor inválido
2026-08-05 21:03:36,192 | WARNING |  Transacción id 4122: Monto <= 0
2026-08-05 21:03:36,192 | WARNING |  Transacción id 4125: Monto <= 0
2026-08-05 21:03:36,192 | WARNING |  Transacción id 4130: Inversor inválido
2026-08-05 21:03:36,192 | WARNING |  Transacción id 4131: Monto <= 0
2026-08-05 21:03:36,192 | WARNING |  Transacción id 4141: Inversor inválido
2026-08-05 21:03:36,193 | WARNING |  Transacción id 4149: Monto <= 0
2026-08-05 21:03:36,193 | WARNING |  Transacción id 4152: Monto <= 0
2026-08-05 21:03:36,193 | WARNING |  Transacción id 4153: Inversor inválido
2026-08-05 21:03:36,193 | WARNING |  Transacción id 4154: Monto <= 0
2026-08-05 21:03:36,193 | WARNING |  Transacción id 4157: Monto <= 0
2026-08-05 21:03:36,193 | WARNING |  Transacción id 4159: Monto <= 0
2026-08-05 21:03:36,193 | WARNING |  Transacción id 4168: Monto <= 0
2026-08-05 21:03:36,193 | WARNING |  Transacción id 4169: Inversor inválido
2026-08-05 21:03:36,193 | WARNING |  Transacción id 4173: Monto <= 0
2026-08-05 21:03:36,193 | WARNING |  Transacción id 4174: Monto <= 0
2026-08-05 21:03:36,193 | WARNING |  Transacción id 4181: Inversor inválido
2026-08-05 21:03:36,193 | WARNING |  Transacción id 4185: Inversor inválido
2026-08-05 21:03:36,194 | WARNING |  Transacción id 4189: Inversor inválido
2026-08-05 21:03:36,194 | WARNING |  Transacción id 4193: Inversor inválido
2026-08-05 21:03:36,194 | WARNING |  Transacción id 4203: Inversor inválido
2026-08-05 21:03:36,194 | WARNING |  Transacción id 4207: Inversor inválido
2026-08-05 21:03:36,194 | WARNING |  Transacción id 4209: Monto <= 0
2026-08-05 21:03:36,194 | WARNING |  Transacción id 4211: Monto <= 0
2026-08-05 21:03:36,194 | WARNING |  Transacción id 4219: Monto <= 0
2026-08-05 21:03:36,194 | WARNING |  Transacción id 4225: Inversor inválido
2026-08-05 21:03:36,194 | WARNING |  Transacción id 4228: Monto <= 0
2026-08-05 21:03:36,195 | WARNING |  Transacción id 4230: Monto <= 0
2026-08-05 21:03:36,195 | WARNING |  Transacción id 4231: Monto <= 0
2026-08-05 21:03:36,195 | WARNING |  Transacción id 4232: Inversor inválido
2026-08-05 21:03:36,195 | WARNING |  Transacción id 4233: Inversor inválido
2026-08-05 21:03:36,195 | WARNING |  Transacción id 4234: Monto <= 0
2026-08-05 21:03:36,195 | WARNING |  Transacción id 4235: Inversor inválido
2026-08-05 21:03:36,195 | WARNING |  Transacción id 4244: Monto <= 0
2026-08-05 21:03:36,195 | WARNING |  Transacción id 4249: Monto <= 0
2026-08-05 21:03:36,195 | WARNING |  Transacción id 4252: Inversor inválido
2026-08-05 21:03:36,195 | WARNING |  Transacción id 4255: Monto <= 0
2026-08-05 21:03:36,195 | WARNING |  Transacción id 4256: Inversor inválido
2026-08-05 21:03:36,196 | WARNING |  Transacción id 4260: Monto <= 0
2026-08-05 21:03:36,196 | WARNING |  Transacción id 4261: Monto <= 0
2026-08-05 21:03:36,196 | WARNING |  Transacción id 4264: Monto <= 0
2026-08-05 21:03:36,196 | WARNING |  Transacción id 4268: Monto <= 0
2026-08-05 21:03:36,196 | WARNING |  Transacción id 4269: Monto <= 0
2026-08-05 21:03:36,196 | WARNING |  Transacción id 4270: Monto <= 0
2026-08-05 21:03:36,196 | WARNING |  Transacción id 4273: Monto <= 0
2026-08-05 21:03:36,196 | WARNING |  Transacción id 4276: Monto <= 0
2026-08-05 21:03:36,196 | WARNING |  Transacción id 4278: Monto <= 0
2026-08-05 21:03:36,197 | WARNING |  Transacción id 4282: Monto <= 0
2026-08-05 21:03:36,197 | WARNING |  Transacción id 4284: Monto <= 0
2026-08-05 21:03:36,197 | WARNING |  Transacción id 4285: Monto <= 0
2026-08-05 21:03:36,197 | WARNING |  Transacción id 4287: Inversor inválido
2026-08-05 21:03:36,197 | WARNING |  Transacción id 4290: Monto <= 0
2026-08-05 21:03:36,197 | WARNING |  Transacción id 4292: Inversor inválido
2026-08-05 21:03:36,197 | WARNING |  Transacción id 4294: Monto <= 0
2026-08-05 21:03:36,197 | WARNING |  Transacción id 4299: Monto <= 0
2026-08-05 21:03:36,198 | WARNING |  Transacción id 4306: Inversor inválido
2026-08-05 21:03:36,198 | WARNING |  Transacción id 4307: Monto <= 0
2026-08-05 21:03:36,198 | WARNING |  Transacción id 4313: Inversor inválido
2026-08-05 21:03:36,198 | WARNING |  Transacción id 4314: Inversor inválido
2026-08-05 21:03:36,198 | WARNING |  Transacción id 4316: Inversor inválido
2026-08-05 21:03:36,198 | WARNING |  Transacción id 4318: Monto <= 0
2026-08-05 21:03:36,198 | WARNING |  Transacción id 4321: Inversor inválido
2026-08-05 21:03:36,198 | WARNING |  Transacción id 4322: Monto <= 0
2026-08-05 21:03:36,199 | WARNING |  Transacción id 4324: Monto <= 0
2026-08-05 21:03:36,199 | WARNING |  Transacción id 4325: Inversor inválido
2026-08-05 21:03:36,199 | WARNING |  Transacción id 4326: Monto <= 0
2026-08-05 21:03:36,199 | WARNING |  Transacción id 4329: Monto <= 0
2026-08-05 21:03:36,199 | WARNING |  Transacción id 4330: Monto <= 0
2026-08-05 21:03:36,199 | WARNING |  Transacción id 4331: Monto <= 0
2026-08-05 21:03:36,199 | WARNING |  Transacción id 4332: Inversor inválido
2026-08-05 21:03:36,199 | WARNING |  Transacción id 4343: Monto <= 0
2026-08-05 21:03:36,200 | WARNING |  Transacción id 4346: Monto <= 0
2026-08-05 21:03:36,200 | WARNING |  Transacción id 4350: Inversor inválido
2026-08-05 21:03:36,200 | WARNING |  Transacción id 4352: Monto <= 0
2026-08-05 21:03:36,200 | WARNING |  Transacción id 4353: Inversor inválido
2026-08-05 21:03:36,200 | WARNING |  Transacción id 4354: Monto <= 0
2026-08-05 21:03:36,200 | WARNING |  Transacción id 4357: Monto <= 0
2026-08-05 21:03:36,200 | WARNING |  Transacción id 4360: Monto <= 0
2026-08-05 21:03:36,200 | WARNING |  Transacción id 4370: Monto <= 0
2026-08-05 21:03:36,201 | WARNING |  Transacción id 4374: Monto <= 0
2026-08-05 21:03:36,201 | WARNING |  Transacción id 4376: Monto <= 0
2026-08-05 21:03:36,201 | WARNING |  Transacción id 4380: Inversor inválido
2026-08-05 21:03:36,201 | WARNING |  Transacción id 4383: Inversor inválido
2026-08-05 21:03:36,201 | WARNING |  Transacción id 4384: Monto <= 0
2026-08-05 21:03:36,201 | WARNING |  Transacción id 4385: Monto <= 0
2026-08-05 21:03:36,201 | WARNING |  Transacción id 4390: Inversor inválido
2026-08-05 21:03:36,201 | WARNING |  Transacción id 4399: Monto <= 0
2026-08-05 21:03:36,201 | WARNING |  Transacción id 4400: Monto <= 0
2026-08-05 21:03:36,201 | WARNING |  Transacción id 4401: Inversor inválido
2026-08-05 21:03:36,201 | WARNING |  Transacción id 4404: Monto <= 0
2026-08-05 21:03:36,201 | WARNING |  Transacción id 4410: Monto <= 0
2026-08-05 21:03:36,202 | WARNING |  Transacción id 4415: Monto <= 0
2026-08-05 21:03:36,202 | WARNING |  Transacción id 4419: Monto <= 0
2026-08-05 21:03:36,202 | WARNING |  Transacción id 4420: Monto <= 0
2026-08-05 21:03:36,202 | WARNING |  Transacción id 4421: Monto <= 0
2026-08-05 21:03:36,202 | WARNING |  Transacción id 4428: Inversor inválido
2026-08-05 21:03:36,202 | WARNING |  Transacción id 4431: Monto <= 0
2026-08-05 21:03:36,202 | WARNING |  Transacción id 4433: Monto <= 0
2026-08-05 21:03:36,202 | WARNING |  Transacción id 4438: Monto <= 0
2026-08-05 21:03:36,202 | WARNING |  Transacción id 4439: Monto <= 0
2026-08-05 21:03:36,202 | WARNING |  Transacción id 4448: Monto <= 0
2026-08-05 21:03:36,203 | WARNING |  Transacción id 4453: Monto <= 0
2026-08-05 21:03:36,203 | WARNING |  Transacción id 4454: Inversor inválido
2026-08-05 21:03:36,203 | WARNING |  Transacción id 4456: Inversor inválido
2026-08-05 21:03:36,203 | WARNING |  Transacción id 4458: Monto <= 0
2026-08-05 21:03:36,203 | WARNING |  Transacción id 4461: Inversor inválido
2026-08-05 21:03:36,203 | WARNING |  Transacción id 4462: Inversor inválido
2026-08-05 21:03:36,203 | WARNING |  Transacción id 4463: Monto <= 0
2026-08-05 21:03:36,203 | WARNING |  Transacción id 4472: Inversor inválido
2026-08-05 21:03:36,203 | WARNING |  Transacción id 4473: Inversor inválido
2026-08-05 21:03:36,203 | WARNING |  Transacción id 4476: Monto <= 0
2026-08-05 21:03:36,203 | WARNING |  Transacción id 4477: Inversor inválido
2026-08-05 21:03:36,204 | WARNING |  Transacción id 4484: Monto <= 0
2026-08-05 21:03:36,204 | WARNING |  Transacción id 4485: Inversor inválido
2026-08-05 21:03:36,204 | WARNING |  Transacción id 4488: Inversor inválido
2026-08-05 21:03:36,204 | WARNING |  Transacción id 4489: Monto <= 0
2026-08-05 21:03:36,204 | WARNING |  Transacción id 4511: Monto <= 0
2026-08-05 21:03:36,204 | WARNING |  Transacción id 4512: Inversor inválido
2026-08-05 21:03:36,204 | WARNING |  Transacción id 4514: Inversor inválido
2026-08-05 21:03:36,204 | WARNING |  Transacción id 4516: Inversor inválido
2026-08-05 21:03:36,205 | WARNING |  Transacción id 4521: Monto <= 0
2026-08-05 21:03:36,205 | WARNING |  Transacción id 4523: Monto <= 0
2026-08-05 21:03:36,205 | WARNING |  Transacción id 4525: Monto <= 0
2026-08-05 21:03:36,205 | WARNING |  Transacción id 4526: Inversor inválido
2026-08-05 21:03:36,205 | WARNING |  Transacción id 4527: Inversor inválido
2026-08-05 21:03:36,205 | WARNING |  Transacción id 4529: Monto <= 0
2026-08-05 21:03:36,205 | WARNING |  Transacción id 4531: Monto <= 0
2026-08-05 21:03:36,205 | WARNING |  Transacción id 4532: Monto <= 0
2026-08-05 21:03:36,205 | WARNING |  Transacción id 4534: Inversor inválido
2026-08-05 21:03:36,205 | WARNING |  Transacción id 4538: Monto <= 0
2026-08-05 21:03:36,206 | WARNING |  Transacción id 4544: Inversor inválido
2026-08-05 21:03:36,206 | WARNING |  Transacción id 4546: Inversor inválido
2026-08-05 21:03:36,206 | WARNING |  Transacción id 4550: Monto <= 0
2026-08-05 21:03:36,206 | WARNING |  Transacción id 4552: Inversor inválido
2026-08-05 21:03:36,206 | WARNING |  Transacción id 4558: Monto <= 0
2026-08-05 21:03:36,206 | WARNING |  Transacción id 4559: Monto <= 0
2026-08-05 21:03:36,206 | WARNING |  Transacción id 4566: Monto <= 0
2026-08-05 21:03:36,206 | WARNING |  Transacción id 4570: Monto <= 0
2026-08-05 21:03:36,206 | WARNING |  Transacción id 4572: Monto <= 0
2026-08-05 21:03:36,206 | WARNING |  Transacción id 4580: Inversor inválido
2026-08-05 21:03:36,207 | WARNING |  Transacción id 4584: Monto <= 0
2026-08-05 21:03:36,207 | WARNING |  Transacción id 4587: Monto <= 0
2026-08-05 21:03:36,207 | WARNING |  Transacción id 4589: Inversor inválido
2026-08-05 21:03:36,207 | WARNING |  Transacción id 4595: Monto <= 0
2026-08-05 21:03:36,207 | WARNING |  Transacción id 4603: Monto <= 0
2026-08-05 21:03:36,207 | WARNING |  Transacción id 4607: Monto <= 0
2026-08-05 21:03:36,207 | WARNING |  Transacción id 4608: Inversor inválido
2026-08-05 21:03:36,207 | WARNING |  Transacción id 4609: Inversor inválido
2026-08-05 21:03:36,207 | WARNING |  Transacción id 4616: Inversor inválido
2026-08-05 21:03:36,207 | WARNING |  Transacción id 4618: Monto <= 0
2026-08-05 21:03:36,207 | WARNING |  Transacción id 4621: Monto <= 0
2026-08-05 21:03:36,208 | WARNING |  Transacción id 4622: Monto <= 0
2026-08-05 21:03:36,208 | WARNING |  Transacción id 4632: Monto <= 0
2026-08-05 21:03:36,208 | WARNING |  Transacción id 4634: Inversor inválido
2026-08-05 21:03:36,208 | WARNING |  Transacción id 4637: Inversor inválido
2026-08-05 21:03:36,208 | WARNING |  Transacción id 4638: Monto <= 0
2026-08-05 21:03:36,208 | WARNING |  Transacción id 4639: Inversor inválido
2026-08-05 21:03:36,208 | WARNING |  Transacción id 4640: Monto <= 0
2026-08-05 21:03:36,208 | WARNING |  Transacción id 4641: Inversor inválido
2026-08-05 21:03:36,208 | WARNING |  Transacción id 4643: Monto <= 0
2026-08-05 21:03:36,208 | WARNING |  Transacción id 4645: Monto <= 0
2026-08-05 21:03:36,209 | WARNING |  Transacción id 4648: Monto <= 0
2026-08-05 21:03:36,209 | WARNING |  Transacción id 4650: Inversor inválido
2026-08-05 21:03:36,209 | WARNING |  Transacción id 4651: Inversor inválido
2026-08-05 21:03:36,209 | WARNING |  Transacción id 4653: Inversor inválido
2026-08-05 21:03:36,209 | WARNING |  Transacción id 4655: Inversor inválido
2026-08-05 21:03:36,209 | WARNING |  Transacción id 4660: Monto <= 0
2026-08-05 21:03:36,209 | WARNING |  Transacción id 4664: Inversor inválido
2026-08-05 21:03:36,209 | WARNING |  Transacción id 4665: Monto <= 0
2026-08-05 21:03:36,209 | WARNING |  Transacción id 4670: Inversor inválido
2026-08-05 21:03:36,210 | WARNING |  Transacción id 4672: Monto <= 0
2026-08-05 21:03:36,210 | WARNING |  Transacción id 4683: Monto <= 0
2026-08-05 21:03:36,210 | WARNING |  Transacción id 4684: Inversor inválido
2026-08-05 21:03:36,210 | WARNING |  Transacción id 4688: Monto <= 0
2026-08-05 21:03:36,210 | WARNING |  Transacción id 4694: Monto <= 0
2026-08-05 21:03:36,210 | WARNING |  Transacción id 4698: Inversor inválido
2026-08-05 21:03:36,210 | WARNING |  Transacción id 4699: Inversor inválido
2026-08-05 21:03:36,210 | WARNING |  Transacción id 4701: Monto <= 0
2026-08-05 21:03:36,210 | WARNING |  Transacción id 4702: Monto <= 0
2026-08-05 21:03:36,210 | WARNING |  Transacción id 4705: Inversor inválido
2026-08-05 21:03:36,211 | WARNING |  Transacción id 4712: Monto <= 0
2026-08-05 21:03:36,211 | WARNING |  Transacción id 4714: Monto <= 0
2026-08-05 21:03:36,211 | WARNING |  Transacción id 4716: Inversor inválido
2026-08-05 21:03:36,211 | WARNING |  Transacción id 4718: Monto <= 0
2026-08-05 21:03:36,211 | WARNING |  Transacción id 4721: Monto <= 0
2026-08-05 21:03:36,211 | WARNING |  Transacción id 4724: Inversor inválido
2026-08-05 21:03:36,211 | WARNING |  Transacción id 4728: Monto <= 0
2026-08-05 21:03:36,211 | WARNING |  Transacción id 4731: Monto <= 0
2026-08-05 21:03:36,211 | WARNING |  Transacción id 4732: Monto <= 0
2026-08-05 21:03:36,211 | WARNING |  Transacción id 4734: Monto <= 0
2026-08-05 21:03:36,212 | WARNING |  Transacción id 4741: Monto <= 0
2026-08-05 21:03:36,212 | WARNING |  Transacción id 4750: Monto <= 0
2026-08-05 21:03:36,212 | WARNING |  Transacción id 4756: Inversor inválido
2026-08-05 21:03:36,212 | WARNING |  Transacción id 4757: Monto <= 0
2026-08-05 21:03:36,212 | WARNING |  Transacción id 4758: Inversor inválido
2026-08-05 21:03:36,212 | WARNING |  Transacción id 4760: Monto <= 0
2026-08-05 21:03:36,212 | WARNING |  Transacción id 4762: Monto <= 0
2026-08-05 21:03:36,212 | WARNING |  Transacción id 4765: Monto <= 0
2026-08-05 21:03:36,212 | WARNING |  Transacción id 4766: Monto <= 0
2026-08-05 21:03:36,212 | WARNING |  Transacción id 4767: Monto <= 0
2026-08-05 21:03:36,213 | WARNING |  Transacción id 4768: Monto <= 0
2026-08-05 21:03:36,213 | WARNING |  Transacción id 4770: Inversor inválido
2026-08-05 21:03:36,213 | WARNING |  Transacción id 4771: Monto <= 0
2026-08-05 21:03:36,213 | WARNING |  Transacción id 4773: Inversor inválido
2026-08-05 21:03:36,213 | WARNING |  Transacción id 4782: Monto <= 0
2026-08-05 21:03:36,213 | WARNING |  Transacción id 4784: Inversor inválido
2026-08-05 21:03:36,213 | WARNING |  Transacción id 4787: Monto <= 0
2026-08-05 21:03:36,213 | WARNING |  Transacción id 4789: Monto <= 0
2026-08-05 21:03:36,213 | WARNING |  Transacción id 4791: Monto <= 0
2026-08-05 21:03:36,213 | WARNING |  Transacción id 4794: Monto <= 0
2026-08-05 21:03:36,213 | WARNING |  Transacción id 4796: Monto <= 0
2026-08-05 21:03:36,214 | WARNING |  Transacción id 4799: Monto <= 0
2026-08-05 21:03:36,214 | WARNING |  Transacción id 4800: Monto <= 0
2026-08-05 21:03:36,214 | WARNING |  Transacción id 4801: Inversor inválido
2026-08-05 21:03:36,214 | WARNING |  Transacción id 4804: Inversor inválido
2026-08-05 21:03:36,214 | WARNING |  Transacción id 4806: Monto <= 0
2026-08-05 21:03:36,214 | WARNING |  Transacción id 4810: Monto <= 0
2026-08-05 21:03:36,214 | WARNING |  Transacción id 4812: Inversor inválido
2026-08-05 21:03:36,214 | WARNING |  Transacción id 4813: Inversor inválido
2026-08-05 21:03:36,215 | WARNING |  Transacción id 4816: Inversor inválido
2026-08-05 21:03:36,215 | WARNING |  Transacción id 4819: Monto <= 0
2026-08-05 21:03:36,215 | WARNING |  Transacción id 4822: Inversor inválido
2026-08-05 21:03:36,215 | WARNING |  Transacción id 4823: Monto <= 0
2026-08-05 21:03:36,215 | WARNING |  Transacción id 4827: Inversor inválido
2026-08-05 21:03:36,215 | WARNING |  Transacción id 4828: Monto <= 0
2026-08-05 21:03:36,215 | WARNING |  Transacción id 4834: Inversor inválido
2026-08-05 21:03:36,216 | WARNING |  Transacción id 4839: Monto <= 0
2026-08-05 21:03:36,216 | WARNING |  Transacción id 4841: Monto <= 0
2026-08-05 21:03:36,216 | WARNING |  Transacción id 4853: Monto <= 0
2026-08-05 21:03:36,216 | WARNING |  Transacción id 4854: Monto <= 0
2026-08-05 21:03:36,216 | WARNING |  Transacción id 4855: Inversor inválido
2026-08-05 21:03:36,216 | WARNING |  Transacción id 4859: Monto <= 0
2026-08-05 21:03:36,216 | WARNING |  Transacción id 4863: Monto <= 0
2026-08-05 21:03:36,216 | WARNING |  Transacción id 4865: Monto <= 0
2026-08-05 21:03:36,216 | WARNING |  Transacción id 4871: Monto <= 0
2026-08-05 21:03:36,217 | WARNING |  Transacción id 4872: Monto <= 0
2026-08-05 21:03:36,217 | WARNING |  Transacción id 4887: Monto <= 0
2026-08-05 21:03:36,217 | WARNING |  Transacción id 4891: Monto <= 0
2026-08-05 21:03:36,217 | WARNING |  Transacción id 4899: Monto <= 0
2026-08-05 21:03:36,217 | WARNING |  Transacción id 4900: Monto <= 0
2026-08-05 21:03:36,217 | WARNING |  Transacción id 4901: Monto <= 0
2026-08-05 21:03:36,217 | WARNING |  Transacción id 4903: Inversor inválido
2026-08-05 21:03:36,217 | WARNING |  Transacción id 4905: Monto <= 0
2026-08-05 21:03:36,217 | WARNING |  Transacción id 4907: Monto <= 0
2026-08-05 21:03:36,217 | WARNING |  Transacción id 4908: Monto <= 0
2026-08-05 21:03:36,218 | WARNING |  Transacción id 4909: Inversor inválido
2026-08-05 21:03:36,218 | WARNING |  Transacción id 4918: Monto <= 0
2026-08-05 21:03:36,218 | WARNING |  Transacción id 4919: Monto <= 0
2026-08-05 21:03:36,218 | WARNING |  Transacción id 4926: Monto <= 0
2026-08-05 21:03:36,218 | WARNING |  Transacción id 4934: Monto <= 0
2026-08-05 21:03:36,218 | WARNING |  Transacción id 4937: Inversor inválido
2026-08-05 21:03:36,218 | WARNING |  Transacción id 4943: Monto <= 0
2026-08-05 21:03:36,218 | WARNING |  Transacción id 4944: Inversor inválido
2026-08-05 21:03:36,218 | WARNING |  Transacción id 4945: Monto <= 0
2026-08-05 21:03:36,218 | WARNING |  Transacción id 4948: Monto <= 0
2026-08-05 21:03:36,219 | WARNING |  Transacción id 4951: Inversor inválido
2026-08-05 21:03:36,219 | WARNING |  Transacción id 4952: Monto <= 0
2026-08-05 21:03:36,219 | WARNING |  Transacción id 4953: Monto <= 0
2026-08-05 21:03:36,219 | WARNING |  Transacción id 4954: Monto <= 0
2026-08-05 21:03:36,219 | WARNING |  Transacción id 4957: Inversor inválido
2026-08-05 21:03:36,219 | WARNING |  Transacción id 4959: Monto <= 0
2026-08-05 21:03:36,219 | WARNING |  Transacción id 4960: Monto <= 0
2026-08-05 21:03:36,219 | WARNING |  Transacción id 4964: Inversor inválido
2026-08-05 21:03:36,219 | WARNING |  Transacción id 4965: Monto <= 0
2026-08-05 21:03:36,219 | WARNING |  Transacción id 4966: Monto <= 0
2026-08-05 21:03:36,220 | WARNING |  Transacción id 4973: Inversor inválido
2026-08-05 21:03:36,220 | WARNING |  Transacción id 4975: Inversor inválido
2026-08-05 21:03:36,220 | WARNING |  Transacción id 4977: Monto <= 0
2026-08-05 21:03:36,220 | WARNING |  Transacción id 4978: Monto <= 0
2026-08-05 21:03:36,220 | WARNING |  Transacción id 4983: Inversor inválido
2026-08-05 21:03:36,220 | WARNING |  Transacción id 4986: Monto <= 0
2026-08-05 21:03:36,220 | WARNING |  Transacción id 4991: Monto <= 0
2026-08-05 21:03:36,220 | WARNING |  Transacción id 4994: Monto <= 0
2026-08-05 21:03:36,220 | WARNING |  Transacción id 4997: Inversor inválido
2026-08-05 21:03:36,220 | WARNING |  Transacción id 5000: Monto <= 0
2026-08-05 21:03:36,221 | WARNING |  Transacción id 5002: Monto <= 0
2026-08-05 21:03:36,221 | WARNING |  Transacción id 5010: Inversor inválido
2026-08-05 21:03:36,221 | WARNING |  Transacción id 5011: Inversor inválido
2026-08-05 21:03:36,221 | WARNING |  Transacción id 5012: Monto <= 0
2026-08-05 21:03:36,221 | WARNING |  Transacción id 5014: Monto <= 0
2026-08-05 21:03:36,221 | WARNING |  Transacción id 5018: Monto <= 0
2026-08-05 21:03:36,221 | WARNING |  Transacción id 5023: Inversor inválido
2026-08-05 21:03:36,221 | WARNING |  Transacción id 5025: Monto <= 0
2026-08-05 21:03:36,222 | WARNING |  Transacción id 5031: Inversor inválido
2026-08-05 21:03:36,222 | WARNING |  Transacción id 5032: Monto <= 0
2026-08-05 21:03:36,222 | WARNING |  Transacción id 5043: Inversor inválido
2026-08-05 21:03:36,222 | WARNING |  Transacción id 5053: Inversor inválido
2026-08-05 21:03:36,222 | WARNING |  Transacción id 5062: Monto <= 0
2026-08-05 21:03:36,222 | WARNING |  Transacción id 5064: Inversor inválido
2026-08-05 21:03:36,222 | WARNING |  Transacción id 5067: Monto <= 0
2026-08-05 21:03:36,222 | WARNING |  Transacción id 5069: Monto <= 0
2026-08-05 21:03:36,222 | WARNING |  Transacción id 5070: Inversor inválido
2026-08-05 21:03:36,222 | WARNING |  Transacción id 5072: Monto <= 0
2026-08-05 21:03:36,223 | WARNING |  Transacción id 5079: Monto <= 0
2026-08-05 21:03:36,223 | WARNING |  Transacción id 5083: Inversor inválido
2026-08-05 21:03:36,223 | WARNING |  Transacción id 5086: Inversor inválido
2026-08-05 21:03:36,223 | WARNING |  Transacción id 5089: Inversor inválido
2026-08-05 21:03:36,223 | WARNING |  Transacción id 5090: Monto <= 0
2026-08-05 21:03:36,223 | WARNING |  Transacción id 5091: Monto <= 0
2026-08-05 21:03:36,223 | WARNING |  Transacción id 5093: Inversor inválido
2026-08-05 21:03:36,223 | WARNING |  Transacción id 5096: Inversor inválido
2026-08-05 21:03:36,223 | WARNING |  Transacción id 5099: Monto <= 0
2026-08-05 21:03:36,223 | WARNING |  Transacción id 5101: Inversor inválido
2026-08-05 21:03:36,223 | WARNING |  Transacción id 5106: Monto <= 0
2026-08-05 21:03:36,224 | WARNING |  Transacción id 5107: Monto <= 0
2026-08-05 21:03:36,224 | WARNING |  Transacción id 5110: Inversor inválido
2026-08-05 21:03:36,224 | WARNING |  Transacción id 5111: Inversor inválido
2026-08-05 21:03:36,224 | WARNING |  Transacción id 5112: Inversor inválido
2026-08-05 21:03:36,224 | WARNING |  Transacción id 5116: Inversor inválido
2026-08-05 21:03:36,224 | WARNING |  Transacción id 5117: Monto <= 0
2026-08-05 21:03:36,224 | WARNING |  Transacción id 5118: Inversor inválido
2026-08-05 21:03:36,224 | WARNING |  Transacción id 5122: Monto <= 0
2026-08-05 21:03:36,225 | WARNING |  Transacción id 5127: Inversor inválido
2026-08-05 21:03:36,225 | WARNING |  Transacción id 5130: Inversor inválido
2026-08-05 21:03:36,225 | WARNING |  Transacción id 5131: Monto <= 0
2026-08-05 21:03:36,225 | WARNING |  Transacción id 5132: Inversor inválido
2026-08-05 21:03:36,225 | WARNING |  Transacción id 5136: Inversor inválido
2026-08-05 21:03:36,225 | WARNING |  Transacción id 5137: Monto <= 0
2026-08-05 21:03:36,225 | WARNING |  Transacción id 5138: Monto <= 0
2026-08-05 21:03:36,225 | WARNING |  Transacción id 5142: Monto <= 0
2026-08-05 21:03:36,225 | WARNING |  Transacción id 5151: Monto <= 0
2026-08-05 21:03:36,226 | WARNING |  Transacción id 5155: Monto <= 0
2026-08-05 21:03:36,226 | WARNING |  Transacción id 5156: Monto <= 0
2026-08-05 21:03:36,226 | WARNING |  Transacción id 5159: Inversor inválido
2026-08-05 21:03:36,226 | WARNING |  Transacción id 5160: Inversor inválido
2026-08-05 21:03:36,226 | WARNING |  Transacción id 5169: Monto <= 0
2026-08-05 21:03:36,226 | WARNING |  Transacción id 5173: Monto <= 0
2026-08-05 21:03:36,226 | WARNING |  Transacción id 5175: Monto <= 0
2026-08-05 21:03:36,226 | WARNING |  Transacción id 5176: Inversor inválido
2026-08-05 21:03:36,226 | WARNING |  Transacción id 5180: Inversor inválido
2026-08-05 21:03:36,226 | WARNING |  Transacción id 5181: Monto <= 0
2026-08-05 21:03:36,227 | WARNING |  Transacción id 5190: Monto <= 0
2026-08-05 21:03:36,227 | WARNING |  Transacción id 5191: Monto <= 0
2026-08-05 21:03:36,227 | WARNING |  Transacción id 5201: Monto <= 0
2026-08-05 21:03:36,227 | WARNING |  Transacción id 5203: Monto <= 0
2026-08-05 21:03:36,227 | WARNING |  Transacción id 5205: Monto <= 0
2026-08-05 21:03:36,227 | WARNING |  Transacción id 5209: Monto <= 0
2026-08-05 21:03:36,227 | WARNING |  Transacción id 5211: Monto <= 0
2026-08-05 21:03:36,227 | WARNING |  Transacción id 5213: Monto <= 0
2026-08-05 21:03:36,227 | WARNING |  Transacción id 5214: Monto <= 0
2026-08-05 21:03:36,227 | WARNING |  Transacción id 5216: Monto <= 0
2026-08-05 21:03:36,227 | WARNING |  Transacción id 5217: Monto <= 0
2026-08-05 21:03:36,228 | WARNING |  Transacción id 5219: Inversor inválido
2026-08-05 21:03:36,228 | WARNING |  Transacción id 5226: Monto <= 0
2026-08-05 21:03:36,228 | WARNING |  Transacción id 5230: Monto <= 0
2026-08-05 21:03:36,228 | WARNING |  Transacción id 5243: Inversor inválido
2026-08-05 21:03:36,228 | WARNING |  Transacción id 5249: Monto <= 0
2026-08-05 21:03:36,228 | WARNING |  Transacción id 5251: Monto <= 0
2026-08-05 21:03:36,228 | WARNING |  Transacción id 5255: Monto <= 0
2026-08-05 21:03:36,228 | WARNING |  Transacción id 5257: Inversor inválido
2026-08-05 21:03:36,228 | WARNING |  Transacción id 5258: Monto <= 0
2026-08-05 21:03:36,228 | WARNING |  Transacción id 5261: Monto <= 0
2026-08-05 21:03:36,229 | WARNING |  Transacción id 5265: Monto <= 0
2026-08-05 21:03:36,229 | WARNING |  Transacción id 5267: Monto <= 0
2026-08-05 21:03:36,229 | WARNING |  Transacción id 5271: Inversor inválido
2026-08-05 21:03:36,229 | WARNING |  Transacción id 5277: Inversor inválido
2026-08-05 21:03:36,229 | WARNING |  Transacción id 5290: Inversor inválido
2026-08-05 21:03:36,229 | WARNING |  Transacción id 5298: Monto <= 0
2026-08-05 21:03:36,229 | WARNING |  Transacción id 5299: Monto <= 0
2026-08-05 21:03:36,229 | WARNING |  Transacción id 5300: Monto <= 0
2026-08-05 21:03:36,229 | WARNING |  Transacción id 5303: Inversor inválido
2026-08-05 21:03:36,230 | WARNING |  Transacción id 5307: Monto <= 0
2026-08-05 21:03:36,230 | WARNING |  Transacción id 5309: Monto <= 0
2026-08-05 21:03:36,230 | WARNING |  Transacción id 5310: Monto <= 0
2026-08-05 21:03:36,230 | WARNING |  Transacción id 5312: Monto <= 0
2026-08-05 21:03:36,230 | WARNING |  Transacción id 5316: Inversor inválido
2026-08-05 21:03:36,230 | WARNING |  Transacción id 5318: Inversor inválido
2026-08-05 21:03:36,230 | WARNING |  Transacción id 5321: Monto <= 0
2026-08-05 21:03:36,230 | WARNING |  Transacción id 5322: Monto <= 0
2026-08-05 21:03:36,230 | WARNING |  Transacción id 5325: Inversor inválido
2026-08-05 21:03:36,231 | WARNING |  Transacción id 5334: Monto <= 0
2026-08-05 21:03:36,231 | WARNING |  Transacción id 5340: Monto <= 0
2026-08-05 21:03:36,231 | WARNING |  Transacción id 5346: Monto <= 0
2026-08-05 21:03:36,231 | WARNING |  Transacción id 5347: Inversor inválido
2026-08-05 21:03:36,231 | WARNING |  Transacción id 5348: Monto <= 0
2026-08-05 21:03:36,231 | WARNING |  Transacción id 5349: Inversor inválido
2026-08-05 21:03:36,231 | WARNING |  Transacción id 5350: Inversor inválido
2026-08-05 21:03:36,231 | WARNING |  Transacción id 5356: Inversor inválido
2026-08-05 21:03:36,231 | WARNING |  Transacción id 5363: Monto <= 0
2026-08-05 21:03:36,231 | WARNING |  Transacción id 5364: Monto <= 0
2026-08-05 21:03:36,232 | WARNING |  Transacción id 5366: Inversor inválido
2026-08-05 21:03:36,232 | WARNING |  Transacción id 5368: Inversor inválido
2026-08-05 21:03:36,232 | WARNING |  Transacción id 5369: Monto <= 0
2026-08-05 21:03:36,232 | WARNING |  Transacción id 5381: Monto <= 0
2026-08-05 21:03:36,232 | WARNING |  Transacción id 5383: Monto <= 0
2026-08-05 21:03:36,232 | WARNING |  Transacción id 5384: Inversor inválido
2026-08-05 21:03:36,232 | WARNING |  Transacción id 5385: Inversor inválido
2026-08-05 21:03:36,232 | WARNING |  Transacción id 5387: Monto <= 0
2026-08-05 21:03:36,233 | WARNING |  Transacción id 5388: Monto <= 0
2026-08-05 21:03:36,233 | WARNING |  Transacción id 5391: Monto <= 0
2026-08-05 21:03:36,233 | WARNING |  Transacción id 5392: Monto <= 0
2026-08-05 21:03:36,233 | WARNING |  Transacción id 5397: Monto <= 0
2026-08-05 21:03:36,233 | WARNING |  Transacción id 5399: Monto <= 0
2026-08-05 21:03:36,233 | WARNING |  Transacción id 5403: Monto <= 0
2026-08-05 21:03:36,233 | WARNING |  Transacción id 5404: Monto <= 0
2026-08-05 21:03:36,233 | WARNING |  Transacción id 5405: Monto <= 0
2026-08-05 21:03:36,233 | WARNING |  Transacción id 5409: Monto <= 0
2026-08-05 21:03:36,234 | WARNING |  Transacción id 5410: Monto <= 0
2026-08-05 21:03:36,234 | WARNING |  Transacción id 5411: Inversor inválido
2026-08-05 21:03:36,234 | WARNING |  Transacción id 5418: Monto <= 0
2026-08-05 21:03:36,234 | WARNING |  Transacción id 5420: Inversor inválido
2026-08-05 21:03:36,234 | WARNING |  Transacción id 5421: Monto <= 0
2026-08-05 21:03:36,234 | WARNING |  Transacción id 5422: Inversor inválido
2026-08-05 21:03:36,234 | WARNING |  Transacción id 5424: Monto <= 0
2026-08-05 21:03:36,234 | WARNING |  Transacción id 5425: Monto <= 0
2026-08-05 21:03:36,234 | WARNING |  Transacción id 5432: Monto <= 0
2026-08-05 21:03:36,235 | WARNING |  Transacción id 5436: Inversor inválido
2026-08-05 21:03:36,235 | WARNING |  Transacción id 5437: Monto <= 0
2026-08-05 21:03:36,235 | WARNING |  Transacción id 5439: Monto <= 0
2026-08-05 21:03:36,235 | WARNING |  Transacción id 5440: Monto <= 0
2026-08-05 21:03:36,235 | WARNING |  Transacción id 5443: Monto <= 0
2026-08-05 21:03:36,235 | WARNING |  Transacción id 5448: Inversor inválido
2026-08-05 21:03:36,235 | WARNING |  Transacción id 5450: Monto <= 0
2026-08-05 21:03:36,235 | WARNING |  Transacción id 5453: Monto <= 0
2026-08-05 21:03:36,235 | WARNING |  Transacción id 5458: Monto <= 0
2026-08-05 21:03:36,236 | WARNING |  Transacción id 5459: Monto <= 0
2026-08-05 21:03:36,236 | WARNING |  Transacción id 5463: Monto <= 0
2026-08-05 21:03:36,236 | WARNING |  Transacción id 5468: Inversor inválido
2026-08-05 21:03:36,236 | WARNING |  Transacción id 5469: Inversor inválido
2026-08-05 21:03:36,236 | WARNING |  Transacción id 5470: Monto <= 0
2026-08-05 21:03:36,236 | WARNING |  Transacción id 5476: Monto <= 0
2026-08-05 21:03:36,236 | WARNING |  Transacción id 5477: Monto <= 0
2026-08-05 21:03:36,236 | WARNING |  Transacción id 5483: Monto <= 0
2026-08-05 21:03:36,236 | WARNING |  Transacción id 5487: Inversor inválido
2026-08-05 21:03:36,236 | WARNING |  Transacción id 5489: Monto <= 0
2026-08-05 21:03:36,237 | WARNING |  Transacción id 5491: Monto <= 0
2026-08-05 21:03:36,237 | WARNING |  Transacción id 5493: Inversor inválido
2026-08-05 21:03:36,237 | WARNING |  Transacción id 5498: Monto <= 0
2026-08-05 21:03:36,237 | WARNING |  Transacción id 5505: Monto <= 0
2026-08-05 21:03:36,237 | WARNING |  Transacción id 5509: Inversor inválido
2026-08-05 21:03:36,237 | WARNING |  Transacción id 5511: Monto <= 0
2026-08-05 21:03:36,237 | WARNING |  Transacción id 5514: Monto <= 0
2026-08-05 21:03:36,237 | WARNING |  Transacción id 5522: Monto <= 0
2026-08-05 21:03:36,237 | WARNING |  Transacción id 5524: Monto <= 0
2026-08-05 21:03:36,237 | WARNING |  Transacción id 5529: Monto <= 0
2026-08-05 21:03:36,237 | WARNING |  Transacción id 5531: Inversor inválido
2026-08-05 21:03:36,238 | WARNING |  Transacción id 5534: Monto <= 0
2026-08-05 21:03:36,238 | WARNING |  Transacción id 5539: Monto <= 0
2026-08-05 21:03:36,238 | WARNING |  Transacción id 5545: Inversor inválido
2026-08-05 21:03:36,238 | WARNING |  Transacción id 5546: Inversor inválido
2026-08-05 21:03:36,238 | WARNING |  Transacción id 5548: Monto <= 0
2026-08-05 21:03:36,238 | WARNING |  Transacción id 5551: Inversor inválido
2026-08-05 21:03:36,238 | WARNING |  Transacción id 5552: Monto <= 0
2026-08-05 21:03:36,238 | WARNING |  Transacción id 5558: Monto <= 0
2026-08-05 21:03:36,238 | WARNING |  Transacción id 5563: Inversor inválido
2026-08-05 21:03:36,239 | WARNING |  Transacción id 5564: Inversor inválido
2026-08-05 21:03:36,239 | WARNING |  Transacción id 5567: Inversor inválido
2026-08-05 21:03:36,239 | WARNING |  Transacción id 5569: Monto <= 0
2026-08-05 21:03:36,239 | WARNING |  Transacción id 5577: Monto <= 0
2026-08-05 21:03:36,239 | WARNING |  Transacción id 5578: Inversor inválido
2026-08-05 21:03:36,239 | WARNING |  Transacción id 5581: Monto <= 0
2026-08-05 21:03:36,239 | WARNING |  Transacción id 5586: Monto <= 0
2026-08-05 21:03:36,239 | WARNING |  Transacción id 5588: Monto <= 0
2026-08-05 21:03:36,239 | WARNING |  Transacción id 5590: Monto <= 0
2026-08-05 21:03:36,240 | WARNING |  Transacción id 5591: Monto <= 0
2026-08-05 21:03:36,240 | WARNING |  Transacción id 5592: Inversor inválido
2026-08-05 21:03:36,240 | WARNING |  Transacción id 5600: Monto <= 0
2026-08-05 21:03:36,240 | WARNING |  Transacción id 5603: Inversor inválido
2026-08-05 21:03:36,240 | WARNING |  Transacción id 5606: Monto <= 0
2026-08-05 21:03:36,240 | WARNING |  Transacción id 5610: Monto <= 0
2026-08-05 21:03:36,240 | WARNING |  Transacción id 5612: Inversor inválido
2026-08-05 21:03:36,240 | WARNING |  Transacción id 5625: Monto <= 0
2026-08-05 21:03:36,241 | WARNING |  Transacción id 5630: Monto <= 0
2026-08-05 21:03:36,241 | WARNING |  Transacción id 5633: Monto <= 0
2026-08-05 21:03:36,241 | WARNING |  Transacción id 5636: Monto <= 0
2026-08-05 21:03:36,241 | WARNING |  Transacción id 5637: Monto <= 0
2026-08-05 21:03:36,241 | WARNING |  Transacción id 5644: Inversor inválido
2026-08-05 21:03:36,241 | WARNING |  Transacción id 5646: Monto <= 0
2026-08-05 21:03:36,241 | WARNING |  Transacción id 5647: Monto <= 0
2026-08-05 21:03:36,241 | WARNING |  Transacción id 5648: Monto <= 0
2026-08-05 21:03:36,241 | WARNING |  Transacción id 5649: Inversor inválido
2026-08-05 21:03:36,241 | WARNING |  Transacción id 5652: Monto <= 0
2026-08-05 21:03:36,241 | WARNING |  Transacción id 5659: Monto <= 0
2026-08-05 21:03:36,242 | WARNING |  Transacción id 5662: Inversor inválido
2026-08-05 21:03:36,242 | WARNING |  Transacción id 5671: Monto <= 0
2026-08-05 21:03:36,242 | WARNING |  Transacción id 5672: Monto <= 0
2026-08-05 21:03:36,242 | WARNING |  Transacción id 5676: Monto <= 0
2026-08-05 21:03:36,242 | WARNING |  Transacción id 5680: Inversor inválido
2026-08-05 21:03:36,242 | WARNING |  Transacción id 5684: Inversor inválido
2026-08-05 21:03:36,242 | WARNING |  Transacción id 5685: Inversor inválido
2026-08-05 21:03:36,242 | WARNING |  Transacción id 5689: Monto <= 0
2026-08-05 21:03:36,242 | WARNING |  Transacción id 5691: Monto <= 0
2026-08-05 21:03:36,242 | WARNING |  Transacción id 5694: Inversor inválido
2026-08-05 21:03:36,242 | WARNING |  Transacción id 5697: Inversor inválido
2026-08-05 21:03:36,243 | WARNING |  Transacción id 5698: Monto <= 0
2026-08-05 21:03:36,243 | WARNING |  Transacción id 5700: Monto <= 0
2026-08-05 21:03:36,243 | WARNING |  Transacción id 5702: Inversor inválido
2026-08-05 21:03:36,243 | WARNING |  Transacción id 5703: Monto <= 0
2026-08-05 21:03:36,243 | WARNING |  Transacción id 5709: Monto <= 0
2026-08-05 21:03:36,243 | WARNING |  Transacción id 5711: Monto <= 0
2026-08-05 21:03:36,243 | WARNING |  Transacción id 5713: Inversor inválido
2026-08-05 21:03:36,243 | WARNING |  Transacción id 5714: Monto <= 0
2026-08-05 21:03:36,243 | WARNING |  Transacción id 5716: Monto <= 0
2026-08-05 21:03:36,243 | WARNING |  Transacción id 5729: Monto <= 0
2026-08-05 21:03:36,244 | WARNING |  Transacción id 5731: Monto <= 0
2026-08-05 21:03:36,244 | WARNING |  Transacción id 5732: Monto <= 0
2026-08-05 21:03:36,244 | WARNING |  Transacción id 5735: Monto <= 0
2026-08-05 21:03:36,244 | WARNING |  Transacción id 5737: Monto <= 0
2026-08-05 21:03:36,244 | WARNING |  Transacción id 5739: Monto <= 0
2026-08-05 21:03:36,244 | WARNING |  Transacción id 5740: Inversor inválido
2026-08-05 21:03:36,244 | WARNING |  Transacción id 5742: Monto <= 0
2026-08-05 21:03:36,244 | WARNING |  Transacción id 5744: Monto <= 0
2026-08-05 21:03:36,244 | WARNING |  Transacción id 5748: Monto <= 0
2026-08-05 21:03:36,245 | WARNING |  Transacción id 5754: Inversor inválido
2026-08-05 21:03:36,245 | WARNING |  Transacción id 5757: Monto <= 0
2026-08-05 21:03:36,245 | WARNING |  Transacción id 5761: Monto <= 0
2026-08-05 21:03:36,245 | WARNING |  Transacción id 5763: Monto <= 0
2026-08-05 21:03:36,245 | WARNING |  Transacción id 5764: Inversor inválido
2026-08-05 21:03:36,245 | WARNING |  Transacción id 5766: Inversor inválido
2026-08-05 21:03:36,245 | WARNING |  Transacción id 5770: Monto <= 0
2026-08-05 21:03:36,245 | WARNING |  Transacción id 5774: Monto <= 0
2026-08-05 21:03:36,245 | WARNING |  Transacción id 5780: Monto <= 0
2026-08-05 21:03:36,245 | WARNING |  Transacción id 5782: Inversor inválido
2026-08-05 21:03:36,246 | WARNING |  Transacción id 5783: Monto <= 0
2026-08-05 21:03:36,246 | WARNING |  Transacción id 5793: Inversor inválido
2026-08-05 21:03:36,246 | WARNING |  Transacción id 5794: Monto <= 0
2026-08-05 21:03:36,246 | WARNING |  Transacción id 5795: Inversor inválido
2026-08-05 21:03:36,246 | WARNING |  Transacción id 5799: Inversor inválido
2026-08-05 21:03:36,246 | WARNING |  Transacción id 5800: Inversor inválido
2026-08-05 21:03:36,246 | WARNING |  Transacción id 5807: Monto <= 0
2026-08-05 21:03:36,246 | WARNING |  Transacción id 5808: Monto <= 0
2026-08-05 21:03:36,246 | WARNING |  Transacción id 5810: Monto <= 0
2026-08-05 21:03:36,246 | WARNING |  Transacción id 5814: Monto <= 0
2026-08-05 21:03:36,247 | WARNING |  Transacción id 5818: Monto <= 0
2026-08-05 21:03:36,247 | WARNING |  Transacción id 5823: Inversor inválido
2026-08-05 21:03:36,247 | WARNING |  Transacción id 5831: Inversor inválido
2026-08-05 21:03:36,247 | WARNING |  Transacción id 5832: Monto <= 0
2026-08-05 21:03:36,247 | WARNING |  Transacción id 5834: Monto <= 0
2026-08-05 21:03:36,247 | WARNING |  Transacción id 5836: Monto <= 0
2026-08-05 21:03:36,247 | WARNING |  Transacción id 5838: Monto <= 0
2026-08-05 21:03:36,247 | WARNING |  Transacción id 5843: Monto <= 0
2026-08-05 21:03:36,247 | WARNING |  Transacción id 5845: Inversor inválido
2026-08-05 21:03:36,247 | WARNING |  Transacción id 5847: Monto <= 0
2026-08-05 21:03:36,248 | WARNING |  Transacción id 5850: Monto <= 0
2026-08-05 21:03:36,248 | WARNING |  Transacción id 5851: Monto <= 0
2026-08-05 21:03:36,248 | WARNING |  Transacción id 5859: Inversor inválido
2026-08-05 21:03:36,248 | WARNING |  Transacción id 5860: Inversor inválido
2026-08-05 21:03:36,248 | WARNING |  Transacción id 5862: Monto <= 0
2026-08-05 21:03:36,248 | WARNING |  Transacción id 5864: Monto <= 0
2026-08-05 21:03:36,248 | WARNING |  Transacción id 5867: Monto <= 0
2026-08-05 21:03:36,248 | WARNING |  Transacción id 5868: Inversor inválido
2026-08-05 21:03:36,248 | WARNING |  Transacción id 5871: Inversor inválido
2026-08-05 21:03:36,248 | WARNING |  Transacción id 5873: Monto <= 0
2026-08-05 21:03:36,249 | WARNING |  Transacción id 5879: Monto <= 0
2026-08-05 21:03:36,249 | WARNING |  Transacción id 5881: Monto <= 0
2026-08-05 21:03:36,249 | WARNING |  Transacción id 5883: Inversor inválido
2026-08-05 21:03:36,249 | WARNING |  Transacción id 5884: Inversor inválido
2026-08-05 21:03:36,249 | WARNING |  Transacción id 5885: Monto <= 0
2026-08-05 21:03:36,249 | WARNING |  Transacción id 5887: Monto <= 0
2026-08-05 21:03:36,249 | WARNING |  Transacción id 5892: Monto <= 0
2026-08-05 21:03:36,249 | WARNING |  Transacción id 5893: Monto <= 0
2026-08-05 21:03:36,249 | WARNING |  Transacción id 5897: Monto <= 0
2026-08-05 21:03:36,249 | WARNING |  Transacción id 5899: Monto <= 0
2026-08-05 21:03:36,250 | WARNING |  Transacción id 5900: Monto <= 0
2026-08-05 21:03:36,250 | WARNING |  Transacción id 5905: Monto <= 0
2026-08-05 21:03:36,250 | WARNING |  Transacción id 5906: Monto <= 0
2026-08-05 21:03:36,250 | WARNING |  Transacción id 5913: Monto <= 0
2026-08-05 21:03:36,250 | WARNING |  Transacción id 5917: Inversor inválido
2026-08-05 21:03:36,250 | WARNING |  Transacción id 5918: Monto <= 0
2026-08-05 21:03:36,251 | WARNING |  Transacción id 5924: Monto <= 0
2026-08-05 21:03:36,251 | WARNING |  Transacción id 5925: Inversor inválido
2026-08-05 21:03:36,251 | WARNING |  Transacción id 5926: Monto <= 0
2026-08-05 21:03:36,251 | WARNING |  Transacción id 5932: Monto <= 0
2026-08-05 21:03:36,251 | WARNING |  Transacción id 5933: Inversor inválido
2026-08-05 21:03:36,251 | WARNING |  Transacción id 5934: Monto <= 0
2026-08-05 21:03:36,251 | WARNING |  Transacción id 5936: Monto <= 0
2026-08-05 21:03:36,251 | WARNING |  Transacción id 5937: Monto <= 0
2026-08-05 21:03:36,251 | WARNING |  Transacción id 5947: Monto <= 0
2026-08-05 21:03:36,251 | WARNING |  Transacción id 5952: Monto <= 0
2026-08-05 21:03:36,252 | WARNING |  Transacción id 5958: Monto <= 0
2026-08-05 21:03:36,252 | WARNING |  Transacción id 5965: Monto <= 0
2026-08-05 21:03:36,252 | WARNING |  Transacción id 5967: Inversor inválido
2026-08-05 21:03:36,252 | WARNING |  Transacción id 5968: Monto <= 0
2026-08-05 21:03:36,252 | WARNING |  Transacción id 5971: Monto <= 0
2026-08-05 21:03:36,252 | WARNING |  Transacción id 5975: Monto <= 0
2026-08-05 21:03:36,252 | WARNING |  Transacción id 5976: Monto <= 0
2026-08-05 21:03:36,252 | WARNING |  Transacción id 5977: Inversor inválido
2026-08-05 21:03:36,252 | WARNING |  Transacción id 5979: Monto <= 0
2026-08-05 21:03:36,252 | WARNING |  Transacción id 5980: Inversor inválido
2026-08-05 21:03:36,253 | WARNING |  Transacción id 5981: Inversor inválido
2026-08-05 21:03:36,253 | WARNING |  Transacción id 5982: Monto <= 0
2026-08-05 21:03:36,253 | WARNING |  Transacción id 5985: Inversor inválido
2026-08-05 21:03:36,253 | WARNING |  Transacción id 5986: Monto <= 0
2026-08-05 21:03:36,253 | WARNING |  Transacción id 5988: Monto <= 0
2026-08-05 21:03:36,253 | WARNING |  Transacción id 5992: Inversor inválido
2026-08-05 21:03:36,253 | WARNING |  Transacción id 5993: Monto <= 0
2026-08-05 21:03:36,253 | WARNING |  Transacción id 5995: Monto <= 0
2026-08-05 21:03:36,253 | WARNING |  Transacción id 5996: Monto <= 0
2026-08-05 21:03:36,253 | WARNING |  Transacción id 6002: Monto <= 0
2026-08-05 21:03:36,253 | WARNING |  Transacción id 6009: Monto <= 0
2026-08-05 21:03:36,254 | WARNING |  Transacción id 6010: Inversor inválido
2026-08-05 21:03:36,254 | WARNING |  Transacción id 6015: Monto <= 0
2026-08-05 21:03:36,254 | WARNING |  Transacción id 6018: Inversor inválido
2026-08-05 21:03:36,254 | WARNING |  Transacción id 6019: Monto <= 0
2026-08-05 21:03:36,254 | WARNING |  Transacción id 6025: Monto <= 0
2026-08-05 21:03:36,254 | WARNING |  Transacción id 6028: Monto <= 0
2026-08-05 21:03:36,254 | WARNING |  Transacción id 6029: Inversor inválido
2026-08-05 21:03:36,254 | WARNING |  Transacción id 6030: Inversor inválido
2026-08-05 21:03:36,255 | WARNING |  Transacción id 6031: Monto <= 0
2026-08-05 21:03:36,255 | WARNING |  Transacción id 6032: Monto <= 0
2026-08-05 21:03:36,255 | WARNING |  Transacción id 6034: Monto <= 0
2026-08-05 21:03:36,255 | WARNING |  Transacción id 6038: Inversor inválido
2026-08-05 21:03:36,255 | WARNING |  Transacción id 6039: Inversor inválido
2026-08-05 21:03:36,255 | WARNING |  Transacción id 6047: Monto <= 0
2026-08-05 21:03:36,255 | WARNING |  Transacción id 6050: Monto <= 0
2026-08-05 21:03:36,255 | WARNING |  Transacción id 6051: Monto <= 0
2026-08-05 21:03:36,255 | WARNING |  Transacción id 6057: Monto <= 0
2026-08-05 21:03:36,256 | WARNING |  Transacción id 6060: Monto <= 0
2026-08-05 21:03:36,256 | WARNING |  Transacción id 6061: Inversor inválido
2026-08-05 21:03:36,256 | WARNING |  Transacción id 6062: Inversor inválido
2026-08-05 21:03:36,256 | WARNING |  Transacción id 6065: Monto <= 0
2026-08-05 21:03:36,256 | WARNING |  Transacción id 6067: Inversor inválido
2026-08-05 21:03:36,256 | WARNING |  Transacción id 6070: Monto <= 0
2026-08-05 21:03:36,256 | WARNING |  Transacción id 6072: Inversor inválido
2026-08-05 21:03:36,256 | WARNING |  Transacción id 6077: Monto <= 0
2026-08-05 21:03:36,256 | WARNING |  Transacción id 6079: Monto <= 0
2026-08-05 21:03:36,256 | WARNING |  Transacción id 6080: Inversor inválido
2026-08-05 21:03:36,257 | WARNING |  Transacción id 6086: Monto <= 0
2026-08-05 21:03:36,257 | WARNING |  Transacción id 6093: Monto <= 0
2026-08-05 21:03:36,257 | WARNING |  Transacción id 6100: Monto <= 0
2026-08-05 21:03:36,257 | WARNING |  Transacción id 6104: Inversor inválido
2026-08-05 21:03:36,257 | WARNING |  Transacción id 6105: Inversor inválido
2026-08-05 21:03:36,257 | WARNING |  Transacción id 6108: Monto <= 0
2026-08-05 21:03:36,257 | WARNING |  Transacción id 6113: Inversor inválido
2026-08-05 21:03:36,257 | WARNING |  Transacción id 6119: Inversor inválido
2026-08-05 21:03:36,257 | WARNING |  Transacción id 6124: Inversor inválido
2026-08-05 21:03:36,257 | WARNING |  Transacción id 6125: Inversor inválido
2026-08-05 21:03:36,258 | WARNING |  Transacción id 6129: Inversor inválido
2026-08-05 21:03:36,258 | WARNING |  Transacción id 6131: Monto <= 0
2026-08-05 21:03:36,258 | WARNING |  Transacción id 6140: Monto <= 0
2026-08-05 21:03:36,258 | WARNING |  Transacción id 6142: Monto <= 0
2026-08-05 21:03:36,258 | WARNING |  Transacción id 6145: Inversor inválido
2026-08-05 21:03:36,258 | WARNING |  Transacción id 6147: Monto <= 0
2026-08-05 21:03:36,258 | WARNING |  Transacción id 6159: Monto <= 0
2026-08-05 21:03:36,258 | WARNING |  Transacción id 6163: Monto <= 0
2026-08-05 21:03:36,258 | WARNING |  Transacción id 6164: Monto <= 0
2026-08-05 21:03:36,258 | WARNING |  Transacción id 6170: Inversor inválido
2026-08-05 21:03:36,259 | WARNING |  Transacción id 6174: Inversor inválido
2026-08-05 21:03:36,259 | WARNING |  Transacción id 6181: Monto <= 0
2026-08-05 21:03:36,259 | WARNING |  Transacción id 6182: Monto <= 0
2026-08-05 21:03:36,259 | WARNING |  Transacción id 6183: Monto <= 0
2026-08-05 21:03:36,259 | WARNING |  Transacción id 6184: Monto <= 0
2026-08-05 21:03:36,259 | WARNING |  Transacción id 6185: Monto <= 0
2026-08-05 21:03:36,259 | WARNING |  Transacción id 6189: Monto <= 0
2026-08-05 21:03:36,259 | WARNING |  Transacción id 6196: Monto <= 0
2026-08-05 21:03:36,259 | WARNING |  Transacción id 6200: Inversor inválido
2026-08-05 21:03:36,260 | WARNING |  Transacción id 6201: Monto <= 0
2026-08-05 21:03:36,260 | WARNING |  Transacción id 6203: Monto <= 0
2026-08-05 21:03:36,260 | WARNING |  Transacción id 6206: Monto <= 0
2026-08-05 21:03:36,260 | WARNING |  Transacción id 6210: Inversor inválido
2026-08-05 21:03:36,260 | WARNING |  Transacción id 6212: Monto <= 0
2026-08-05 21:03:36,260 | WARNING |  Transacción id 6213: Monto <= 0
2026-08-05 21:03:36,260 | WARNING |  Transacción id 6215: Monto <= 0
2026-08-05 21:03:36,260 | WARNING |  Transacción id 6218: Monto <= 0
2026-08-05 21:03:36,260 | WARNING |  Transacción id 6225: Monto <= 0
2026-08-05 21:03:36,261 | WARNING |  Transacción id 6226: Monto <= 0
2026-08-05 21:03:36,261 | WARNING |  Transacción id 6227: Monto <= 0
2026-08-05 21:03:36,261 | WARNING |  Transacción id 6237: Inversor inválido
2026-08-05 21:03:36,261 | WARNING |  Transacción id 6238: Inversor inválido
2026-08-05 21:03:36,261 | WARNING |  Transacción id 6239: Inversor inválido
2026-08-05 21:03:36,261 | WARNING |  Transacción id 6242: Monto <= 0
2026-08-05 21:03:36,261 | WARNING |  Transacción id 6245: Inversor inválido
2026-08-05 21:03:36,261 | WARNING |  Transacción id 6246: Inversor inválido
2026-08-05 21:03:36,261 | WARNING |  Transacción id 6251: Inversor inválido
2026-08-05 21:03:36,261 | WARNING |  Transacción id 6252: Monto <= 0
2026-08-05 21:03:36,262 | WARNING |  Transacción id 6253: Monto <= 0
2026-08-05 21:03:36,262 | WARNING |  Transacción id 6254: Monto <= 0
2026-08-05 21:03:36,262 | WARNING |  Transacción id 6256: Monto <= 0
2026-08-05 21:03:36,262 | WARNING |  Transacción id 6263: Inversor inválido
2026-08-05 21:03:36,262 | WARNING |  Transacción id 6267: Monto <= 0
2026-08-05 21:03:36,262 | WARNING |  Transacción id 6268: Monto <= 0
2026-08-05 21:03:36,262 | WARNING |  Transacción id 6269: Monto <= 0
2026-08-05 21:03:36,262 | WARNING |  Transacción id 6270: Monto <= 0
2026-08-05 21:03:36,262 | WARNING |  Transacción id 6272: Inversor inválido
2026-08-05 21:03:36,263 | WARNING |  Transacción id 6276: Inversor inválido
2026-08-05 21:03:36,263 | WARNING |  Transacción id 6280: Monto <= 0
2026-08-05 21:03:36,263 | WARNING |  Transacción id 6284: Monto <= 0
2026-08-05 21:03:36,263 | WARNING |  Transacción id 6287: Inversor inválido
2026-08-05 21:03:36,263 | WARNING |  Transacción id 6289: Monto <= 0
2026-08-05 21:03:36,263 | WARNING |  Transacción id 6293: Inversor inválido
2026-08-05 21:03:36,263 | WARNING |  Transacción id 6299: Inversor inválido
2026-08-05 21:03:36,263 | WARNING |  Transacción id 6302: Monto <= 0
2026-08-05 21:03:36,263 | WARNING |  Transacción id 6304: Monto <= 0
2026-08-05 21:03:36,263 | WARNING |  Transacción id 6305: Inversor inválido
2026-08-05 21:03:36,263 | WARNING |  Transacción id 6308: Monto <= 0
2026-08-05 21:03:36,264 | WARNING |  Transacción id 6311: Monto <= 0
2026-08-05 21:03:36,264 | WARNING |  Transacción id 6316: Monto <= 0
2026-08-05 21:03:36,264 | WARNING |  Transacción id 6320: Monto <= 0
2026-08-05 21:03:36,264 | WARNING |  Transacción id 6326: Monto <= 0
2026-08-05 21:03:36,264 | WARNING |  Transacción id 6327: Monto <= 0
2026-08-05 21:03:36,264 | WARNING |  Transacción id 6336: Inversor inválido
2026-08-05 21:03:36,264 | WARNING |  Transacción id 6339: Monto <= 0
2026-08-05 21:03:36,264 | WARNING |  Transacción id 6353: Monto <= 0
2026-08-05 21:03:36,265 | WARNING |  Transacción id 6357: Monto <= 0
2026-08-05 21:03:36,265 | WARNING |  Transacción id 6359: Monto <= 0
2026-08-05 21:03:36,265 | WARNING |  Transacción id 6364: Inversor inválido
2026-08-05 21:03:36,265 | WARNING |  Transacción id 6366: Monto <= 0
2026-08-05 21:03:36,265 | WARNING |  Transacción id 6374: Inversor inválido
2026-08-05 21:03:36,265 | WARNING |  Transacción id 6375: Inversor inválido
2026-08-05 21:03:36,265 | WARNING |  Transacción id 6376: Monto <= 0
2026-08-05 21:03:36,265 | WARNING |  Transacción id 6377: Monto <= 0
2026-08-05 21:03:36,266 | WARNING |  Transacción id 6378: Monto <= 0
2026-08-05 21:03:36,266 | WARNING |  Transacción id 6389: Monto <= 0
2026-08-05 21:03:36,266 | WARNING |  Transacción id 6390: Inversor inválido
2026-08-05 21:03:36,266 | WARNING |  Transacción id 6392: Monto <= 0
2026-08-05 21:03:36,266 | WARNING |  Transacción id 6401: Monto <= 0
2026-08-05 21:03:36,266 | WARNING |  Transacción id 6403: Inversor inválido
2026-08-05 21:03:36,266 | WARNING |  Transacción id 6410: Monto <= 0
2026-08-05 21:03:36,266 | WARNING |  Transacción id 6411: Monto <= 0
2026-08-05 21:03:36,266 | WARNING |  Transacción id 6413: Inversor inválido
2026-08-05 21:03:36,266 | WARNING |  Transacción id 6417: Monto <= 0
2026-08-05 21:03:36,267 | WARNING |  Transacción id 6419: Monto <= 0
2026-08-05 21:03:36,267 | WARNING |  Transacción id 6420: Inversor inválido
2026-08-05 21:03:36,267 | WARNING |  Transacción id 6424: Inversor inválido
2026-08-05 21:03:36,267 | WARNING |  Transacción id 6425: Monto <= 0
2026-08-05 21:03:36,267 | WARNING |  Transacción id 6428: Inversor inválido
2026-08-05 21:03:36,267 | WARNING |  Transacción id 6432: Monto <= 0
2026-08-05 21:03:36,267 | WARNING |  Transacción id 6433: Inversor inválido
2026-08-05 21:03:36,267 | WARNING |  Transacción id 6437: Monto <= 0
2026-08-05 21:03:36,267 | WARNING |  Transacción id 6439: Monto <= 0
2026-08-05 21:03:36,267 | WARNING |  Transacción id 6444: Inversor inválido
2026-08-05 21:03:36,267 | WARNING |  Transacción id 6447: Monto <= 0
2026-08-05 21:03:36,268 | WARNING |  Transacción id 6450: Inversor inválido
2026-08-05 21:03:36,268 | WARNING |  Transacción id 6452: Monto <= 0
2026-08-05 21:03:36,268 | WARNING |  Transacción id 6459: Inversor inválido
2026-08-05 21:03:36,268 | WARNING |  Transacción id 6461: Monto <= 0
2026-08-05 21:03:36,268 | WARNING |  Transacción id 6463: Inversor inválido
2026-08-05 21:03:36,268 | WARNING |  Transacción id 6465: Monto <= 0
2026-08-05 21:03:36,268 | WARNING |  Transacción id 6466: Monto <= 0
2026-08-05 21:03:36,268 | WARNING |  Transacción id 6471: Inversor inválido
2026-08-05 21:03:36,268 | WARNING |  Transacción id 6473: Inversor inválido
2026-08-05 21:03:36,268 | WARNING |  Transacción id 6474: Inversor inválido
2026-08-05 21:03:36,269 | WARNING |  Transacción id 6478: Monto <= 0
2026-08-05 21:03:36,269 | WARNING |  Transacción id 6480: Inversor inválido
2026-08-05 21:03:36,269 | WARNING |  Transacción id 6483: Inversor inválido
2026-08-05 21:03:36,269 | WARNING |  Transacción id 6486: Monto <= 0
2026-08-05 21:03:36,269 | WARNING |  Transacción id 6489: Monto <= 0
2026-08-05 21:03:36,269 | WARNING |  Transacción id 6491: Inversor inválido
2026-08-05 21:03:36,269 | WARNING |  Transacción id 6492: Inversor inválido
2026-08-05 21:03:36,269 | WARNING |  Transacción id 6493: Monto <= 0
2026-08-05 21:03:36,270 | WARNING |  Transacción id 6494: Monto <= 0
2026-08-05 21:03:36,270 | WARNING |  Transacción id 6501: Monto <= 0
2026-08-05 21:03:36,270 | WARNING |  Transacción id 6514: Monto <= 0
2026-08-05 21:03:36,270 | WARNING |  Transacción id 6515: Monto <= 0
2026-08-05 21:03:36,270 | WARNING |  Transacción id 6517: Monto <= 0
2026-08-05 21:03:36,270 | WARNING |  Transacción id 6519: Monto <= 0
2026-08-05 21:03:36,270 | WARNING |  Transacción id 6521: Inversor inválido
2026-08-05 21:03:36,270 | WARNING |  Transacción id 6522: Inversor inválido
2026-08-05 21:03:36,271 | WARNING |  Transacción id 6527: Inversor inválido
2026-08-05 21:03:36,271 | WARNING |  Transacción id 6530: Monto <= 0
2026-08-05 21:03:36,271 | WARNING |  Transacción id 6531: Inversor inválido
2026-08-05 21:03:36,271 | WARNING |  Transacción id 6533: Monto <= 0
2026-08-05 21:03:36,271 | WARNING |  Transacción id 6537: Inversor inválido
2026-08-05 21:03:36,271 | WARNING |  Transacción id 6539: Monto <= 0
2026-08-05 21:03:36,271 | WARNING |  Transacción id 6540: Monto <= 0
2026-08-05 21:03:36,271 | WARNING |  Transacción id 6544: Monto <= 0
2026-08-05 21:03:36,271 | WARNING |  Transacción id 6550: Monto <= 0
2026-08-05 21:03:36,271 | WARNING |  Transacción id 6552: Inversor inválido
2026-08-05 21:03:36,272 | WARNING |  Transacción id 6553: Monto <= 0
2026-08-05 21:03:36,272 | WARNING |  Transacción id 6556: Monto <= 0
2026-08-05 21:03:36,272 | WARNING |  Transacción id 6557: Monto <= 0
2026-08-05 21:03:36,272 | WARNING |  Transacción id 6559: Monto <= 0
2026-08-05 21:03:36,272 | WARNING |  Transacción id 6560: Monto <= 0
2026-08-05 21:03:36,272 | WARNING |  Transacción id 6561: Monto <= 0
2026-08-05 21:03:36,272 | WARNING |  Transacción id 6564: Monto <= 0
2026-08-05 21:03:36,272 | WARNING |  Transacción id 6566: Inversor inválido
2026-08-05 21:03:36,272 | WARNING |  Transacción id 6567: Inversor inválido
2026-08-05 21:03:36,272 | WARNING |  Transacción id 6568: Inversor inválido
2026-08-05 21:03:36,273 | WARNING |  Transacción id 6570: Monto <= 0
2026-08-05 21:03:36,273 | WARNING |  Transacción id 6575: Monto <= 0
2026-08-05 21:03:36,273 | WARNING |  Transacción id 6576: Monto <= 0
2026-08-05 21:03:36,273 | WARNING |  Transacción id 6584: Inversor inválido
2026-08-05 21:03:36,273 | WARNING |  Transacción id 6592: Inversor inválido
2026-08-05 21:03:36,273 | WARNING |  Transacción id 6604: Monto <= 0
2026-08-05 21:03:36,273 | WARNING |  Transacción id 6606: Monto <= 0
2026-08-05 21:03:36,273 | WARNING |  Transacción id 6613: Monto <= 0
2026-08-05 21:03:36,273 | WARNING |  Transacción id 6615: Monto <= 0
2026-08-05 21:03:36,273 | WARNING |  Transacción id 6618: Monto <= 0
2026-08-05 21:03:36,274 | WARNING |  Transacción id 6623: Monto <= 0
2026-08-05 21:03:36,274 | WARNING |  Transacción id 6624: Monto <= 0
2026-08-05 21:03:36,274 | WARNING |  Transacción id 6628: Monto <= 0
2026-08-05 21:03:36,274 | WARNING |  Transacción id 6629: Monto <= 0
2026-08-05 21:03:36,274 | WARNING |  Transacción id 6630: Inversor inválido
2026-08-05 21:03:36,274 | WARNING |  Transacción id 6636: Monto <= 0
2026-08-05 21:03:36,274 | WARNING |  Transacción id 6637: Monto <= 0
2026-08-05 21:03:36,274 | WARNING |  Transacción id 6638: Monto <= 0
2026-08-05 21:03:36,274 | WARNING |  Transacción id 6643: Inversor inválido
2026-08-05 21:03:36,275 | WARNING |  Transacción id 6644: Monto <= 0
2026-08-05 21:03:36,275 | WARNING |  Transacción id 6645: Monto <= 0
2026-08-05 21:03:36,275 | WARNING |  Transacción id 6653: Inversor inválido
2026-08-05 21:03:36,276 | WARNING |  Transacción id 6654: Monto <= 0
2026-08-05 21:03:36,276 | WARNING |  Transacción id 6661: Inversor inválido
2026-08-05 21:03:36,276 | WARNING |  Transacción id 6663: Monto <= 0
2026-08-05 21:03:36,276 | WARNING |  Transacción id 6667: Monto <= 0
2026-08-05 21:03:36,276 | WARNING |  Transacción id 6672: Monto <= 0
2026-08-05 21:03:36,277 | WARNING |  Transacción id 6676: Monto <= 0
2026-08-05 21:03:36,277 | WARNING |  Transacción id 6679: Monto <= 0
2026-08-05 21:03:36,277 | WARNING |  Transacción id 6680: Monto <= 0
2026-08-05 21:03:36,277 | WARNING |  Transacción id 6681: Monto <= 0
2026-08-05 21:03:36,277 | WARNING |  Transacción id 6682: Monto <= 0
2026-08-05 21:03:36,277 | WARNING |  Transacción id 6684: Monto <= 0
2026-08-05 21:03:36,277 | WARNING |  Transacción id 6689: Monto <= 0
2026-08-05 21:03:36,277 | WARNING |  Transacción id 6691: Monto <= 0
2026-08-05 21:03:36,277 | WARNING |  Transacción id 6692: Monto <= 0
2026-08-05 21:03:36,278 | WARNING |  Transacción id 6693: Monto <= 0
2026-08-05 21:03:36,278 | WARNING |  Transacción id 6700: Monto <= 0
2026-08-05 21:03:36,278 | WARNING |  Transacción id 6702: Monto <= 0
2026-08-05 21:03:36,278 | WARNING |  Transacción id 6707: Monto <= 0
2026-08-05 21:03:36,278 | WARNING |  Transacción id 6710: Inversor inválido
2026-08-05 21:03:36,278 | WARNING |  Transacción id 6722: Monto <= 0
2026-08-05 21:03:36,278 | WARNING |  Transacción id 6725: Monto <= 0
2026-08-05 21:03:36,278 | WARNING |  Transacción id 6726: Monto <= 0
2026-08-05 21:03:36,279 | WARNING |  Transacción id 6728: Monto <= 0
2026-08-05 21:03:36,279 | WARNING |  Transacción id 6732: Monto <= 0
2026-08-05 21:03:36,279 | WARNING |  Transacción id 6734: Inversor inválido
2026-08-05 21:03:36,279 | WARNING |  Transacción id 6737: Inversor inválido
2026-08-05 21:03:36,279 | WARNING |  Transacción id 6738: Inversor inválido
2026-08-05 21:03:36,279 | WARNING |  Transacción id 6739: Monto <= 0
2026-08-05 21:03:36,279 | WARNING |  Transacción id 6743: Monto <= 0
2026-08-05 21:03:36,279 | WARNING |  Transacción id 6744: Monto <= 0
2026-08-05 21:03:36,280 | WARNING |  Transacción id 6747: Monto <= 0
2026-08-05 21:03:36,280 | WARNING |  Transacción id 6751: Monto <= 0
2026-08-05 21:03:36,280 | WARNING |  Transacción id 6754: Monto <= 0
2026-08-05 21:03:36,280 | WARNING |  Transacción id 6762: Monto <= 0
2026-08-05 21:03:36,280 | WARNING |  Transacción id 6764: Monto <= 0
2026-08-05 21:03:36,280 | WARNING |  Transacción id 6769: Monto <= 0
2026-08-05 21:03:36,281 | WARNING |  Transacción id 6771: Monto <= 0
2026-08-05 21:03:36,281 | WARNING |  Transacción id 6772: Inversor inválido
2026-08-05 21:03:36,281 | WARNING |  Transacción id 6774: Inversor inválido
2026-08-05 21:03:36,281 | WARNING |  Transacción id 6777: Monto <= 0
2026-08-05 21:03:36,281 | WARNING |  Transacción id 6779: Monto <= 0
2026-08-05 21:03:36,281 | WARNING |  Transacción id 6783: Monto <= 0
2026-08-05 21:03:36,282 | WARNING |  Transacción id 6792: Inversor inválido
2026-08-05 21:03:36,282 | WARNING |  Transacción id 6795: Monto <= 0
2026-08-05 21:03:36,282 | WARNING |  Transacción id 6797: Inversor inválido
2026-08-05 21:03:36,282 | WARNING |  Transacción id 6800: Inversor inválido
2026-08-05 21:03:36,282 | WARNING |  Transacción id 6801: Monto <= 0
2026-08-05 21:03:36,282 | WARNING |  Transacción id 6805: Inversor inválido
2026-08-05 21:03:36,282 | WARNING |  Transacción id 6814: Inversor inválido
2026-08-05 21:03:36,283 | WARNING |  Transacción id 6827: Monto <= 0
2026-08-05 21:03:36,283 | WARNING |  Transacción id 6829: Monto <= 0
2026-08-05 21:03:36,283 | WARNING |  Transacción id 6830: Monto <= 0
2026-08-05 21:03:36,283 | WARNING |  Transacción id 6831: Inversor inválido
2026-08-05 21:03:36,283 | WARNING |  Transacción id 6835: Monto <= 0
2026-08-05 21:03:36,283 | WARNING |  Transacción id 6842: Inversor inválido
2026-08-05 21:03:36,283 | WARNING |  Transacción id 6844: Monto <= 0
2026-08-05 21:03:36,284 | WARNING |  Transacción id 6846: Inversor inválido
2026-08-05 21:03:36,284 | WARNING |  Transacción id 6847: Monto <= 0
2026-08-05 21:03:36,284 | WARNING |  Transacción id 6849: Inversor inválido
2026-08-05 21:03:36,284 | WARNING |  Transacción id 6858: Monto <= 0
2026-08-05 21:03:36,284 | WARNING |  Transacción id 6865: Monto <= 0
2026-08-05 21:03:36,284 | WARNING |  Transacción id 6866: Inversor inválido
2026-08-05 21:03:36,284 | WARNING |  Transacción id 6867: Monto <= 0
2026-08-05 21:03:36,285 | WARNING |  Transacción id 6868: Monto <= 0
2026-08-05 21:03:36,285 | WARNING |  Transacción id 6871: Monto <= 0
2026-08-05 21:03:36,285 | WARNING |  Transacción id 6873: Monto <= 0
2026-08-05 21:03:36,285 | WARNING |  Transacción id 6875: Inversor inválido
2026-08-05 21:03:36,285 | WARNING |  Transacción id 6878: Inversor inválido
2026-08-05 21:03:36,285 | WARNING |  Transacción id 6883: Inversor inválido
2026-08-05 21:03:36,285 | WARNING |  Transacción id 6884: Monto <= 0
2026-08-05 21:03:36,285 | WARNING |  Transacción id 6887: Monto <= 0
2026-08-05 21:03:36,286 | WARNING |  Transacción id 6888: Monto <= 0
2026-08-05 21:03:36,286 | WARNING |  Transacción id 6902: Monto <= 0
2026-08-05 21:03:36,286 | WARNING |  Transacción id 6903: Inversor inválido
2026-08-05 21:03:36,286 | WARNING |  Transacción id 6905: Inversor inválido
2026-08-05 21:03:36,286 | WARNING |  Transacción id 6907: Inversor inválido
2026-08-05 21:03:36,286 | WARNING |  Transacción id 6911: Monto <= 0
2026-08-05 21:03:36,286 | WARNING |  Transacción id 6913: Monto <= 0
2026-08-05 21:03:36,286 | WARNING |  Transacción id 6926: Monto <= 0
2026-08-05 21:03:36,287 | WARNING |  Transacción id 6927: Monto <= 0
2026-08-05 21:03:36,287 | WARNING |  Transacción id 6930: Inversor inválido
2026-08-05 21:03:36,287 | WARNING |  Transacción id 6931: Monto <= 0
2026-08-05 21:03:36,287 | WARNING |  Transacción id 6933: Inversor inválido
2026-08-05 21:03:36,287 | WARNING |  Transacción id 6935: Monto <= 0
2026-08-05 21:03:36,287 | WARNING |  Transacción id 6936: Monto <= 0
2026-08-05 21:03:36,287 | WARNING |  Transacción id 6940: Monto <= 0
2026-08-05 21:03:36,287 | WARNING |  Transacción id 6941: Monto <= 0
2026-08-05 21:03:36,288 | WARNING |  Transacción id 6949: Monto <= 0
2026-08-05 21:03:36,288 | WARNING |  Transacción id 6951: Monto <= 0
2026-08-05 21:03:36,288 | WARNING |  Transacción id 6957: Inversor inválido
2026-08-05 21:03:36,288 | WARNING |  Transacción id 6960: Inversor inválido
2026-08-05 21:03:36,288 | WARNING |  Transacción id 6961: Inversor inválido
2026-08-05 21:03:36,288 | WARNING |  Transacción id 6966: Monto <= 0
2026-08-05 21:03:36,288 | WARNING |  Transacción id 6968: Monto <= 0
2026-08-05 21:03:36,288 | WARNING |  Transacción id 6980: Monto <= 0
2026-08-05 21:03:36,288 | WARNING |  Transacción id 6981: Inversor inválido
2026-08-05 21:03:36,289 | WARNING |  Transacción id 6982: Monto <= 0
2026-08-05 21:03:36,289 | WARNING |  Transacción id 6991: Inversor inválido
2026-08-05 21:03:36,289 | WARNING |  Transacción id 6995: Monto <= 0
2026-08-05 21:03:36,289 | WARNING |  Transacción id 6998: Monto <= 0
2026-08-05 21:03:36,289 | WARNING |  Transacción id 7002: Inversor inválido
2026-08-05 21:03:36,289 | WARNING |  Transacción id 7009: Monto <= 0
2026-08-05 21:03:36,289 | WARNING |  Transacción id 7014: Inversor inválido
2026-08-05 21:03:36,289 | WARNING |  Transacción id 7019: Monto <= 0
2026-08-05 21:03:36,290 | WARNING |  Transacción id 7022: Inversor inválido
2026-08-05 21:03:36,290 | WARNING |  Transacción id 7023: Inversor inválido
2026-08-05 21:03:36,290 | WARNING |  Transacción id 7030: Inversor inválido
2026-08-05 21:03:36,290 | WARNING |  Transacción id 7031: Inversor inválido
2026-08-05 21:03:36,290 | WARNING |  Transacción id 7040: Inversor inválido
2026-08-05 21:03:36,290 | WARNING |  Transacción id 7049: Monto <= 0
2026-08-05 21:03:36,290 | WARNING |  Transacción id 7054: Inversor inválido
2026-08-05 21:03:36,291 | WARNING |  Transacción id 7056: Monto <= 0
2026-08-05 21:03:36,291 | WARNING |  Transacción id 7059: Monto <= 0
2026-08-05 21:03:36,291 | WARNING |  Transacción id 7061: Monto <= 0
2026-08-05 21:03:36,291 | WARNING |  Transacción id 7062: Inversor inválido
2026-08-05 21:03:36,291 | WARNING |  Transacción id 7064: Monto <= 0
2026-08-05 21:03:36,291 | WARNING |  Transacción id 7068: Inversor inválido
2026-08-05 21:03:36,291 | WARNING |  Transacción id 7069: Monto <= 0
2026-08-05 21:03:36,291 | WARNING |  Transacción id 7070: Monto <= 0
2026-08-05 21:03:36,292 | WARNING |  Transacción id 7071: Inversor inválido
2026-08-05 21:03:36,292 | WARNING |  Transacción id 7072: Monto <= 0
2026-08-05 21:03:36,292 | WARNING |  Transacción id 7073: Monto <= 0
2026-08-05 21:03:36,292 | WARNING |  Transacción id 7075: Monto <= 0
2026-08-05 21:03:36,292 | WARNING |  Transacción id 7077: Monto <= 0
2026-08-05 21:03:36,292 | WARNING |  Transacción id 7080: Inversor inválido
2026-08-05 21:03:36,292 | WARNING |  Transacción id 7085: Monto <= 0
2026-08-05 21:03:36,292 | WARNING |  Transacción id 7086: Inversor inválido
2026-08-05 21:03:36,292 | WARNING |  Transacción id 7092: Monto <= 0
2026-08-05 21:03:36,293 | WARNING |  Transacción id 7098: Monto <= 0
2026-08-05 21:03:36,293 | WARNING |  Transacción id 7099: Monto <= 0
2026-08-05 21:03:36,293 | WARNING |  Transacción id 7104: Inversor inválido
2026-08-05 21:03:36,293 | WARNING |  Transacción id 7105: Monto <= 0
2026-08-05 21:03:36,293 | WARNING |  Transacción id 7106: Monto <= 0
2026-08-05 21:03:36,293 | WARNING |  Transacción id 7108: Inversor inválido
2026-08-05 21:03:36,293 | WARNING |  Transacción id 7113: Monto <= 0
2026-08-05 21:03:36,293 | WARNING |  Transacción id 7117: Monto <= 0
2026-08-05 21:03:36,293 | WARNING |  Transacción id 7118: Monto <= 0
2026-08-05 21:03:36,293 | WARNING |  Transacción id 7119: Monto <= 0
2026-08-05 21:03:36,294 | WARNING |  Transacción id 7120: Monto <= 0
2026-08-05 21:03:36,294 | WARNING |  Transacción id 7123: Inversor inválido
2026-08-05 21:03:36,294 | WARNING |  Transacción id 7128: Monto <= 0
2026-08-05 21:03:36,294 | WARNING |  Transacción id 7129: Monto <= 0
2026-08-05 21:03:36,294 | WARNING |  Transacción id 7132: Monto <= 0
2026-08-05 21:03:36,294 | WARNING |  Transacción id 7134: Monto <= 0
2026-08-05 21:03:36,294 | WARNING |  Transacción id 7136: Monto <= 0
2026-08-05 21:03:36,294 | WARNING |  Transacción id 7139: Monto <= 0
2026-08-05 21:03:36,294 | WARNING |  Transacción id 7141: Monto <= 0
2026-08-05 21:03:36,295 | WARNING |  Transacción id 7143: Inversor inválido
2026-08-05 21:03:36,295 | WARNING |  Transacción id 7144: Monto <= 0
2026-08-05 21:03:36,295 | WARNING |  Transacción id 7145: Monto <= 0
2026-08-05 21:03:36,295 | WARNING |  Transacción id 7150: Inversor inválido
2026-08-05 21:03:36,295 | WARNING |  Transacción id 7155: Monto <= 0
2026-08-05 21:03:36,295 | WARNING |  Transacción id 7156: Monto <= 0
2026-08-05 21:03:36,295 | WARNING |  Transacción id 7158: Monto <= 0
2026-08-05 21:03:36,296 | WARNING |  Transacción id 7166: Inversor inválido
2026-08-05 21:03:36,296 | WARNING |  Transacción id 7167: Monto <= 0
2026-08-05 21:03:36,296 | WARNING |  Transacción id 7172: Inversor inválido
2026-08-05 21:03:36,296 | WARNING |  Transacción id 7173: Monto <= 0
2026-08-05 21:03:36,296 | WARNING |  Transacción id 7177: Monto <= 0
2026-08-05 21:03:36,296 | WARNING |  Transacción id 7179: Monto <= 0
2026-08-05 21:03:36,296 | WARNING |  Transacción id 7193: Inversor inválido
2026-08-05 21:03:36,296 | WARNING |  Transacción id 7195: Monto <= 0
2026-08-05 21:03:36,297 | WARNING |  Transacción id 7199: Monto <= 0
2026-08-05 21:03:36,297 | WARNING |  Transacción id 7200: Monto <= 0
2026-08-05 21:03:36,297 | WARNING |  Transacción id 7201: Monto <= 0
2026-08-05 21:03:36,297 | WARNING |  Transacción id 7202: Monto <= 0
2026-08-05 21:03:36,297 | WARNING |  Transacción id 7215: Monto <= 0
2026-08-05 21:03:36,297 | WARNING |  Transacción id 7216: Monto <= 0
2026-08-05 21:03:36,297 | WARNING |  Transacción id 7219: Inversor inválido
2026-08-05 21:03:36,297 | WARNING |  Transacción id 7225: Inversor inválido
2026-08-05 21:03:36,298 | WARNING |  Transacción id 7226: Monto <= 0
2026-08-05 21:03:36,298 | WARNING |  Transacción id 7227: Monto <= 0
2026-08-05 21:03:36,298 | WARNING |  Transacción id 7228: Monto <= 0
2026-08-05 21:03:36,298 | WARNING |  Transacción id 7232: Monto <= 0
2026-08-05 21:03:36,298 | WARNING |  Transacción id 7233: Monto <= 0
2026-08-05 21:03:36,298 | WARNING |  Transacción id 7234: Monto <= 0
2026-08-05 21:03:36,298 | WARNING |  Transacción id 7238: Monto <= 0
2026-08-05 21:03:36,299 | WARNING |  Transacción id 7239: Inversor inválido
2026-08-05 21:03:36,299 | WARNING |  Transacción id 7241: Inversor inválido
2026-08-05 21:03:36,299 | WARNING |  Transacción id 7247: Inversor inválido
2026-08-05 21:03:36,299 | WARNING |  Transacción id 7248: Monto <= 0
2026-08-05 21:03:36,299 | WARNING |  Transacción id 7249: Monto <= 0
2026-08-05 21:03:36,299 | WARNING |  Transacción id 7257: Monto <= 0
2026-08-05 21:03:36,299 | WARNING |  Transacción id 7260: Inversor inválido
2026-08-05 21:03:36,300 | WARNING |  Transacción id 7261: Monto <= 0
2026-08-05 21:03:36,300 | WARNING |  Transacción id 7262: Inversor inválido
2026-08-05 21:03:36,300 | WARNING |  Transacción id 7265: Monto <= 0
2026-08-05 21:03:36,300 | WARNING |  Transacción id 7270: Monto <= 0
2026-08-05 21:03:36,300 | WARNING |  Transacción id 7273: Monto <= 0
2026-08-05 21:03:36,300 | WARNING |  Transacción id 7276: Monto <= 0
2026-08-05 21:03:36,300 | WARNING |  Transacción id 7281: Inversor inválido
2026-08-05 21:03:36,300 | WARNING |  Transacción id 7287: Monto <= 0
2026-08-05 21:03:36,300 | WARNING |  Transacción id 7289: Inversor inválido
2026-08-05 21:03:36,301 | WARNING |  Transacción id 7290: Monto <= 0
2026-08-05 21:03:36,301 | WARNING |  Transacción id 7292: Monto <= 0
2026-08-05 21:03:36,301 | WARNING |  Transacción id 7295: Inversor inválido
2026-08-05 21:03:36,301 | WARNING |  Transacción id 7299: Monto <= 0
2026-08-05 21:03:36,301 | WARNING |  Transacción id 7300: Inversor inválido
2026-08-05 21:03:36,301 | WARNING |  Transacción id 7301: Monto <= 0
2026-08-05 21:03:36,301 | WARNING |  Transacción id 7302: Monto <= 0
2026-08-05 21:03:36,301 | WARNING |  Transacción id 7304: Monto <= 0
2026-08-05 21:03:36,301 | WARNING |  Transacción id 7308: Monto <= 0
2026-08-05 21:03:36,301 | WARNING |  Transacción id 7313: Monto <= 0
2026-08-05 21:03:36,302 | WARNING |  Transacción id 7318: Monto <= 0
2026-08-05 21:03:36,302 | WARNING |  Transacción id 7319: Monto <= 0
2026-08-05 21:03:36,302 | WARNING |  Transacción id 7329: Monto <= 0
2026-08-05 21:03:36,302 | WARNING |  Transacción id 7332: Monto <= 0
2026-08-05 21:03:36,302 | WARNING |  Transacción id 7339: Monto <= 0
2026-08-05 21:03:36,302 | WARNING |  Transacción id 7343: Monto <= 0
2026-08-05 21:03:36,302 | WARNING |  Transacción id 7344: Inversor inválido
2026-08-05 21:03:36,302 | WARNING |  Transacción id 7347: Monto <= 0
2026-08-05 21:03:36,302 | WARNING |  Transacción id 7360: Monto <= 0
2026-08-05 21:03:36,303 | WARNING |  Transacción id 7365: Monto <= 0
2026-08-05 21:03:36,303 | WARNING |  Transacción id 7367: Inversor inválido
2026-08-05 21:03:36,303 | WARNING |  Transacción id 7368: Monto <= 0
2026-08-05 21:03:36,303 | WARNING |  Transacción id 7371: Inversor inválido
2026-08-05 21:03:36,303 | WARNING |  Transacción id 7374: Monto <= 0
2026-08-05 21:03:36,303 | WARNING |  Transacción id 7376: Monto <= 0
2026-08-05 21:03:36,303 | WARNING |  Transacción id 7380: Inversor inválido
2026-08-05 21:03:36,303 | WARNING |  Transacción id 7384: Inversor inválido
2026-08-05 21:03:36,303 | WARNING |  Transacción id 7386: Monto <= 0
2026-08-05 21:03:36,304 | WARNING |  Transacción id 7398: Monto <= 0
2026-08-05 21:03:36,304 | WARNING |  Transacción id 7400: Inversor inválido
2026-08-05 21:03:36,304 | WARNING |  Transacción id 7403: Monto <= 0
2026-08-05 21:03:36,304 | WARNING |  Transacción id 7405: Inversor inválido
2026-08-05 21:03:36,304 | WARNING |  Transacción id 7416: Inversor inválido
2026-08-05 21:03:36,304 | WARNING |  Transacción id 7418: Monto <= 0
2026-08-05 21:03:36,304 | WARNING |  Transacción id 7421: Monto <= 0
2026-08-05 21:03:36,304 | WARNING |  Transacción id 7430: Monto <= 0
2026-08-05 21:03:36,304 | WARNING |  Transacción id 7435: Inversor inválido
2026-08-05 21:03:36,304 | WARNING |  Transacción id 7438: Inversor inválido
2026-08-05 21:03:36,305 | WARNING |  Transacción id 7440: Monto <= 0
2026-08-05 21:03:36,305 | WARNING |  Transacción id 7441: Monto <= 0
2026-08-05 21:03:36,305 | WARNING |  Transacción id 7442: Monto <= 0
2026-08-05 21:03:36,305 | WARNING |  Transacción id 7444: Monto <= 0
2026-08-05 21:03:36,305 | WARNING |  Transacción id 7445: Inversor inválido
2026-08-05 21:03:36,305 | WARNING |  Transacción id 7448: Monto <= 0
2026-08-05 21:03:36,305 | WARNING |  Transacción id 7454: Inversor inválido
2026-08-05 21:03:36,305 | WARNING |  Transacción id 7461: Inversor inválido
2026-08-05 21:03:36,305 | WARNING |  Transacción id 7463: Monto <= 0
2026-08-05 21:03:36,305 | WARNING |  Transacción id 7464: Inversor inválido
2026-08-05 21:03:36,306 | WARNING |  Transacción id 7466: Monto <= 0
2026-08-05 21:03:36,306 | WARNING |  Transacción id 7469: Inversor inválido
2026-08-05 21:03:36,306 | WARNING |  Transacción id 7472: Inversor inválido
2026-08-05 21:03:36,306 | WARNING |  Transacción id 7476: Inversor inválido
2026-08-05 21:03:36,306 | WARNING |  Transacción id 7479: Inversor inválido
2026-08-05 21:03:36,306 | WARNING |  Transacción id 7480: Monto <= 0
2026-08-05 21:03:36,306 | WARNING |  Transacción id 7481: Monto <= 0
2026-08-05 21:03:36,306 | WARNING |  Transacción id 7483: Inversor inválido
2026-08-05 21:03:36,306 | WARNING |  Transacción id 7486: Monto <= 0
2026-08-05 21:03:36,307 | WARNING |  Transacción id 7490: Monto <= 0
2026-08-05 21:03:36,307 | WARNING |  Transacción id 7492: Monto <= 0
2026-08-05 21:03:36,307 | WARNING |  Transacción id 7494: Monto <= 0
2026-08-05 21:03:36,307 | WARNING |  Transacción id 7499: Monto <= 0
2026-08-05 21:03:36,307 | WARNING |  Transacción id 7501: Monto <= 0
2026-08-05 21:03:36,307 | WARNING |  Transacción id 7508: Monto <= 0
2026-08-05 21:03:36,307 | WARNING |  Transacción id 7520: Inversor inválido
2026-08-05 21:03:36,307 | WARNING |  Transacción id 7524: Inversor inválido
2026-08-05 21:03:36,307 | WARNING |  Transacción id 7530: Monto <= 0
2026-08-05 21:03:36,307 | WARNING |  Transacción id 7532: Monto <= 0
2026-08-05 21:03:36,307 | WARNING |  Transacción id 7535: Inversor inválido
2026-08-05 21:03:36,308 | WARNING |  Transacción id 7536: Monto <= 0
2026-08-05 21:03:36,308 | WARNING |  Transacción id 7540: Monto <= 0
2026-08-05 21:03:36,308 | WARNING |  Transacción id 7541: Monto <= 0
2026-08-05 21:03:36,308 | WARNING |  Transacción id 7542: Monto <= 0
2026-08-05 21:03:36,308 | WARNING |  Transacción id 7548: Monto <= 0
2026-08-05 21:03:36,308 | WARNING |  Transacción id 7549: Monto <= 0
2026-08-05 21:03:36,308 | WARNING |  Transacción id 7553: Monto <= 0
2026-08-05 21:03:36,308 | WARNING |  Transacción id 7554: Inversor inválido
2026-08-05 21:03:36,308 | WARNING |  Transacción id 7558: Monto <= 0
2026-08-05 21:03:36,309 | WARNING |  Transacción id 7567: Monto <= 0
2026-08-05 21:03:36,309 | WARNING |  Transacción id 7568: Monto <= 0
2026-08-05 21:03:36,309 | WARNING |  Transacción id 7571: Monto <= 0
2026-08-05 21:03:36,309 | WARNING |  Transacción id 7577: Monto <= 0
2026-08-05 21:03:36,309 | WARNING |  Transacción id 7579: Monto <= 0
2026-08-05 21:03:36,309 | WARNING |  Transacción id 7581: Monto <= 0
2026-08-05 21:03:36,309 | WARNING |  Transacción id 7582: Monto <= 0
2026-08-05 21:03:36,309 | WARNING |  Transacción id 7590: Monto <= 0
2026-08-05 21:03:36,309 | WARNING |  Transacción id 7593: Monto <= 0
2026-08-05 21:03:36,310 | WARNING |  Transacción id 7597: Monto <= 0
2026-08-05 21:03:36,310 | WARNING |  Transacción id 7599: Inversor inválido
2026-08-05 21:03:36,310 | WARNING |  Transacción id 7600: Monto <= 0
2026-08-05 21:03:36,310 | WARNING |  Transacción id 7601: Monto <= 0
2026-08-05 21:03:36,310 | WARNING |  Transacción id 7604: Monto <= 0
2026-08-05 21:03:36,310 | WARNING |  Transacción id 7606: Monto <= 0
2026-08-05 21:03:36,310 | WARNING |  Transacción id 7610: Monto <= 0
2026-08-05 21:03:36,310 | WARNING |  Transacción id 7613: Monto <= 0
2026-08-05 21:03:36,310 | WARNING |  Transacción id 7618: Monto <= 0
2026-08-05 21:03:36,310 | WARNING |  Transacción id 7619: Monto <= 0
2026-08-05 21:03:36,311 | WARNING |  Transacción id 7621: Inversor inválido
2026-08-05 21:03:36,311 | WARNING |  Transacción id 7622: Inversor inválido
2026-08-05 21:03:36,311 | WARNING |  Transacción id 7626: Inversor inválido
2026-08-05 21:03:36,311 | WARNING |  Transacción id 7630: Inversor inválido
2026-08-05 21:03:36,311 | WARNING |  Transacción id 7632: Monto <= 0
2026-08-05 21:03:36,311 | WARNING |  Transacción id 7633: Inversor inválido
2026-08-05 21:03:36,311 | WARNING |  Transacción id 7638: Monto <= 0
2026-08-05 21:03:36,311 | WARNING |  Transacción id 7644: Monto <= 0
2026-08-05 21:03:36,311 | WARNING |  Transacción id 7650: Monto <= 0
2026-08-05 21:03:36,311 | WARNING |  Transacción id 7657: Monto <= 0
2026-08-05 21:03:36,312 | WARNING |  Transacción id 7667: Inversor inválido
2026-08-05 21:03:36,312 | WARNING |  Transacción id 7670: Monto <= 0
2026-08-05 21:03:36,312 | WARNING |  Transacción id 7675: Monto <= 0
2026-08-05 21:03:36,312 | WARNING |  Transacción id 7683: Monto <= 0
2026-08-05 21:03:36,312 | WARNING |  Transacción id 7685: Inversor inválido
2026-08-05 21:03:36,312 | WARNING |  Transacción id 7693: Inversor inválido
2026-08-05 21:03:36,312 | WARNING |  Transacción id 7694: Monto <= 0
2026-08-05 21:03:36,312 | WARNING |  Transacción id 7697: Monto <= 0
2026-08-05 21:03:36,312 | WARNING |  Transacción id 7702: Monto <= 0
2026-08-05 21:03:36,312 | WARNING |  Transacción id 7704: Monto <= 0
2026-08-05 21:03:36,313 | WARNING |  Transacción id 7713: Monto <= 0
2026-08-05 21:03:36,313 | WARNING |  Transacción id 7715: Inversor inválido
2026-08-05 21:03:36,313 | WARNING |  Transacción id 7718: Inversor inválido
2026-08-05 21:03:36,313 | WARNING |  Transacción id 7724: Monto <= 0
2026-08-05 21:03:36,313 | WARNING |  Transacción id 7726: Monto <= 0
2026-08-05 21:03:36,313 | WARNING |  Transacción id 7728: Monto <= 0
2026-08-05 21:03:36,313 | WARNING |  Transacción id 7729: Monto <= 0
2026-08-05 21:03:36,313 | WARNING |  Transacción id 7732: Monto <= 0
2026-08-05 21:03:36,313 | WARNING |  Transacción id 7733: Inversor inválido
2026-08-05 21:03:36,313 | WARNING |  Transacción id 7740: Monto <= 0
2026-08-05 21:03:36,313 | WARNING |  Transacción id 7752: Inversor inválido
2026-08-05 21:03:36,314 | WARNING |  Transacción id 7753: Monto <= 0
2026-08-05 21:03:36,314 | WARNING |  Transacción id 7755: Monto <= 0
2026-08-05 21:03:36,314 | WARNING |  Transacción id 7756: Inversor inválido
2026-08-05 21:03:36,314 | WARNING |  Transacción id 7758: Monto <= 0
2026-08-05 21:03:36,314 | WARNING |  Transacción id 7759: Inversor inválido
2026-08-05 21:03:36,314 | WARNING |  Transacción id 7761: Monto <= 0
2026-08-05 21:03:36,314 | WARNING |  Transacción id 7762: Inversor inválido
2026-08-05 21:03:36,314 | WARNING |  Transacción id 7765: Inversor inválido
2026-08-05 21:03:36,315 | WARNING |  Transacción id 7768: Inversor inválido
2026-08-05 21:03:36,315 | WARNING |  Transacción id 7777: Monto <= 0
2026-08-05 21:03:36,315 | WARNING |  Transacción id 7778: Monto <= 0
2026-08-05 21:03:36,315 | WARNING |  Transacción id 7779: Monto <= 0
2026-08-05 21:03:36,315 | WARNING |  Transacción id 7782: Monto <= 0
2026-08-05 21:03:36,316 | WARNING |  Transacción id 7786: Monto <= 0
2026-08-05 21:03:36,317 | WARNING |  Transacción id 7790: Monto <= 0
2026-08-05 21:03:36,317 | WARNING |  Transacción id 7792: Inversor inválido
2026-08-05 21:03:36,317 | WARNING |  Transacción id 7795: Monto <= 0
2026-08-05 21:03:36,317 | WARNING |  Transacción id 7799: Inversor inválido
2026-08-05 21:03:36,317 | WARNING |  Transacción id 7803: Monto <= 0
2026-08-05 21:03:36,317 | WARNING |  Transacción id 7807: Monto <= 0
2026-08-05 21:03:36,317 | WARNING |  Transacción id 7813: Inversor inválido
2026-08-05 21:03:36,317 | WARNING |  Transacción id 7816: Monto <= 0
2026-08-05 21:03:36,318 | WARNING |  Transacción id 7820: Monto <= 0
2026-08-05 21:03:36,318 | WARNING |  Transacción id 7821: Inversor inválido
2026-08-05 21:03:36,318 | WARNING |  Transacción id 7824: Monto <= 0
2026-08-05 21:03:36,318 | WARNING |  Transacción id 7833: Monto <= 0
2026-08-05 21:03:36,318 | WARNING |  Transacción id 7836: Inversor inválido
2026-08-05 21:03:36,318 | WARNING |  Transacción id 7843: Inversor inválido
2026-08-05 21:03:36,318 | WARNING |  Transacción id 7853: Inversor inválido
2026-08-05 21:03:36,318 | WARNING |  Transacción id 7854: Monto <= 0
2026-08-05 21:03:36,318 | WARNING |  Transacción id 7858: Inversor inválido
2026-08-05 21:03:36,319 | WARNING |  Transacción id 7859: Monto <= 0
2026-08-05 21:03:36,319 | WARNING |  Transacción id 7867: Monto <= 0
2026-08-05 21:03:36,319 | WARNING |  Transacción id 7869: Monto <= 0
2026-08-05 21:03:36,319 | WARNING |  Transacción id 7870: Inversor inválido
2026-08-05 21:03:36,319 | WARNING |  Transacción id 7871: Monto <= 0
2026-08-05 21:03:36,319 | WARNING |  Transacción id 7873: Inversor inválido
2026-08-05 21:03:36,319 | WARNING |  Transacción id 7874: Inversor inválido
2026-08-05 21:03:36,319 | WARNING |  Transacción id 7884: Inversor inválido
2026-08-05 21:03:36,319 | WARNING |  Transacción id 7886: Inversor inválido
2026-08-05 21:03:36,320 | WARNING |  Transacción id 7888: Monto <= 0
2026-08-05 21:03:36,320 | WARNING |  Transacción id 7889: Inversor inválido
2026-08-05 21:03:36,320 | WARNING |  Transacción id 7890: Inversor inválido
2026-08-05 21:03:36,320 | WARNING |  Transacción id 7891: Monto <= 0
2026-08-05 21:03:36,320 | WARNING |  Transacción id 7892: Inversor inválido
2026-08-05 21:03:36,320 | WARNING |  Transacción id 7894: Monto <= 0
2026-08-05 21:03:36,320 | WARNING |  Transacción id 7895: Monto <= 0
2026-08-05 21:03:36,320 | WARNING |  Transacción id 7898: Monto <= 0
2026-08-05 21:03:36,320 | WARNING |  Transacción id 7901: Inversor inválido
2026-08-05 21:03:36,321 | WARNING |  Transacción id 7902: Monto <= 0
2026-08-05 21:03:36,321 | WARNING |  Transacción id 7905: Inversor inválido
2026-08-05 21:03:36,321 | WARNING |  Transacción id 7907: Monto <= 0
2026-08-05 21:03:36,321 | WARNING |  Transacción id 7908: Monto <= 0
2026-08-05 21:03:36,321 | WARNING |  Transacción id 7915: Inversor inválido
2026-08-05 21:03:36,321 | WARNING |  Transacción id 7919: Monto <= 0
2026-08-05 21:03:36,321 | WARNING |  Transacción id 7920: Inversor inválido
2026-08-05 21:03:36,321 | WARNING |  Transacción id 7926: Monto <= 0
2026-08-05 21:03:36,321 | WARNING |  Transacción id 7927: Inversor inválido
2026-08-05 21:03:36,321 | WARNING |  Transacción id 7929: Inversor inválido
2026-08-05 21:03:36,322 | WARNING |  Transacción id 7933: Inversor inválido
2026-08-05 21:03:36,322 | WARNING |  Transacción id 7934: Monto <= 0
2026-08-05 21:03:36,322 | WARNING |  Transacción id 7936: Inversor inválido
2026-08-05 21:03:36,322 | WARNING |  Transacción id 7940: Monto <= 0
2026-08-05 21:03:36,322 | WARNING |  Transacción id 7947: Monto <= 0
2026-08-05 21:03:36,322 | WARNING |  Transacción id 7948: Inversor inválido
2026-08-05 21:03:36,322 | WARNING |  Transacción id 7951: Inversor inválido
2026-08-05 21:03:36,322 | WARNING |  Transacción id 7954: Monto <= 0
2026-08-05 21:03:36,322 | WARNING |  Transacción id 7957: Monto <= 0
2026-08-05 21:03:36,323 | WARNING |  Transacción id 7967: Monto <= 0
2026-08-05 21:03:36,323 | WARNING |  Transacción id 7969: Monto <= 0
2026-08-05 21:03:36,323 | WARNING |  Transacción id 7975: Monto <= 0
2026-08-05 21:03:36,323 | WARNING |  Transacción id 7978: Monto <= 0
2026-08-05 21:03:36,323 | WARNING |  Transacción id 7981: Monto <= 0
2026-08-05 21:03:36,323 | WARNING |  Transacción id 7983: Inversor inválido
2026-08-05 21:03:36,323 | WARNING |  Transacción id 7984: Monto <= 0
2026-08-05 21:03:36,323 | WARNING |  Transacción id 7989: Monto <= 0
2026-08-05 21:03:36,323 | WARNING |  Transacción id 7991: Monto <= 0
2026-08-05 21:03:36,323 | WARNING |  Transacción id 7994: Monto <= 0
2026-08-05 21:03:36,323 | WARNING |  Transacción id 7997: Monto <= 0
2026-08-05 21:03:36,324 | WARNING |  Transacción id 8001: Inversor inválido
2026-08-05 21:03:36,324 | WARNING |  Transacción id 8002: Monto <= 0
2026-08-05 21:03:36,324 | WARNING |  Transacción id 8003: Inversor inválido
2026-08-05 21:03:36,324 | WARNING |  Transacción id 8004: Monto <= 0
2026-08-05 21:03:36,324 | WARNING |  Transacción id 8014: Inversor inválido
2026-08-05 21:03:36,324 | WARNING |  Transacción id 8016: Inversor inválido
2026-08-05 21:03:36,324 | WARNING |  Transacción id 8017: Monto <= 0
2026-08-05 21:03:36,324 | WARNING |  Transacción id 8022: Monto <= 0
2026-08-05 21:03:36,325 | WARNING |  Transacción id 8024: Inversor inválido
2026-08-05 21:03:36,325 | WARNING |  Transacción id 8025: Monto <= 0
2026-08-05 21:03:36,325 | WARNING |  Transacción id 8027: Monto <= 0
2026-08-05 21:03:36,325 | WARNING |  Transacción id 8039: Monto <= 0
2026-08-05 21:03:36,325 | WARNING |  Transacción id 8043: Inversor inválido
2026-08-05 21:03:36,325 | WARNING |  Transacción id 8044: Inversor inválido
2026-08-05 21:03:36,325 | WARNING |  Transacción id 8046: Inversor inválido
2026-08-05 21:03:36,325 | WARNING |  Transacción id 8048: Monto <= 0
2026-08-05 21:03:36,325 | WARNING |  Transacción id 8055: Inversor inválido
2026-08-05 21:03:36,325 | WARNING |  Transacción id 8059: Monto <= 0
2026-08-05 21:03:36,325 | WARNING |  Transacción id 8063: Inversor inválido
2026-08-05 21:03:36,326 | WARNING |  Transacción id 8065: Monto <= 0
2026-08-05 21:03:36,326 | WARNING |  Transacción id 8066: Monto <= 0
2026-08-05 21:03:36,326 | WARNING |  Transacción id 8070: Inversor inválido
2026-08-05 21:03:36,326 | WARNING |  Transacción id 8072: Monto <= 0
2026-08-05 21:03:36,326 | WARNING |  Transacción id 8075: Monto <= 0
2026-08-05 21:03:36,326 | WARNING |  Transacción id 8076: Inversor inválido
2026-08-05 21:03:36,326 | WARNING |  Transacción id 8078: Inversor inválido
2026-08-05 21:03:36,326 | WARNING |  Transacción id 8079: Inversor inválido
2026-08-05 21:03:36,326 | WARNING |  Transacción id 8080: Monto <= 0
2026-08-05 21:03:36,326 | WARNING |  Transacción id 8085: Monto <= 0
2026-08-05 21:03:36,327 | WARNING |  Transacción id 8086: Monto <= 0
2026-08-05 21:03:36,327 | WARNING |  Transacción id 8089: Monto <= 0
2026-08-05 21:03:36,327 | WARNING |  Transacción id 8092: Monto <= 0
2026-08-05 21:03:36,327 | WARNING |  Transacción id 8095: Monto <= 0
2026-08-05 21:03:36,327 | WARNING |  Transacción id 8102: Monto <= 0
2026-08-05 21:03:36,327 | WARNING |  Transacción id 8106: Inversor inválido
2026-08-05 21:03:36,327 | WARNING |  Transacción id 8110: Inversor inválido
2026-08-05 21:03:36,327 | WARNING |  Transacción id 8111: Inversor inválido
2026-08-05 21:03:36,327 | WARNING |  Transacción id 8115: Inversor inválido
2026-08-05 21:03:36,327 | WARNING |  Transacción id 8116: Monto <= 0
2026-08-05 21:03:36,327 | WARNING |  Transacción id 8122: Monto <= 0
2026-08-05 21:03:36,328 | WARNING |  Transacción id 8128: Monto <= 0
2026-08-05 21:03:36,328 | WARNING |  Transacción id 8134: Inversor inválido
2026-08-05 21:03:36,328 | WARNING |  Transacción id 8140: Monto <= 0
2026-08-05 21:03:36,328 | WARNING |  Transacción id 8144: Monto <= 0
2026-08-05 21:03:36,328 | WARNING |  Transacción id 8148: Monto <= 0
2026-08-05 21:03:36,328 | WARNING |  Transacción id 8149: Inversor inválido
2026-08-05 21:03:36,328 | WARNING |  Transacción id 8153: Monto <= 0
2026-08-05 21:03:36,328 | WARNING |  Transacción id 8156: Monto <= 0
2026-08-05 21:03:36,328 | WARNING |  Transacción id 8157: Monto <= 0
2026-08-05 21:03:36,328 | WARNING |  Transacción id 8160: Monto <= 0
2026-08-05 21:03:36,328 | WARNING |  Transacción id 8161: Monto <= 0
2026-08-05 21:03:36,329 | WARNING |  Transacción id 8163: Inversor inválido
2026-08-05 21:03:36,329 | WARNING |  Transacción id 8165: Inversor inválido
2026-08-05 21:03:36,329 | WARNING |  Transacción id 8167: Monto <= 0
2026-08-05 21:03:36,329 | WARNING |  Transacción id 8169: Monto <= 0
2026-08-05 21:03:36,329 | WARNING |  Transacción id 8171: Inversor inválido
2026-08-05 21:03:36,329 | WARNING |  Transacción id 8172: Monto <= 0
2026-08-05 21:03:36,329 | WARNING |  Transacción id 8178: Monto <= 0
2026-08-05 21:03:36,329 | WARNING |  Transacción id 8180: Monto <= 0
2026-08-05 21:03:36,329 | WARNING |  Transacción id 8181: Monto <= 0
2026-08-05 21:03:36,330 | WARNING |  Transacción id 8187: Inversor inválido
2026-08-05 21:03:36,330 | WARNING |  Transacción id 8188: Inversor inválido
2026-08-05 21:03:36,330 | WARNING |  Transacción id 8192: Inversor inválido
2026-08-05 21:03:36,330 | WARNING |  Transacción id 8202: Inversor inválido
2026-08-05 21:03:36,330 | WARNING |  Transacción id 8203: Monto <= 0
2026-08-05 21:03:36,330 | WARNING |  Transacción id 8204: Monto <= 0
2026-08-05 21:03:36,330 | WARNING |  Transacción id 8206: Monto <= 0
2026-08-05 21:03:36,330 | WARNING |  Transacción id 8209: Monto <= 0
2026-08-05 21:03:36,330 | WARNING |  Transacción id 8211: Monto <= 0
2026-08-05 21:03:36,331 | WARNING |  Transacción id 8214: Inversor inválido
2026-08-05 21:03:36,331 | WARNING |  Transacción id 8217: Monto <= 0
2026-08-05 21:03:36,331 | WARNING |  Transacción id 8219: Monto <= 0
2026-08-05 21:03:36,331 | WARNING |  Transacción id 8220: Inversor inválido
2026-08-05 21:03:36,331 | WARNING |  Transacción id 8222: Inversor inválido
2026-08-05 21:03:36,331 | WARNING |  Transacción id 8224: Inversor inválido
2026-08-05 21:03:36,331 | WARNING |  Transacción id 8228: Monto <= 0
2026-08-05 21:03:36,331 | WARNING |  Transacción id 8232: Monto <= 0
2026-08-05 21:03:36,331 | WARNING |  Transacción id 8234: Monto <= 0
2026-08-05 21:03:36,331 | WARNING |  Transacción id 8239: Inversor inválido
2026-08-05 21:03:36,332 | WARNING |  Transacción id 8245: Inversor inválido
2026-08-05 21:03:36,332 | WARNING |  Transacción id 8249: Monto <= 0
2026-08-05 21:03:36,332 | WARNING |  Transacción id 8251: Inversor inválido
2026-08-05 21:03:36,332 | WARNING |  Transacción id 8253: Monto <= 0
2026-08-05 21:03:36,332 | WARNING |  Transacción id 8255: Monto <= 0
2026-08-05 21:03:36,332 | WARNING |  Transacción id 8257: Monto <= 0
2026-08-05 21:03:36,332 | WARNING |  Transacción id 8261: Monto <= 0
2026-08-05 21:03:36,332 | WARNING |  Transacción id 8263: Monto <= 0
2026-08-05 21:03:36,332 | WARNING |  Transacción id 8266: Monto <= 0
2026-08-05 21:03:36,333 | WARNING |  Transacción id 8267: Inversor inválido
2026-08-05 21:03:36,333 | WARNING |  Transacción id 8272: Monto <= 0
2026-08-05 21:03:36,333 | WARNING |  Transacción id 8273: Inversor inválido
2026-08-05 21:03:36,333 | WARNING |  Transacción id 8274: Inversor inválido
2026-08-05 21:03:36,333 | WARNING |  Transacción id 8275: Inversor inválido
2026-08-05 21:03:36,333 | WARNING |  Transacción id 8278: Monto <= 0
2026-08-05 21:03:36,333 | WARNING |  Transacción id 8280: Monto <= 0
2026-08-05 21:03:36,333 | WARNING |  Transacción id 8287: Monto <= 0
2026-08-05 21:03:36,333 | WARNING |  Transacción id 8288: Monto <= 0
2026-08-05 21:03:36,333 | WARNING |  Transacción id 8289: Monto <= 0
2026-08-05 21:03:36,334 | WARNING |  Transacción id 8293: Inversor inválido
2026-08-05 21:03:36,334 | WARNING |  Transacción id 8299: Inversor inválido
2026-08-05 21:03:36,334 | WARNING |  Transacción id 8302: Monto <= 0
2026-08-05 21:03:36,334 | WARNING |  Transacción id 8304: Inversor inválido
2026-08-05 21:03:36,334 | WARNING |  Transacción id 8305: Monto <= 0
2026-08-05 21:03:36,334 | WARNING |  Transacción id 8313: Monto <= 0
2026-08-05 21:03:36,334 | WARNING |  Transacción id 8319: Monto <= 0
2026-08-05 21:03:36,334 | WARNING |  Transacción id 8320: Monto <= 0
2026-08-05 21:03:36,335 | WARNING |  Transacción id 8323: Monto <= 0
2026-08-05 21:03:36,335 | WARNING |  Transacción id 8324: Monto <= 0
2026-08-05 21:03:36,335 | WARNING |  Transacción id 8328: Inversor inválido
2026-08-05 21:03:36,335 | WARNING |  Transacción id 8333: Monto <= 0
2026-08-05 21:03:36,335 | WARNING |  Transacción id 8345: Inversor inválido
2026-08-05 21:03:36,335 | WARNING |  Transacción id 8346: Monto <= 0
2026-08-05 21:03:36,335 | WARNING |  Transacción id 8349: Monto <= 0
2026-08-05 21:03:36,335 | WARNING |  Transacción id 8352: Monto <= 0
2026-08-05 21:03:36,335 | WARNING |  Transacción id 8357: Monto <= 0
2026-08-05 21:03:36,335 | WARNING |  Transacción id 8364: Monto <= 0
2026-08-05 21:03:36,336 | WARNING |  Transacción id 8365: Inversor inválido
2026-08-05 21:03:36,336 | WARNING |  Transacción id 8367: Inversor inválido
2026-08-05 21:03:36,336 | WARNING |  Transacción id 8371: Monto <= 0
2026-08-05 21:03:36,336 | WARNING |  Transacción id 8373: Inversor inválido
2026-08-05 21:03:36,336 | WARNING |  Transacción id 8374: Monto <= 0
2026-08-05 21:03:36,336 | WARNING |  Transacción id 8376: Monto <= 0
2026-08-05 21:03:36,336 | WARNING |  Transacción id 8383: Monto <= 0
2026-08-05 21:03:36,336 | WARNING |  Transacción id 8385: Inversor inválido
2026-08-05 21:03:36,336 | WARNING |  Transacción id 8387: Monto <= 0
2026-08-05 21:03:36,336 | WARNING |  Transacción id 8392: Monto <= 0
2026-08-05 21:03:36,337 | WARNING |  Transacción id 8405: Monto <= 0
2026-08-05 21:03:36,337 | WARNING |  Transacción id 8406: Monto <= 0
2026-08-05 21:03:36,337 | WARNING |  Transacción id 8415: Inversor inválido
2026-08-05 21:03:36,337 | WARNING |  Transacción id 8418: Monto <= 0
2026-08-05 21:03:36,337 | WARNING |  Transacción id 8424: Monto <= 0
2026-08-05 21:03:36,337 | WARNING |  Transacción id 8425: Monto <= 0
2026-08-05 21:03:36,337 | WARNING |  Transacción id 8437: Inversor inválido
2026-08-05 21:03:36,337 | WARNING |  Transacción id 8440: Inversor inválido
2026-08-05 21:03:36,337 | WARNING |  Transacción id 8441: Monto <= 0
2026-08-05 21:03:36,337 | WARNING |  Transacción id 8442: Monto <= 0
2026-08-05 21:03:36,337 | WARNING |  Transacción id 8447: Monto <= 0
2026-08-05 21:03:36,338 | WARNING |  Transacción id 8452: Inversor inválido
2026-08-05 21:03:36,338 | WARNING |  Transacción id 8457: Monto <= 0
2026-08-05 21:03:36,338 | WARNING |  Transacción id 8458: Monto <= 0
2026-08-05 21:03:36,338 | WARNING |  Transacción id 8465: Monto <= 0
2026-08-05 21:03:36,338 | WARNING |  Transacción id 8466: Inversor inválido
2026-08-05 21:03:36,338 | WARNING |  Transacción id 8469: Inversor inválido
2026-08-05 21:03:36,338 | WARNING |  Transacción id 8473: Monto <= 0
2026-08-05 21:03:36,338 | WARNING |  Transacción id 8475: Monto <= 0
2026-08-05 21:03:36,338 | WARNING |  Transacción id 8479: Monto <= 0
2026-08-05 21:03:36,338 | WARNING |  Transacción id 8481: Inversor inválido
2026-08-05 21:03:36,339 | WARNING |  Transacción id 8482: Inversor inválido
2026-08-05 21:03:36,339 | WARNING |  Transacción id 8486: Inversor inválido
2026-08-05 21:03:36,339 | WARNING |  Transacción id 8487: Inversor inválido
2026-08-05 21:03:36,339 | WARNING |  Transacción id 8488: Monto <= 0
2026-08-05 21:03:36,339 | WARNING |  Transacción id 8489: Monto <= 0
2026-08-05 21:03:36,339 | WARNING |  Transacción id 8494: Monto <= 0
2026-08-05 21:03:36,339 | WARNING |  Transacción id 8496: Monto <= 0
2026-08-05 21:03:36,339 | WARNING |  Transacción id 8499: Inversor inválido
2026-08-05 21:03:36,339 | WARNING |  Transacción id 8502: Monto <= 0
2026-08-05 21:03:36,340 | WARNING |  Transacción id 8504: Monto <= 0
2026-08-05 21:03:36,340 | WARNING |  Transacción id 8508: Inversor inválido
2026-08-05 21:03:36,340 | WARNING |  Transacción id 8513: Inversor inválido
2026-08-05 21:03:36,340 | WARNING |  Transacción id 8518: Inversor inválido
2026-08-05 21:03:36,340 | WARNING |  Transacción id 8524: Monto <= 0
2026-08-05 21:03:36,340 | WARNING |  Transacción id 8532: Inversor inválido
2026-08-05 21:03:36,340 | WARNING |  Transacción id 8538: Monto <= 0
2026-08-05 21:03:36,340 | WARNING |  Transacción id 8543: Monto <= 0
2026-08-05 21:03:36,340 | WARNING |  Transacción id 8547: Monto <= 0
2026-08-05 21:03:36,341 | WARNING |  Transacción id 8548: Monto <= 0
2026-08-05 21:03:36,341 | WARNING |  Transacción id 8553: Monto <= 0
2026-08-05 21:03:36,341 | WARNING |  Transacción id 8556: Monto <= 0
2026-08-05 21:03:36,341 | WARNING |  Transacción id 8568: Monto <= 0
2026-08-05 21:03:36,341 | WARNING |  Transacción id 8569: Monto <= 0
2026-08-05 21:03:36,341 | WARNING |  Transacción id 8573: Monto <= 0
2026-08-05 21:03:36,341 | WARNING |  Transacción id 8574: Monto <= 0
2026-08-05 21:03:36,341 | WARNING |  Transacción id 8580: Monto <= 0
2026-08-05 21:03:36,341 | WARNING |  Transacción id 8587: Inversor inválido
2026-08-05 21:03:36,341 | WARNING |  Transacción id 8590: Monto <= 0
2026-08-05 21:03:36,341 | WARNING |  Transacción id 8592: Monto <= 0
2026-08-05 21:03:36,342 | WARNING |  Transacción id 8596: Inversor inválido
2026-08-05 21:03:36,342 | WARNING |  Transacción id 8598: Monto <= 0
2026-08-05 21:03:36,342 | WARNING |  Transacción id 8600: Inversor inválido
2026-08-05 21:03:36,342 | WARNING |  Transacción id 8601: Monto <= 0
2026-08-05 21:03:36,342 | WARNING |  Transacción id 8604: Monto <= 0
2026-08-05 21:03:36,342 | WARNING |  Transacción id 8606: Monto <= 0
2026-08-05 21:03:36,342 | WARNING |  Transacción id 8609: Inversor inválido
2026-08-05 21:03:36,342 | WARNING |  Transacción id 8615: Inversor inválido
2026-08-05 21:03:36,342 | WARNING |  Transacción id 8618: Monto <= 0
2026-08-05 21:03:36,342 | WARNING |  Transacción id 8623: Inversor inválido
2026-08-05 21:03:36,343 | WARNING |  Transacción id 8628: Inversor inválido
2026-08-05 21:03:36,343 | WARNING |  Transacción id 8630: Monto <= 0
2026-08-05 21:03:36,343 | WARNING |  Transacción id 8636: Inversor inválido
2026-08-05 21:03:36,343 | WARNING |  Transacción id 8640: Monto <= 0
2026-08-05 21:03:36,343 | WARNING |  Transacción id 8642: Monto <= 0
2026-08-05 21:03:36,343 | WARNING |  Transacción id 8644: Monto <= 0
2026-08-05 21:03:36,343 | WARNING |  Transacción id 8645: Inversor inválido
2026-08-05 21:03:36,343 | WARNING |  Transacción id 8646: Inversor inválido
2026-08-05 21:03:36,343 | WARNING |  Transacción id 8658: Monto <= 0
2026-08-05 21:03:36,343 | WARNING |  Transacción id 8664: Monto <= 0
2026-08-05 21:03:36,343 | WARNING |  Transacción id 8666: Inversor inválido
2026-08-05 21:03:36,343 | WARNING |  Transacción id 8667: Monto <= 0
2026-08-05 21:03:36,344 | WARNING |  Transacción id 8669: Monto <= 0
2026-08-05 21:03:36,344 | WARNING |  Transacción id 8674: Inversor inválido
2026-08-05 21:03:36,344 | WARNING |  Transacción id 8675: Monto <= 0
2026-08-05 21:03:36,344 | WARNING |  Transacción id 8676: Inversor inválido
2026-08-05 21:03:36,344 | WARNING |  Transacción id 8680: Monto <= 0
2026-08-05 21:03:36,344 | WARNING |  Transacción id 8683: Monto <= 0
2026-08-05 21:03:36,344 | WARNING |  Transacción id 8687: Inversor inválido
2026-08-05 21:03:36,344 | WARNING |  Transacción id 8688: Monto <= 0
2026-08-05 21:03:36,345 | WARNING |  Transacción id 8690: Inversor inválido
2026-08-05 21:03:36,345 | WARNING |  Transacción id 8692: Monto <= 0
2026-08-05 21:03:36,345 | WARNING |  Transacción id 8693: Inversor inválido
2026-08-05 21:03:36,345 | WARNING |  Transacción id 8699: Inversor inválido
2026-08-05 21:03:36,345 | WARNING |  Transacción id 8703: Monto <= 0
2026-08-05 21:03:36,345 | WARNING |  Transacción id 8709: Inversor inválido
2026-08-05 21:03:36,345 | WARNING |  Transacción id 8711: Monto <= 0
2026-08-05 21:03:36,345 | WARNING |  Transacción id 8713: Inversor inválido
2026-08-05 21:03:36,345 | WARNING |  Transacción id 8715: Monto <= 0
2026-08-05 21:03:36,345 | WARNING |  Transacción id 8721: Monto <= 0
2026-08-05 21:03:36,345 | WARNING |  Transacción id 8722: Monto <= 0
2026-08-05 21:03:36,345 | WARNING |  Transacción id 8723: Monto <= 0
2026-08-05 21:03:36,346 | WARNING |  Transacción id 8725: Monto <= 0
2026-08-05 21:03:36,346 | WARNING |  Transacción id 8727: Monto <= 0
2026-08-05 21:03:36,346 | WARNING |  Transacción id 8730: Monto <= 0
2026-08-05 21:03:36,346 | WARNING |  Transacción id 8731: Monto <= 0
2026-08-05 21:03:36,346 | WARNING |  Transacción id 8733: Inversor inválido
2026-08-05 21:03:36,346 | WARNING |  Transacción id 8736: Monto <= 0
2026-08-05 21:03:36,346 | WARNING |  Transacción id 8737: Monto <= 0
2026-08-05 21:03:36,346 | WARNING |  Transacción id 8739: Monto <= 0
2026-08-05 21:03:36,346 | WARNING |  Transacción id 8742: Monto <= 0
2026-08-05 21:03:36,346 | WARNING |  Transacción id 8752: Monto <= 0
2026-08-05 21:03:36,346 | WARNING |  Transacción id 8759: Monto <= 0
2026-08-05 21:03:36,347 | WARNING |  Transacción id 8762: Monto <= 0
2026-08-05 21:03:36,347 | WARNING |  Transacción id 8763: Monto <= 0
2026-08-05 21:03:36,347 | WARNING |  Transacción id 8764: Monto <= 0
2026-08-05 21:03:36,347 | WARNING |  Transacción id 8767: Monto <= 0
2026-08-05 21:03:36,347 | WARNING |  Transacción id 8768: Monto <= 0
2026-08-05 21:03:36,347 | WARNING |  Transacción id 8771: Monto <= 0
2026-08-05 21:03:36,347 | WARNING |  Transacción id 8774: Monto <= 0
2026-08-05 21:03:36,347 | WARNING |  Transacción id 8787: Monto <= 0
2026-08-05 21:03:36,347 | WARNING |  Transacción id 8796: Monto <= 0
2026-08-05 21:03:36,347 | WARNING |  Transacción id 8797: Inversor inválido
2026-08-05 21:03:36,347 | WARNING |  Transacción id 8804: Inversor inválido
2026-08-05 21:03:36,348 | WARNING |  Transacción id 8809: Monto <= 0
2026-08-05 21:03:36,348 | WARNING |  Transacción id 8812: Inversor inválido
2026-08-05 21:03:36,348 | WARNING |  Transacción id 8817: Inversor inválido
2026-08-05 21:03:36,348 | WARNING |  Transacción id 8820: Monto <= 0
2026-08-05 21:03:36,348 | WARNING |  Transacción id 8822: Inversor inválido
2026-08-05 21:03:36,348 | WARNING |  Transacción id 8830: Inversor inválido
2026-08-05 21:03:36,348 | WARNING |  Transacción id 8831: Monto <= 0
2026-08-05 21:03:36,349 | WARNING |  Transacción id 8832: Inversor inválido
2026-08-05 21:03:36,349 | WARNING |  Transacción id 8835: Monto <= 0
2026-08-05 21:03:36,349 | WARNING |  Transacción id 8837: Monto <= 0
2026-08-05 21:03:36,349 | WARNING |  Transacción id 8843: Monto <= 0
2026-08-05 21:03:36,349 | WARNING |  Transacción id 8845: Monto <= 0
2026-08-05 21:03:36,349 | WARNING |  Transacción id 8853: Monto <= 0
2026-08-05 21:03:36,349 | WARNING |  Transacción id 8855: Monto <= 0
2026-08-05 21:03:36,349 | WARNING |  Transacción id 8859: Monto <= 0
2026-08-05 21:03:36,350 | WARNING |  Transacción id 8860: Inversor inválido
2026-08-05 21:03:36,350 | WARNING |  Transacción id 8862: Monto <= 0
2026-08-05 21:03:36,350 | WARNING |  Transacción id 8866: Monto <= 0
2026-08-05 21:03:36,350 | WARNING |  Transacción id 8868: Inversor inválido
2026-08-05 21:03:36,350 | WARNING |  Transacción id 8871: Monto <= 0
2026-08-05 21:03:36,350 | WARNING |  Transacción id 8873: Inversor inválido
2026-08-05 21:03:36,350 | WARNING |  Transacción id 8874: Inversor inválido
2026-08-05 21:03:36,350 | WARNING |  Transacción id 8877: Monto <= 0
2026-08-05 21:03:36,351 | WARNING |  Transacción id 8882: Monto <= 0
2026-08-05 21:03:36,351 | WARNING |  Transacción id 8885: Monto <= 0
2026-08-05 21:03:36,351 | WARNING |  Transacción id 8886: Inversor inválido
2026-08-05 21:03:36,351 | WARNING |  Transacción id 8887: Monto <= 0
2026-08-05 21:03:36,351 | WARNING |  Transacción id 8904: Monto <= 0
2026-08-05 21:03:36,351 | WARNING |  Transacción id 8905: Inversor inválido
2026-08-05 21:03:36,351 | WARNING |  Transacción id 8907: Inversor inválido
2026-08-05 21:03:36,351 | WARNING |  Transacción id 8913: Monto <= 0
2026-08-05 21:03:36,351 | WARNING |  Transacción id 8919: Inversor inválido
2026-08-05 21:03:36,351 | WARNING |  Transacción id 8922: Monto <= 0
2026-08-05 21:03:36,351 | WARNING |  Transacción id 8927: Monto <= 0
2026-08-05 21:03:36,352 | WARNING |  Transacción id 8930: Monto <= 0
2026-08-05 21:03:36,352 | WARNING |  Transacción id 8932: Monto <= 0
2026-08-05 21:03:36,352 | WARNING |  Transacción id 8937: Monto <= 0
2026-08-05 21:03:36,352 | WARNING |  Transacción id 8941: Monto <= 0
2026-08-05 21:03:36,352 | WARNING |  Transacción id 8943: Monto <= 0
2026-08-05 21:03:36,352 | WARNING |  Transacción id 8944: Monto <= 0
2026-08-05 21:03:36,352 | WARNING |  Transacción id 8946: Inversor inválido
2026-08-05 21:03:36,352 | WARNING |  Transacción id 8948: Monto <= 0
2026-08-05 21:03:36,352 | WARNING |  Transacción id 8949: Monto <= 0
2026-08-05 21:03:36,352 | WARNING |  Transacción id 8953: Monto <= 0
2026-08-05 21:03:36,352 | WARNING |  Transacción id 8954: Monto <= 0
2026-08-05 21:03:36,353 | WARNING |  Transacción id 8956: Monto <= 0
2026-08-05 21:03:36,353 | WARNING |  Transacción id 8957: Monto <= 0
2026-08-05 21:03:36,353 | WARNING |  Transacción id 8958: Monto <= 0
2026-08-05 21:03:36,353 | WARNING |  Transacción id 8959: Monto <= 0
2026-08-05 21:03:36,353 | WARNING |  Transacción id 8961: Monto <= 0
2026-08-05 21:03:36,353 | WARNING |  Transacción id 8962: Monto <= 0
2026-08-05 21:03:36,353 | WARNING |  Transacción id 8964: Inversor inválido
2026-08-05 21:03:36,353 | WARNING |  Transacción id 8965: Monto <= 0
2026-08-05 21:03:36,353 | WARNING |  Transacción id 8968: Monto <= 0
2026-08-05 21:03:36,353 | WARNING |  Transacción id 8973: Inversor inválido
2026-08-05 21:03:36,353 | WARNING |  Transacción id 8976: Inversor inválido
2026-08-05 21:03:36,353 | WARNING |  Transacción id 8977: Monto <= 0
2026-08-05 21:03:36,354 | WARNING |  Transacción id 8980: Monto <= 0
2026-08-05 21:03:36,354 | WARNING |  Transacción id 8981: Monto <= 0
2026-08-05 21:03:36,354 | WARNING |  Transacción id 8985: Monto <= 0
2026-08-05 21:03:36,354 | WARNING |  Transacción id 8998: Inversor inválido
2026-08-05 21:03:36,354 | WARNING |  Transacción id 8999: Monto <= 0
2026-08-05 21:03:36,354 | WARNING |  Transacción id 9000: Monto <= 0
2026-08-05 21:03:36,354 | WARNING |  Transacción id 9006: Monto <= 0
2026-08-05 21:03:36,354 | WARNING |  Transacción id 9014: Inversor inválido
2026-08-05 21:03:36,355 | WARNING |  Transacción id 9015: Inversor inválido
2026-08-05 21:03:36,355 | WARNING |  Transacción id 9016: Monto <= 0
2026-08-05 21:03:36,355 | WARNING |  Transacción id 9021: Monto <= 0
2026-08-05 21:03:36,355 | WARNING |  Transacción id 9024: Monto <= 0
2026-08-05 21:03:36,355 | WARNING |  Transacción id 9026: Monto <= 0
2026-08-05 21:03:36,355 | WARNING |  Transacción id 9037: Monto <= 0
2026-08-05 21:03:36,355 | WARNING |  Transacción id 9040: Inversor inválido
2026-08-05 21:03:36,355 | WARNING |  Transacción id 9048: Monto <= 0
2026-08-05 21:03:36,355 | WARNING |  Transacción id 9049: Monto <= 0
2026-08-05 21:03:36,356 | WARNING |  Transacción id 9059: Inversor inválido
2026-08-05 21:03:36,356 | WARNING |  Transacción id 9060: Inversor inválido
2026-08-05 21:03:36,356 | WARNING |  Transacción id 9065: Monto <= 0
2026-08-05 21:03:36,356 | WARNING |  Transacción id 9067: Monto <= 0
2026-08-05 21:03:36,356 | WARNING |  Transacción id 9073: Inversor inválido
2026-08-05 21:03:36,356 | WARNING |  Transacción id 9074: Monto <= 0
2026-08-05 21:03:36,356 | WARNING |  Transacción id 9078: Monto <= 0
2026-08-05 21:03:36,356 | WARNING |  Transacción id 9079: Inversor inválido
2026-08-05 21:03:36,356 | WARNING |  Transacción id 9081: Monto <= 0
2026-08-05 21:03:36,356 | WARNING |  Transacción id 9082: Monto <= 0
2026-08-05 21:03:36,357 | WARNING |  Transacción id 9084: Monto <= 0
2026-08-05 21:03:36,357 | WARNING |  Transacción id 9087: Monto <= 0
2026-08-05 21:03:36,357 | WARNING |  Transacción id 9091: Monto <= 0
2026-08-05 21:03:36,357 | WARNING |  Transacción id 9092: Inversor inválido
2026-08-05 21:03:36,357 | WARNING |  Transacción id 9096: Inversor inválido
2026-08-05 21:03:36,357 | WARNING |  Transacción id 9100: Monto <= 0
2026-08-05 21:03:36,357 | WARNING |  Transacción id 9101: Monto <= 0
2026-08-05 21:03:36,357 | WARNING |  Transacción id 9103: Inversor inválido
2026-08-05 21:03:36,357 | WARNING |  Transacción id 9106: Monto <= 0
2026-08-05 21:03:36,357 | WARNING |  Transacción id 9109: Monto <= 0
2026-08-05 21:03:36,357 | WARNING |  Transacción id 9114: Monto <= 0
2026-08-05 21:03:36,358 | WARNING |  Transacción id 9115: Monto <= 0
2026-08-05 21:03:36,358 | WARNING |  Transacción id 9117: Monto <= 0
2026-08-05 21:03:36,358 | WARNING |  Transacción id 9122: Monto <= 0
2026-08-05 21:03:36,358 | WARNING |  Transacción id 9135: Inversor inválido
2026-08-05 21:03:36,358 | WARNING |  Transacción id 9136: Monto <= 0
2026-08-05 21:03:36,358 | WARNING |  Transacción id 9142: Inversor inválido
2026-08-05 21:03:36,358 | WARNING |  Transacción id 9143: Monto <= 0
2026-08-05 21:03:36,358 | WARNING |  Transacción id 9151: Monto <= 0
2026-08-05 21:03:36,358 | WARNING |  Transacción id 9158: Monto <= 0
2026-08-05 21:03:36,358 | WARNING |  Transacción id 9159: Monto <= 0
2026-08-05 21:03:36,359 | WARNING |  Transacción id 9166: Monto <= 0
2026-08-05 21:03:36,359 | WARNING |  Transacción id 9168: Monto <= 0
2026-08-05 21:03:36,359 | WARNING |  Transacción id 9170: Inversor inválido
2026-08-05 21:03:36,359 | WARNING |  Transacción id 9171: Monto <= 0
2026-08-05 21:03:36,359 | WARNING |  Transacción id 9177: Inversor inválido
2026-08-05 21:03:36,359 | WARNING |  Transacción id 9180: Inversor inválido
2026-08-05 21:03:36,359 | WARNING |  Transacción id 9184: Inversor inválido
2026-08-05 21:03:36,359 | WARNING |  Transacción id 9189: Monto <= 0
2026-08-05 21:03:36,359 | WARNING |  Transacción id 9190: Inversor inválido
2026-08-05 21:03:36,360 | WARNING |  Transacción id 9192: Monto <= 0
2026-08-05 21:03:36,360 | WARNING |  Transacción id 9193: Inversor inválido
2026-08-05 21:03:36,360 | WARNING |  Transacción id 9194: Inversor inválido
2026-08-05 21:03:36,360 | WARNING |  Transacción id 9195: Monto <= 0
2026-08-05 21:03:36,360 | WARNING |  Transacción id 9196: Monto <= 0
2026-08-05 21:03:36,360 | WARNING |  Transacción id 9198: Monto <= 0
2026-08-05 21:03:36,360 | WARNING |  Transacción id 9200: Monto <= 0
2026-08-05 21:03:36,360 | WARNING |  Transacción id 9208: Monto <= 0
2026-08-05 21:03:36,360 | WARNING |  Transacción id 9211: Inversor inválido
2026-08-05 21:03:36,361 | WARNING |  Transacción id 9212: Inversor inválido
2026-08-05 21:03:36,361 | WARNING |  Transacción id 9214: Monto <= 0
2026-08-05 21:03:36,361 | WARNING |  Transacción id 9215: Monto <= 0
2026-08-05 21:03:36,361 | WARNING |  Transacción id 9224: Inversor inválido
2026-08-05 21:03:36,361 | WARNING |  Transacción id 9225: Monto <= 0
2026-08-05 21:03:36,361 | WARNING |  Transacción id 9229: Monto <= 0
2026-08-05 21:03:36,361 | WARNING |  Transacción id 9230: Inversor inválido
2026-08-05 21:03:36,361 | WARNING |  Transacción id 9233: Monto <= 0
2026-08-05 21:03:36,361 | WARNING |  Transacción id 9234: Monto <= 0
2026-08-05 21:03:36,361 | WARNING |  Transacción id 9249: Monto <= 0
2026-08-05 21:03:36,362 | WARNING |  Transacción id 9251: Monto <= 0
2026-08-05 21:03:36,362 | WARNING |  Transacción id 9253: Monto <= 0
2026-08-05 21:03:36,362 | WARNING |  Transacción id 9256: Monto <= 0
2026-08-05 21:03:36,362 | WARNING |  Transacción id 9257: Monto <= 0
2026-08-05 21:03:36,362 | WARNING |  Transacción id 9259: Monto <= 0
2026-08-05 21:03:36,362 | WARNING |  Transacción id 9265: Monto <= 0
2026-08-05 21:03:36,362 | WARNING |  Transacción id 9271: Inversor inválido
2026-08-05 21:03:36,362 | WARNING |  Transacción id 9273: Monto <= 0
2026-08-05 21:03:36,362 | WARNING |  Transacción id 9274: Inversor inválido
2026-08-05 21:03:36,363 | WARNING |  Transacción id 9276: Inversor inválido
2026-08-05 21:03:36,363 | WARNING |  Transacción id 9280: Inversor inválido
2026-08-05 21:03:36,363 | WARNING |  Transacción id 9284: Monto <= 0
2026-08-05 21:03:36,363 | WARNING |  Transacción id 9290: Inversor inválido
2026-08-05 21:03:36,363 | WARNING |  Transacción id 9293: Monto <= 0
2026-08-05 21:03:36,363 | WARNING |  Transacción id 9295: Monto <= 0
2026-08-05 21:03:36,363 | WARNING |  Transacción id 9298: Monto <= 0
2026-08-05 21:03:36,363 | WARNING |  Transacción id 9299: Inversor inválido
2026-08-05 21:03:36,363 | WARNING |  Transacción id 9300: Monto <= 0
2026-08-05 21:03:36,364 | WARNING |  Transacción id 9310: Inversor inválido
2026-08-05 21:03:36,364 | WARNING |  Transacción id 9311: Monto <= 0
2026-08-05 21:03:36,364 | WARNING |  Transacción id 9314: Monto <= 0
2026-08-05 21:03:36,364 | WARNING |  Transacción id 9315: Monto <= 0
2026-08-05 21:03:36,364 | WARNING |  Transacción id 9316: Inversor inválido
2026-08-05 21:03:36,365 | WARNING |  Transacción id 9317: Monto <= 0
2026-08-05 21:03:36,365 | WARNING |  Transacción id 9318: Inversor inválido
2026-08-05 21:03:36,365 | WARNING |  Transacción id 9319: Monto <= 0
2026-08-05 21:03:36,365 | WARNING |  Transacción id 9324: Monto <= 0
2026-08-05 21:03:36,365 | WARNING |  Transacción id 9326: Inversor inválido
2026-08-05 21:03:36,365 | WARNING |  Transacción id 9328: Monto <= 0
2026-08-05 21:03:36,365 | WARNING |  Transacción id 9340: Monto <= 0
2026-08-05 21:03:36,365 | WARNING |  Transacción id 9343: Inversor inválido
2026-08-05 21:03:36,366 | WARNING |  Transacción id 9346: Monto <= 0
2026-08-05 21:03:36,366 | WARNING |  Transacción id 9347: Inversor inválido
2026-08-05 21:03:36,366 | WARNING |  Transacción id 9348: Monto <= 0
2026-08-05 21:03:36,366 | WARNING |  Transacción id 9349: Monto <= 0
2026-08-05 21:03:36,366 | WARNING |  Transacción id 9350: Monto <= 0
2026-08-05 21:03:36,366 | WARNING |  Transacción id 9354: Monto <= 0
2026-08-05 21:03:36,366 | WARNING |  Transacción id 9359: Monto <= 0
2026-08-05 21:03:36,366 | WARNING |  Transacción id 9360: Monto <= 0
2026-08-05 21:03:36,366 | WARNING |  Transacción id 9366: Inversor inválido
2026-08-05 21:03:36,367 | WARNING |  Transacción id 9373: Monto <= 0
2026-08-05 21:03:36,367 | WARNING |  Transacción id 9378: Inversor inválido
2026-08-05 21:03:36,367 | WARNING |  Transacción id 9379: Monto <= 0
2026-08-05 21:03:36,367 | WARNING |  Transacción id 9380: Monto <= 0
2026-08-05 21:03:36,367 | WARNING |  Transacción id 9382: Inversor inválido
2026-08-05 21:03:36,367 | WARNING |  Transacción id 9383: Monto <= 0
2026-08-05 21:03:36,367 | WARNING |  Transacción id 9384: Monto <= 0
2026-08-05 21:03:36,367 | WARNING |  Transacción id 9385: Inversor inválido
2026-08-05 21:03:36,367 | WARNING |  Transacción id 9387: Inversor inválido
2026-08-05 21:03:36,367 | WARNING |  Transacción id 9391: Monto <= 0
2026-08-05 21:03:36,367 | WARNING |  Transacción id 9392: Inversor inválido
2026-08-05 21:03:36,367 | WARNING |  Transacción id 9396: Monto <= 0
2026-08-05 21:03:36,368 | WARNING |  Transacción id 9401: Inversor inválido
2026-08-05 21:03:36,368 | WARNING |  Transacción id 9402: Inversor inválido
2026-08-05 21:03:36,368 | WARNING |  Transacción id 9403: Inversor inválido
2026-08-05 21:03:36,368 | WARNING |  Transacción id 9407: Monto <= 0
2026-08-05 21:03:36,368 | WARNING |  Transacción id 9411: Monto <= 0
2026-08-05 21:03:36,368 | WARNING |  Transacción id 9417: Monto <= 0
2026-08-05 21:03:36,368 | WARNING |  Transacción id 9420: Monto <= 0
2026-08-05 21:03:36,368 | WARNING |  Transacción id 9427: Inversor inválido
2026-08-05 21:03:36,368 | WARNING |  Transacción id 9428: Monto <= 0
2026-08-05 21:03:36,368 | WARNING |  Transacción id 9434: Monto <= 0
2026-08-05 21:03:36,368 | WARNING |  Transacción id 9437: Monto <= 0
2026-08-05 21:03:36,369 | WARNING |  Transacción id 9442: Monto <= 0
2026-08-05 21:03:36,369 | WARNING |  Transacción id 9443: Monto <= 0
2026-08-05 21:03:36,369 | WARNING |  Transacción id 9444: Monto <= 0
2026-08-05 21:03:36,369 | WARNING |  Transacción id 9453: Inversor inválido
2026-08-05 21:03:36,369 | WARNING |  Transacción id 9455: Monto <= 0
2026-08-05 21:03:36,369 | WARNING |  Transacción id 9461: Monto <= 0
2026-08-05 21:03:36,369 | WARNING |  Transacción id 9467: Inversor inválido
2026-08-05 21:03:36,369 | WARNING |  Transacción id 9468: Inversor inválido
2026-08-05 21:03:36,369 | WARNING |  Transacción id 9469: Monto <= 0
2026-08-05 21:03:36,369 | WARNING |  Transacción id 9470: Monto <= 0
2026-08-05 21:03:36,370 | WARNING |  Transacción id 9474: Inversor inválido
2026-08-05 21:03:36,370 | WARNING |  Transacción id 9476: Monto <= 0
2026-08-05 21:03:36,370 | WARNING |  Transacción id 9478: Monto <= 0
2026-08-05 21:03:36,370 | WARNING |  Transacción id 9481: Monto <= 0
2026-08-05 21:03:36,370 | WARNING |  Transacción id 9484: Inversor inválido
2026-08-05 21:03:36,370 | WARNING |  Transacción id 9485: Monto <= 0
2026-08-05 21:03:36,370 | WARNING |  Transacción id 9487: Monto <= 0
2026-08-05 21:03:36,370 | WARNING |  Transacción id 9488: Inversor inválido
2026-08-05 21:03:36,371 | WARNING |  Transacción id 9489: Inversor inválido
2026-08-05 21:03:36,371 | WARNING |  Transacción id 9494: Monto <= 0
2026-08-05 21:03:36,371 | WARNING |  Transacción id 9503: Inversor inválido
2026-08-05 21:03:36,371 | WARNING |  Transacción id 9505: Inversor inválido
2026-08-05 21:03:36,371 | WARNING |  Transacción id 9509: Monto <= 0
2026-08-05 21:03:36,371 | WARNING |  Transacción id 9516: Monto <= 0
2026-08-05 21:03:36,371 | WARNING |  Transacción id 9518: Inversor inválido
2026-08-05 21:03:36,371 | WARNING |  Transacción id 9519: Inversor inválido
2026-08-05 21:03:36,371 | WARNING |  Transacción id 9521: Monto <= 0
2026-08-05 21:03:36,371 | WARNING |  Transacción id 9522: Monto <= 0
2026-08-05 21:03:36,371 | WARNING |  Transacción id 9523: Inversor inválido
2026-08-05 21:03:36,372 | WARNING |  Transacción id 9526: Inversor inválido
2026-08-05 21:03:36,372 | WARNING |  Transacción id 9528: Monto <= 0
2026-08-05 21:03:36,372 | WARNING |  Transacción id 9529: Monto <= 0
2026-08-05 21:03:36,372 | WARNING |  Transacción id 9531: Monto <= 0
2026-08-05 21:03:36,372 | WARNING |  Transacción id 9532: Inversor inválido
2026-08-05 21:03:36,372 | WARNING |  Transacción id 9537: Monto <= 0
2026-08-05 21:03:36,372 | WARNING |  Transacción id 9538: Monto <= 0
2026-08-05 21:03:36,372 | WARNING |  Transacción id 9549: Inversor inválido
2026-08-05 21:03:36,372 | WARNING |  Transacción id 9550: Inversor inválido
2026-08-05 21:03:36,372 | WARNING |  Transacción id 9553: Monto <= 0
2026-08-05 21:03:36,373 | WARNING |  Transacción id 9556: Monto <= 0
2026-08-05 21:03:36,373 | WARNING |  Transacción id 9563: Inversor inválido
2026-08-05 21:03:36,373 | WARNING |  Transacción id 9566: Inversor inválido
2026-08-05 21:03:36,373 | WARNING |  Transacción id 9572: Monto <= 0
2026-08-05 21:03:36,373 | WARNING |  Transacción id 9575: Monto <= 0
2026-08-05 21:03:36,373 | WARNING |  Transacción id 9577: Monto <= 0
2026-08-05 21:03:36,373 | WARNING |  Transacción id 9578: Inversor inválido
2026-08-05 21:03:36,373 | WARNING |  Transacción id 9579: Monto <= 0
2026-08-05 21:03:36,373 | WARNING |  Transacción id 9582: Monto <= 0
2026-08-05 21:03:36,373 | WARNING |  Transacción id 9590: Monto <= 0
2026-08-05 21:03:36,373 | WARNING |  Transacción id 9599: Monto <= 0
2026-08-05 21:03:36,373 | WARNING |  Transacción id 9600: Inversor inválido
2026-08-05 21:03:36,373 | WARNING |  Transacción id 9603: Monto <= 0
2026-08-05 21:03:36,374 | WARNING |  Transacción id 9604: Monto <= 0
2026-08-05 21:03:36,374 | WARNING |  Transacción id 9611: Inversor inválido
2026-08-05 21:03:36,374 | WARNING |  Transacción id 9613: Inversor inválido
2026-08-05 21:03:36,374 | WARNING |  Transacción id 9614: Monto <= 0
2026-08-05 21:03:36,374 | WARNING |  Transacción id 9615: Monto <= 0
2026-08-05 21:03:36,374 | WARNING |  Transacción id 9616: Inversor inválido
2026-08-05 21:03:36,374 | WARNING |  Transacción id 9619: Monto <= 0
2026-08-05 21:03:36,374 | WARNING |  Transacción id 9627: Inversor inválido
2026-08-05 21:03:36,375 | WARNING |  Transacción id 9628: Monto <= 0
2026-08-05 21:03:36,375 | WARNING |  Transacción id 9631: Monto <= 0
2026-08-05 21:03:36,375 | WARNING |  Transacción id 9643: Inversor inválido
2026-08-05 21:03:36,375 | WARNING |  Transacción id 9644: Inversor inválido
2026-08-05 21:03:36,375 | WARNING |  Transacción id 9646: Monto <= 0
2026-08-05 21:03:36,375 | WARNING |  Transacción id 9648: Monto <= 0
2026-08-05 21:03:36,375 | WARNING |  Transacción id 9651: Monto <= 0
2026-08-05 21:03:36,375 | WARNING |  Transacción id 9652: Monto <= 0
2026-08-05 21:03:36,375 | WARNING |  Transacción id 9653: Inversor inválido
2026-08-05 21:03:36,375 | WARNING |  Transacción id 9657: Inversor inválido
2026-08-05 21:03:36,375 | WARNING |  Transacción id 9658: Monto <= 0
2026-08-05 21:03:36,376 | WARNING |  Transacción id 9660: Monto <= 0
2026-08-05 21:03:36,376 | WARNING |  Transacción id 9663: Monto <= 0
2026-08-05 21:03:36,376 | WARNING |  Transacción id 9664: Monto <= 0
2026-08-05 21:03:36,376 | WARNING |  Transacción id 9670: Monto <= 0
2026-08-05 21:03:36,376 | WARNING |  Transacción id 9684: Inversor inválido
2026-08-05 21:03:36,376 | WARNING |  Transacción id 9686: Monto <= 0
2026-08-05 21:03:36,376 | WARNING |  Transacción id 9692: Inversor inválido
2026-08-05 21:03:36,376 | WARNING |  Transacción id 9710: Monto <= 0
2026-08-05 21:03:36,376 | WARNING |  Transacción id 9711: Monto <= 0
2026-08-05 21:03:36,376 | WARNING |  Transacción id 9716: Monto <= 0
2026-08-05 21:03:36,377 | WARNING |  Transacción id 9718: Monto <= 0
2026-08-05 21:03:36,377 | WARNING |  Transacción id 9720: Inversor inválido
2026-08-05 21:03:36,377 | WARNING |  Transacción id 9722: Monto <= 0
2026-08-05 21:03:36,377 | WARNING |  Transacción id 9724: Monto <= 0
2026-08-05 21:03:36,377 | WARNING |  Transacción id 9730: Inversor inválido
2026-08-05 21:03:36,377 | WARNING |  Transacción id 9732: Inversor inválido
2026-08-05 21:03:36,377 | WARNING |  Transacción id 9736: Monto <= 0
2026-08-05 21:03:36,377 | WARNING |  Transacción id 9737: Monto <= 0
2026-08-05 21:03:36,377 | WARNING |  Transacción id 9741: Inversor inválido
2026-08-05 21:03:36,377 | WARNING |  Transacción id 9743: Monto <= 0
2026-08-05 21:03:36,378 | WARNING |  Transacción id 9746: Monto <= 0
2026-08-05 21:03:36,378 | WARNING |  Transacción id 9756: Monto <= 0
2026-08-05 21:03:36,378 | WARNING |  Transacción id 9758: Monto <= 0
2026-08-05 21:03:36,378 | WARNING |  Transacción id 9764: Monto <= 0
2026-08-05 21:03:36,378 | WARNING |  Transacción id 9765: Monto <= 0
2026-08-05 21:03:36,378 | WARNING |  Transacción id 9773: Inversor inválido
2026-08-05 21:03:36,378 | WARNING |  Transacción id 9774: Monto <= 0
2026-08-05 21:03:36,378 | WARNING |  Transacción id 9776: Inversor inválido
2026-08-05 21:03:36,378 | WARNING |  Transacción id 9783: Monto <= 0
2026-08-05 21:03:36,378 | WARNING |  Transacción id 9784: Monto <= 0
2026-08-05 21:03:36,379 | WARNING |  Transacción id 9786: Inversor inválido
2026-08-05 21:03:36,379 | WARNING |  Transacción id 9790: Monto <= 0
2026-08-05 21:03:36,379 | WARNING |  Transacción id 9794: Inversor inválido
2026-08-05 21:03:36,379 | WARNING |  Transacción id 9795: Monto <= 0
2026-08-05 21:03:36,379 | WARNING |  Transacción id 9796: Monto <= 0
2026-08-05 21:03:36,379 | WARNING |  Transacción id 9797: Inversor inválido
2026-08-05 21:03:36,379 | WARNING |  Transacción id 9798: Monto <= 0
2026-08-05 21:03:36,379 | WARNING |  Transacción id 9805: Monto <= 0
2026-08-05 21:03:36,379 | WARNING |  Transacción id 9810: Inversor inválido
2026-08-05 21:03:36,380 | WARNING |  Transacción id 9811: Inversor inválido
2026-08-05 21:03:36,380 | WARNING |  Transacción id 9815: Inversor inválido
2026-08-05 21:03:36,380 | WARNING |  Transacción id 9816: Inversor inválido
2026-08-05 21:03:36,380 | WARNING |  Transacción id 9823: Inversor inválido
2026-08-05 21:03:36,380 | WARNING |  Transacción id 9826: Monto <= 0
2026-08-05 21:03:36,380 | WARNING |  Transacción id 9835: Monto <= 0
2026-08-05 21:03:36,380 | WARNING |  Transacción id 9840: Inversor inválido
2026-08-05 21:03:36,380 | WARNING |  Transacción id 9841: Inversor inválido
2026-08-05 21:03:36,380 | WARNING |  Transacción id 9844: Monto <= 0
2026-08-05 21:03:36,381 | WARNING |  Transacción id 9851: Monto <= 0
2026-08-05 21:03:36,381 | WARNING |  Transacción id 9852: Monto <= 0
2026-08-05 21:03:36,381 | WARNING |  Transacción id 9853: Inversor inválido
2026-08-05 21:03:36,381 | WARNING |  Transacción id 9855: Inversor inválido
2026-08-05 21:03:36,381 | WARNING |  Transacción id 9860: Monto <= 0
2026-08-05 21:03:36,381 | WARNING |  Transacción id 9861: Monto <= 0
2026-08-05 21:03:36,381 | WARNING |  Transacción id 9882: Monto <= 0
2026-08-05 21:03:36,381 | WARNING |  Transacción id 9884: Inversor inválido
2026-08-05 21:03:36,381 | WARNING |  Transacción id 9890: Monto <= 0
2026-08-05 21:03:36,382 | WARNING |  Transacción id 9892: Monto <= 0
2026-08-05 21:03:36,382 | WARNING |  Transacción id 9895: Monto <= 0
2026-08-05 21:03:36,382 | WARNING |  Transacción id 9898: Inversor inválido
2026-08-05 21:03:36,382 | WARNING |  Transacción id 9902: Monto <= 0
2026-08-05 21:03:36,382 | WARNING |  Transacción id 9906: Monto <= 0
2026-08-05 21:03:36,382 | WARNING |  Transacción id 9913: Inversor inválido
2026-08-05 21:03:36,382 | WARNING |  Transacción id 9919: Monto <= 0
2026-08-05 21:03:36,382 | WARNING |  Transacción id 9920: Monto <= 0
2026-08-05 21:03:36,383 | WARNING |  Transacción id 9925: Monto <= 0
2026-08-05 21:03:36,383 | WARNING |  Transacción id 9926: Monto <= 0
2026-08-05 21:03:36,383 | WARNING |  Transacción id 9931: Inversor inválido
2026-08-05 21:03:36,383 | WARNING |  Transacción id 9933: Monto <= 0
2026-08-05 21:03:36,383 | WARNING |  Transacción id 9937: Inversor inválido
2026-08-05 21:03:36,383 | WARNING |  Transacción id 9938: Inversor inválido
2026-08-05 21:03:36,383 | WARNING |  Transacción id 9947: Inversor inválido
2026-08-05 21:03:36,383 | WARNING |  Transacción id 9948: Monto <= 0
2026-08-05 21:03:36,383 | WARNING |  Transacción id 9950: Monto <= 0
2026-08-05 21:03:36,383 | WARNING |  Transacción id 9955: Inversor inválido
2026-08-05 21:03:36,384 | WARNING |  Transacción id 9957: Monto <= 0
2026-08-05 21:03:36,384 | WARNING |  Transacción id 9959: Inversor inválido
2026-08-05 21:03:36,384 | WARNING |  Transacción id 9960: Monto <= 0
2026-08-05 21:03:36,384 | WARNING |  Transacción id 9963: Inversor inválido
2026-08-05 21:03:36,384 | WARNING |  Transacción id 9965: Inversor inválido
2026-08-05 21:03:36,384 | WARNING |  Transacción id 9968: Monto <= 0
2026-08-05 21:03:36,384 | WARNING |  Transacción id 9975: Monto <= 0
2026-08-05 21:03:36,384 | WARNING |  Transacción id 9977: Monto <= 0
2026-08-05 21:03:36,384 | WARNING |  Transacción id 9979: Monto <= 0
2026-08-05 21:03:36,385 | WARNING |  Transacción id 9982: Monto <= 0
2026-08-05 21:03:36,385 | WARNING |  Transacción id 9983: Monto <= 0
2026-08-05 21:03:36,385 | WARNING |  Transacción id 9986: Inversor inválido
2026-08-05 21:03:36,385 | WARNING |  Transacción id 9987: Monto <= 0
2026-08-05 21:03:36,385 | WARNING |  Transacción id 9988: Monto <= 0
2026-08-05 21:03:36,385 | WARNING |  Transacción id 9990: Monto <= 0
2026-08-05 21:03:36,385 | WARNING |  Transacción id 9991: Inversor inválido
2026-08-05 21:03:36,385 | WARNING |  Transacción id 9996: Monto <= 0
2026-08-05 21:03:36,385 | WARNING |  Transacción id 10003: Inversor inválido
2026-08-05 21:03:36,385 | WARNING |  Transacción id 10005: Inversor inválido
2026-08-05 21:03:36,386 | WARNING |  Transacción id 10032: Inversor inválido
2026-08-05 21:03:36,386 | INFO | ----- FIN DEL REPORTE -----
2026-08-05 21:03:36,386 | INFO | Proceso ETL finalizado con éxito.
2026-08-05 21:03:36,419 | INFO | Registro de ejecución insertado en la tabla de control: estado=ÉXITO
2026-08-05 21:03:39,101 | INFO | Notificación por mail enviada.
